Running with debug output on for the `find` commands.
CMake Debug Log at /home/gridtest/opt/cmake-4.4.0-linux-x86_64/share/cmake-4.4/Modules/CMakeDetermineSystem.cmake:12 (find_program):
  find_program called with the following settings:

    VAR: CMAKE_UNAME
    NAMES: "uname"
    Documentation: Path to a program.
    Framework
      Only Search Frameworks: 0
      Search Frameworks Last: 0
      Search Frameworks First: 0
    AppBundle
      Only Search AppBundle: 0
      Search AppBundle Last: 0
      Search AppBundle First: 0
    CMAKE_FIND_USE_CMAKE_PATH: 1
    CMAKE_FIND_USE_CMAKE_ENVIRONMENT_PATH: 1
    CMAKE_FIND_USE_SYSTEM_ENVIRONMENT_PATH: 1
    CMAKE_FIND_USE_CMAKE_SYSTEM_PATH: 1
    CMAKE_FIND_USE_INSTALL_PREFIX: 1

  find_program considered the following locations:

    /home/gridtest/opt/openmpi-5.0.10/bin/uname
    /home/gridtest/opt/cmake-4.4.0-linux-x86_64/bin/uname
    /usr/local/cuda-13.2/bin/uname
    /usr/local/sbin/uname
    /usr/local/bin/uname
    /usr/sbin/uname

  The item was found at

    /usr/bin/uname

Call Stack (most recent call first):
  CMakeLists.txt:2 (project)


CMake Debug Log at /home/gridtest/opt/cmake-4.4.0-linux-x86_64/share/cmake-4.4/Modules/CMakeUnixFindMake.cmake:5 (find_program):
  find_program called with the following settings:

    VAR: CMAKE_MAKE_PROGRAM
    NAMES: "gmake"
           "make"
           "smake"
    Documentation: Path to a program.
    Framework
      Only Search Frameworks: 0
      Search Frameworks Last: 0
      Search Frameworks First: 0
    AppBundle
      Only Search AppBundle: 0
      Search AppBundle Last: 0
      Search AppBundle First: 0
    CMAKE_FIND_USE_CMAKE_PATH: 1
    CMAKE_FIND_USE_CMAKE_ENVIRONMENT_PATH: 1
    CMAKE_FIND_USE_SYSTEM_ENVIRONMENT_PATH: 1
    CMAKE_FIND_USE_CMAKE_SYSTEM_PATH: 1
    CMAKE_FIND_USE_INSTALL_PREFIX: 1

  find_program considered the following locations:

    /home/gridtest/opt/openmpi-5.0.10/bin/gmake
    /home/gridtest/opt/cmake-4.4.0-linux-x86_64/bin/gmake
    /usr/local/cuda-13.2/bin/gmake
    /usr/local/sbin/gmake
    /usr/local/bin/gmake
    /usr/sbin/gmake

  The item was found at

    /usr/bin/gmake

Call Stack (most recent call first):
  CMakeLists.txt:2 (project)


CMake Debug Log at /home/gridtest/opt/cmake-4.4.0-linux-x86_64/share/cmake-4.4/Modules/CMakeDetermineCompiler.cmake:73 (find_program):
  find_program called with the following settings:

    VAR: CMAKE_CXX_COMPILER
    NAMES: "c++"
           "CC"
           "g++"
           "aCC"
           "cl"
           "bcc"
           "xlC"
           "icpx"
           "icx"
           "clang++"
    Documentation: CXX compiler
    Framework
      Only Search Frameworks: 0
      Search Frameworks Last: 0
      Search Frameworks First: 0
    AppBundle
      Only Search AppBundle: 0
      Search AppBundle Last: 0
      Search AppBundle First: 0
    CMAKE_FIND_USE_CMAKE_PATH: 1
    CMAKE_FIND_USE_CMAKE_ENVIRONMENT_PATH: 1
    CMAKE_FIND_USE_SYSTEM_ENVIRONMENT_PATH: 1
    CMAKE_FIND_USE_CMAKE_SYSTEM_PATH: 1
    CMAKE_FIND_USE_INSTALL_PREFIX: 1

  find_program considered the following locations:

    /home/gridtest/opt/openmpi-5.0.10/bin/c++
    /home/gridtest/opt/cmake-4.4.0-linux-x86_64/bin/c++
    /usr/local/cuda-13.2/bin/c++
    /usr/local/sbin/c++
    /usr/local/bin/c++
    /usr/sbin/c++

  The item was found at

    /usr/bin/c++

Call Stack (most recent call first):
  /home/gridtest/opt/cmake-4.4.0-linux-x86_64/share/cmake-4.4/Modules/CMakeDetermineCXXCompiler.cmake:69 (_cmake_find_compiler)
  CMakeLists.txt:2 (project)


CMake Debug Log at /home/gridtest/opt/cmake-4.4.0-linux-x86_64/share/cmake-4.4/Modules/CMakeDetermineCompilerId.cmake:501 (find_file):
  find_file called with the following settings:

    VAR: src_in
    NAMES: "CMakeCXXCompilerId.cpp.in"
    Documentation: Path to a file.
    Framework
      Only Search Frameworks: 0
      Search Frameworks Last: 0
      Search Frameworks First: 0
    AppBundle
      Only Search AppBundle: 0
      Search AppBundle Last: 0
      Search AppBundle First: 0
    NO_DEFAULT_PATH Enabled

  find_file considered the following locations:

  The item was found at

    /home/gridtest/opt/cmake-4.4.0-linux-x86_64/share/cmake-4.4/Modules/CMakeCXXCompilerId.cpp.in

Call Stack (most recent call first):
  /home/gridtest/opt/cmake-4.4.0-linux-x86_64/share/cmake-4.4/Modules/CMakeDetermineCompilerId.cmake:538 (CMAKE_DETERMINE_COMPILER_ID_WRITE)
  /home/gridtest/opt/cmake-4.4.0-linux-x86_64/share/cmake-4.4/Modules/CMakeDetermineCompilerId.cmake:8 (CMAKE_DETERMINE_COMPILER_ID_BUILD)
  /home/gridtest/opt/cmake-4.4.0-linux-x86_64/share/cmake-4.4/Modules/CMakeDetermineCompilerId.cmake:64 (__determine_compiler_id_test)
  /home/gridtest/opt/cmake-4.4.0-linux-x86_64/share/cmake-4.4/Modules/CMakeDetermineCXXCompiler.cmake:125 (CMAKE_DETERMINE_COMPILER_ID)
  CMakeLists.txt:2 (project)


-- The CXX compiler identification is GNU 11.4.0
CMake Debug Log at /home/gridtest/opt/cmake-4.4.0-linux-x86_64/share/cmake-4.4/Modules/CMakeFindBinUtils.cmake:247 (find_program):
  find_program called with the following settings:

    VAR: CMAKE_AR
    NAMES: "ar"
    Documentation: Path to a program.
    Framework
      Only Search Frameworks: 0
      Search Frameworks Last: 0
      Search Frameworks First: 0
    AppBundle
      Only Search AppBundle: 0
      Search AppBundle Last: 0
      Search AppBundle First: 0
    CMAKE_FIND_USE_CMAKE_PATH: 0
    CMAKE_FIND_USE_CMAKE_ENVIRONMENT_PATH: 0
    CMAKE_FIND_USE_SYSTEM_ENVIRONMENT_PATH: 1
    CMAKE_FIND_USE_CMAKE_SYSTEM_PATH: 1
    CMAKE_FIND_USE_INSTALL_PREFIX: 1

  find_program considered the following locations:

  The item was found at

    /usr/bin/ar

Call Stack (most recent call first):
  /home/gridtest/opt/cmake-4.4.0-linux-x86_64/share/cmake-4.4/Modules/CMakeDetermineCXXCompiler.cmake:206 (include)
  CMakeLists.txt:2 (project)


CMake Debug Log at /home/gridtest/opt/cmake-4.4.0-linux-x86_64/share/cmake-4.4/Modules/CMakeFindBinUtils.cmake:247 (find_program):
  find_program called with the following settings:

    VAR: CMAKE_RANLIB
    NAMES: "ranlib"
    Documentation: Path to a program.
    Framework
      Only Search Frameworks: 0
      Search Frameworks Last: 0
      Search Frameworks First: 0
    AppBundle
      Only Search AppBundle: 0
      Search AppBundle Last: 0
      Search AppBundle First: 0
    CMAKE_FIND_USE_CMAKE_PATH: 0
    CMAKE_FIND_USE_CMAKE_ENVIRONMENT_PATH: 0
    CMAKE_FIND_USE_SYSTEM_ENVIRONMENT_PATH: 1
    CMAKE_FIND_USE_CMAKE_SYSTEM_PATH: 1
    CMAKE_FIND_USE_INSTALL_PREFIX: 1

  find_program considered the following locations:

  The item was found at

    /usr/bin/ranlib

Call Stack (most recent call first):
  /home/gridtest/opt/cmake-4.4.0-linux-x86_64/share/cmake-4.4/Modules/CMakeDetermineCXXCompiler.cmake:206 (include)
  CMakeLists.txt:2 (project)


CMake Debug Log at /home/gridtest/opt/cmake-4.4.0-linux-x86_64/share/cmake-4.4/Modules/CMakeFindBinUtils.cmake:247 (find_program):
  find_program called with the following settings:

    VAR: CMAKE_STRIP
    NAMES: "strip"
    Documentation: Path to a program.
    Framework
      Only Search Frameworks: 0
      Search Frameworks Last: 0
      Search Frameworks First: 0
    AppBundle
      Only Search AppBundle: 0
      Search AppBundle Last: 0
      Search AppBundle First: 0
    CMAKE_FIND_USE_CMAKE_PATH: 0
    CMAKE_FIND_USE_CMAKE_ENVIRONMENT_PATH: 0
    CMAKE_FIND_USE_SYSTEM_ENVIRONMENT_PATH: 1
    CMAKE_FIND_USE_CMAKE_SYSTEM_PATH: 1
    CMAKE_FIND_USE_INSTALL_PREFIX: 1

  find_program considered the following locations:

  The item was found at

    /usr/bin/strip

Call Stack (most recent call first):
  /home/gridtest/opt/cmake-4.4.0-linux-x86_64/share/cmake-4.4/Modules/CMakeDetermineCXXCompiler.cmake:206 (include)
  CMakeLists.txt:2 (project)


CMake Debug Log at /home/gridtest/opt/cmake-4.4.0-linux-x86_64/share/cmake-4.4/Modules/CMakeFindBinUtils.cmake:247 (find_program):
  find_program called with the following settings:

    VAR: CMAKE_LINKER
    NAMES: "ld"
    Documentation: Path to a program.
    Framework
      Only Search Frameworks: 0
      Search Frameworks Last: 0
      Search Frameworks First: 0
    AppBundle
      Only Search AppBundle: 0
      Search AppBundle Last: 0
      Search AppBundle First: 0
    CMAKE_FIND_USE_CMAKE_PATH: 0
    CMAKE_FIND_USE_CMAKE_ENVIRONMENT_PATH: 0
    CMAKE_FIND_USE_SYSTEM_ENVIRONMENT_PATH: 1
    CMAKE_FIND_USE_CMAKE_SYSTEM_PATH: 1
    CMAKE_FIND_USE_INSTALL_PREFIX: 1

  find_program considered the following locations:

  The item was found at

    /usr/bin/ld

Call Stack (most recent call first):
  /home/gridtest/opt/cmake-4.4.0-linux-x86_64/share/cmake-4.4/Modules/CMakeDetermineCXXCompiler.cmake:206 (include)
  CMakeLists.txt:2 (project)


CMake Debug Log at /home/gridtest/opt/cmake-4.4.0-linux-x86_64/share/cmake-4.4/Modules/CMakeFindBinUtils.cmake:247 (find_program):
  find_program called with the following settings:

    VAR: CMAKE_NM
    NAMES: "nm"
    Documentation: Path to a program.
    Framework
      Only Search Frameworks: 0
      Search Frameworks Last: 0
      Search Frameworks First: 0
    AppBundle
      Only Search AppBundle: 0
      Search AppBundle Last: 0
      Search AppBundle First: 0
    CMAKE_FIND_USE_CMAKE_PATH: 0
    CMAKE_FIND_USE_CMAKE_ENVIRONMENT_PATH: 0
    CMAKE_FIND_USE_SYSTEM_ENVIRONMENT_PATH: 1
    CMAKE_FIND_USE_CMAKE_SYSTEM_PATH: 1
    CMAKE_FIND_USE_INSTALL_PREFIX: 1

  find_program considered the following locations:

  The item was found at

    /usr/bin/nm

Call Stack (most recent call first):
  /home/gridtest/opt/cmake-4.4.0-linux-x86_64/share/cmake-4.4/Modules/CMakeDetermineCXXCompiler.cmake:206 (include)
  CMakeLists.txt:2 (project)


CMake Debug Log at /home/gridtest/opt/cmake-4.4.0-linux-x86_64/share/cmake-4.4/Modules/CMakeFindBinUtils.cmake:247 (find_program):
  find_program called with the following settings:

    VAR: CMAKE_OBJDUMP
    NAMES: "objdump"
    Documentation: Path to a program.
    Framework
      Only Search Frameworks: 0
      Search Frameworks Last: 0
      Search Frameworks First: 0
    AppBundle
      Only Search AppBundle: 0
      Search AppBundle Last: 0
      Search AppBundle First: 0
    CMAKE_FIND_USE_CMAKE_PATH: 0
    CMAKE_FIND_USE_CMAKE_ENVIRONMENT_PATH: 0
    CMAKE_FIND_USE_SYSTEM_ENVIRONMENT_PATH: 1
    CMAKE_FIND_USE_CMAKE_SYSTEM_PATH: 1
    CMAKE_FIND_USE_INSTALL_PREFIX: 1

  find_program considered the following locations:

  The item was found at

    /usr/bin/objdump

Call Stack (most recent call first):
  /home/gridtest/opt/cmake-4.4.0-linux-x86_64/share/cmake-4.4/Modules/CMakeDetermineCXXCompiler.cmake:206 (include)
  CMakeLists.txt:2 (project)


CMake Debug Log at /home/gridtest/opt/cmake-4.4.0-linux-x86_64/share/cmake-4.4/Modules/CMakeFindBinUtils.cmake:247 (find_program):
  find_program called with the following settings:

    VAR: CMAKE_OBJCOPY
    NAMES: "objcopy"
    Documentation: Path to a program.
    Framework
      Only Search Frameworks: 0
      Search Frameworks Last: 0
      Search Frameworks First: 0
    AppBundle
      Only Search AppBundle: 0
      Search AppBundle Last: 0
      Search AppBundle First: 0
    CMAKE_FIND_USE_CMAKE_PATH: 0
    CMAKE_FIND_USE_CMAKE_ENVIRONMENT_PATH: 0
    CMAKE_FIND_USE_SYSTEM_ENVIRONMENT_PATH: 1
    CMAKE_FIND_USE_CMAKE_SYSTEM_PATH: 1
    CMAKE_FIND_USE_INSTALL_PREFIX: 1

  find_program considered the following locations:

  The item was found at

    /usr/bin/objcopy

Call Stack (most recent call first):
  /home/gridtest/opt/cmake-4.4.0-linux-x86_64/share/cmake-4.4/Modules/CMakeDetermineCXXCompiler.cmake:206 (include)
  CMakeLists.txt:2 (project)


CMake Debug Log at /home/gridtest/opt/cmake-4.4.0-linux-x86_64/share/cmake-4.4/Modules/CMakeFindBinUtils.cmake:247 (find_program):
  find_program called with the following settings:

    VAR: CMAKE_READELF
    NAMES: "readelf"
    Documentation: Path to a program.
    Framework
      Only Search Frameworks: 0
      Search Frameworks Last: 0
      Search Frameworks First: 0
    AppBundle
      Only Search AppBundle: 0
      Search AppBundle Last: 0
      Search AppBundle First: 0
    CMAKE_FIND_USE_CMAKE_PATH: 0
    CMAKE_FIND_USE_CMAKE_ENVIRONMENT_PATH: 0
    CMAKE_FIND_USE_SYSTEM_ENVIRONMENT_PATH: 1
    CMAKE_FIND_USE_CMAKE_SYSTEM_PATH: 1
    CMAKE_FIND_USE_INSTALL_PREFIX: 1

  find_program considered the following locations:

  The item was found at

    /usr/bin/readelf

Call Stack (most recent call first):
  /home/gridtest/opt/cmake-4.4.0-linux-x86_64/share/cmake-4.4/Modules/CMakeDetermineCXXCompiler.cmake:206 (include)
  CMakeLists.txt:2 (project)


CMake Debug Log at /home/gridtest/opt/cmake-4.4.0-linux-x86_64/share/cmake-4.4/Modules/CMakeFindBinUtils.cmake:247 (find_program):
  find_program called with the following settings:

    VAR: CMAKE_DLLTOOL
    NAMES: "dlltool"
    Documentation: Path to a program.
    Framework
      Only Search Frameworks: 0
      Search Frameworks Last: 0
      Search Frameworks First: 0
    AppBundle
      Only Search AppBundle: 0
      Search AppBundle Last: 0
      Search AppBundle First: 0
    CMAKE_FIND_USE_CMAKE_PATH: 0
    CMAKE_FIND_USE_CMAKE_ENVIRONMENT_PATH: 0
    CMAKE_FIND_USE_SYSTEM_ENVIRONMENT_PATH: 1
    CMAKE_FIND_USE_CMAKE_SYSTEM_PATH: 1
    CMAKE_FIND_USE_INSTALL_PREFIX: 1

  find_program considered the following locations:

    /usr/bin/dlltool
    /home/gridtest/opt/openmpi-5.0.10/bin/dlltool
    /home/gridtest/opt/cmake-4.4.0-linux-x86_64/bin/dlltool
    /usr/local/cuda-13.2/bin/dlltool
    /usr/local/sbin/dlltool
    /usr/local/bin/dlltool
    /usr/sbin/dlltool
    /sbin/dlltool
    /bin/dlltool
    /usr/games/dlltool
    /usr/local/games/dlltool
    /snap/bin/dlltool

  The item was not found.

Call Stack (most recent call first):
  /home/gridtest/opt/cmake-4.4.0-linux-x86_64/share/cmake-4.4/Modules/CMakeDetermineCXXCompiler.cmake:206 (include)
  CMakeLists.txt:2 (project)


CMake Debug Log at /home/gridtest/opt/cmake-4.4.0-linux-x86_64/share/cmake-4.4/Modules/CMakeFindBinUtils.cmake:247 (find_program):
  find_program called with the following settings:

    VAR: CMAKE_ADDR2LINE
    NAMES: "addr2line"
    Documentation: Path to a program.
    Framework
      Only Search Frameworks: 0
      Search Frameworks Last: 0
      Search Frameworks First: 0
    AppBundle
      Only Search AppBundle: 0
      Search AppBundle Last: 0
      Search AppBundle First: 0
    CMAKE_FIND_USE_CMAKE_PATH: 0
    CMAKE_FIND_USE_CMAKE_ENVIRONMENT_PATH: 0
    CMAKE_FIND_USE_SYSTEM_ENVIRONMENT_PATH: 1
    CMAKE_FIND_USE_CMAKE_SYSTEM_PATH: 1
    CMAKE_FIND_USE_INSTALL_PREFIX: 1

  find_program considered the following locations:

  The item was found at

    /usr/bin/addr2line

Call Stack (most recent call first):
  /home/gridtest/opt/cmake-4.4.0-linux-x86_64/share/cmake-4.4/Modules/CMakeDetermineCXXCompiler.cmake:206 (include)
  CMakeLists.txt:2 (project)


CMake Debug Log at /home/gridtest/opt/cmake-4.4.0-linux-x86_64/share/cmake-4.4/Modules/CMakeFindBinUtils.cmake:247 (find_program):
  find_program called with the following settings:

    VAR: CMAKE_TAPI
    NAMES: "tapi"
    Documentation: Path to a program.
    Framework
      Only Search Frameworks: 0
      Search Frameworks Last: 0
      Search Frameworks First: 0
    AppBundle
      Only Search AppBundle: 0
      Search AppBundle Last: 0
      Search AppBundle First: 0
    CMAKE_FIND_USE_CMAKE_PATH: 0
    CMAKE_FIND_USE_CMAKE_ENVIRONMENT_PATH: 0
    CMAKE_FIND_USE_SYSTEM_ENVIRONMENT_PATH: 1
    CMAKE_FIND_USE_CMAKE_SYSTEM_PATH: 1
    CMAKE_FIND_USE_INSTALL_PREFIX: 1

  find_program considered the following locations:

    /usr/bin/tapi
    /home/gridtest/opt/openmpi-5.0.10/bin/tapi
    /home/gridtest/opt/cmake-4.4.0-linux-x86_64/bin/tapi
    /usr/local/cuda-13.2/bin/tapi
    /usr/local/sbin/tapi
    /usr/local/bin/tapi
    /usr/sbin/tapi
    /sbin/tapi
    /bin/tapi
    /usr/games/tapi
    /usr/local/games/tapi
    /snap/bin/tapi

  The item was not found.

Call Stack (most recent call first):
  /home/gridtest/opt/cmake-4.4.0-linux-x86_64/share/cmake-4.4/Modules/CMakeDetermineCXXCompiler.cmake:206 (include)
  CMakeLists.txt:2 (project)


CMake Debug Log at /home/gridtest/opt/cmake-4.4.0-linux-x86_64/share/cmake-4.4/Modules/Compiler/GNU-FindBinUtils.cmake:18 (find_program):
  find_program called with the following settings:

    VAR: CMAKE_CXX_COMPILER_AR
    NAMES: "gcc-ar-11.4"
           "gcc-ar-11"
           "gcc-ar11"
           "gcc-ar"
    Documentation: A wrapper around 'ar' adding the appropriate '--plugin' option for the GCC compiler
    Framework
      Only Search Frameworks: 0
      Search Frameworks Last: 0
      Search Frameworks First: 0
    AppBundle
      Only Search AppBundle: 0
      Search AppBundle Last: 0
      Search AppBundle First: 0
    CMAKE_FIND_USE_CMAKE_PATH: 0
    CMAKE_FIND_USE_CMAKE_ENVIRONMENT_PATH: 0
    CMAKE_FIND_USE_SYSTEM_ENVIRONMENT_PATH: 1
    CMAKE_FIND_USE_CMAKE_SYSTEM_PATH: 1
    CMAKE_FIND_USE_INSTALL_PREFIX: 1

  find_program considered the following locations:

    /usr/bin/gcc-ar-11.4
    /home/gridtest/opt/openmpi-5.0.10/bin/gcc-ar-11.4
    /home/gridtest/opt/cmake-4.4.0-linux-x86_64/bin/gcc-ar-11.4
    /usr/local/cuda-13.2/bin/gcc-ar-11.4
    /usr/local/sbin/gcc-ar-11.4
    /usr/local/bin/gcc-ar-11.4
    /usr/sbin/gcc-ar-11.4
    /sbin/gcc-ar-11.4
    /bin/gcc-ar-11.4
    /usr/games/gcc-ar-11.4
    /usr/local/games/gcc-ar-11.4
    /snap/bin/gcc-ar-11.4

  The item was found at

    /usr/bin/gcc-ar-11

Call Stack (most recent call first):
  /home/gridtest/opt/cmake-4.4.0-linux-x86_64/share/cmake-4.4/Modules/CMakeDetermineCXXCompiler.cmake:207 (include)
  CMakeLists.txt:2 (project)


CMake Debug Log at /home/gridtest/opt/cmake-4.4.0-linux-x86_64/share/cmake-4.4/Modules/Compiler/GNU-FindBinUtils.cmake:30 (find_program):
  find_program called with the following settings:

    VAR: CMAKE_CXX_COMPILER_RANLIB
    NAMES: "gcc-ranlib-11.4"
           "gcc-ranlib-11"
           "gcc-ranlib11"
           "gcc-ranlib"
    Documentation: A wrapper around 'ranlib' adding the appropriate '--plugin' option for the GCC compiler
    Framework
      Only Search Frameworks: 0
      Search Frameworks Last: 0
      Search Frameworks First: 0
    AppBundle
      Only Search AppBundle: 0
      Search AppBundle Last: 0
      Search AppBundle First: 0
    CMAKE_FIND_USE_CMAKE_PATH: 0
    CMAKE_FIND_USE_CMAKE_ENVIRONMENT_PATH: 0
    CMAKE_FIND_USE_SYSTEM_ENVIRONMENT_PATH: 1
    CMAKE_FIND_USE_CMAKE_SYSTEM_PATH: 1
    CMAKE_FIND_USE_INSTALL_PREFIX: 1

  find_program considered the following locations:

    /usr/bin/gcc-ranlib-11.4
    /home/gridtest/opt/openmpi-5.0.10/bin/gcc-ranlib-11.4
    /home/gridtest/opt/cmake-4.4.0-linux-x86_64/bin/gcc-ranlib-11.4
    /usr/local/cuda-13.2/bin/gcc-ranlib-11.4
    /usr/local/sbin/gcc-ranlib-11.4
    /usr/local/bin/gcc-ranlib-11.4
    /usr/sbin/gcc-ranlib-11.4
    /sbin/gcc-ranlib-11.4
    /bin/gcc-ranlib-11.4
    /usr/games/gcc-ranlib-11.4
    /usr/local/games/gcc-ranlib-11.4
    /snap/bin/gcc-ranlib-11.4

  The item was found at

    /usr/bin/gcc-ranlib-11

Call Stack (most recent call first):
  /home/gridtest/opt/cmake-4.4.0-linux-x86_64/share/cmake-4.4/Modules/CMakeDetermineCXXCompiler.cmake:207 (include)
  CMakeLists.txt:2 (project)


CMake Debug Log at /home/gridtest/opt/cmake-4.4.0-linux-x86_64/share/cmake-4.4/Modules/CMakeDetermineCompiler.cmake:54 (find_program):
  find_program called with the following settings:

    VAR: CMAKE_CUDA_COMPILER
    NAMES: "nvcc"
    Documentation: CUDA compiler
    Framework
      Only Search Frameworks: 0
      Search Frameworks Last: 0
      Search Frameworks First: 0
    AppBundle
      Only Search AppBundle: 0
      Search AppBundle Last: 0
      Search AppBundle First: 0
    NO_DEFAULT_PATH Enabled

  find_program considered the following locations:

    /usr/bin/nvcc

  The item was not found.

Call Stack (most recent call first):
  /home/gridtest/opt/cmake-4.4.0-linux-x86_64/share/cmake-4.4/Modules/CMakeDetermineCUDACompiler.cmake:39 (_cmake_find_compiler)
  CMakeLists.txt:2 (project)


CMake Debug Log at /home/gridtest/opt/cmake-4.4.0-linux-x86_64/share/cmake-4.4/Modules/CMakeDetermineCompiler.cmake:73 (find_program):
  find_program called with the following settings:

    VAR: CMAKE_CUDA_COMPILER
    NAMES: "nvcc"
    Documentation: CUDA compiler
    Framework
      Only Search Frameworks: 0
      Search Frameworks Last: 0
      Search Frameworks First: 0
    AppBundle
      Only Search AppBundle: 0
      Search AppBundle Last: 0
      Search AppBundle First: 0
    CMAKE_FIND_USE_CMAKE_PATH: 1
    CMAKE_FIND_USE_CMAKE_ENVIRONMENT_PATH: 1
    CMAKE_FIND_USE_SYSTEM_ENVIRONMENT_PATH: 1
    CMAKE_FIND_USE_CMAKE_SYSTEM_PATH: 1
    CMAKE_FIND_USE_INSTALL_PREFIX: 1

  find_program considered the following locations:

    /home/gridtest/opt/openmpi-5.0.10/bin/nvcc
    /home/gridtest/opt/cmake-4.4.0-linux-x86_64/bin/nvcc

  The item was found at

    /usr/local/cuda-13.2/bin/nvcc

Call Stack (most recent call first):
  /home/gridtest/opt/cmake-4.4.0-linux-x86_64/share/cmake-4.4/Modules/CMakeDetermineCUDACompiler.cmake:39 (_cmake_find_compiler)
  CMakeLists.txt:2 (project)


CMake Debug Log at /home/gridtest/opt/cmake-4.4.0-linux-x86_64/share/cmake-4.4/Modules/CMakeDetermineCompiler.cmake:76 (find_program):
  find_program called with the following settings:

    VAR: CMAKE_CUDA_COMPILER
    NAMES: 
    Documentation: CUDA compiler
    Framework
      Only Search Frameworks: 0
      Search Frameworks Last: 0
      Search Frameworks First: 0
    AppBundle
      Only Search AppBundle: 0
      Search AppBundle Last: 0
      Search AppBundle First: 0
    CMAKE_FIND_USE_CMAKE_PATH: 1
    CMAKE_FIND_USE_CMAKE_ENVIRONMENT_PATH: 1
    CMAKE_FIND_USE_SYSTEM_ENVIRONMENT_PATH: 1
    CMAKE_FIND_USE_CMAKE_SYSTEM_PATH: 1
    CMAKE_FIND_USE_INSTALL_PREFIX: 1

  find_program considered the following locations:

  The item was found at

    /usr/local/cuda-13.2/bin/nvcc

Call Stack (most recent call first):
  /home/gridtest/opt/cmake-4.4.0-linux-x86_64/share/cmake-4.4/Modules/CMakeDetermineCUDACompiler.cmake:39 (_cmake_find_compiler)
  CMakeLists.txt:2 (project)


CMake Debug Log at /home/gridtest/opt/cmake-4.4.0-linux-x86_64/share/cmake-4.4/Modules/CMakeDetermineCompilerId.cmake:501 (find_file):
  find_file called with the following settings:

    VAR: src_in
    NAMES: "CMakeCUDACompilerId.cu.in"
    Documentation: Path to a file.
    Framework
      Only Search Frameworks: 0
      Search Frameworks Last: 0
      Search Frameworks First: 0
    AppBundle
      Only Search AppBundle: 0
      Search AppBundle Last: 0
      Search AppBundle First: 0
    NO_DEFAULT_PATH Enabled

  find_file considered the following locations:

  The item was found at

    /home/gridtest/opt/cmake-4.4.0-linux-x86_64/share/cmake-4.4/Modules/CMakeCUDACompilerId.cu.in

Call Stack (most recent call first):
  /home/gridtest/opt/cmake-4.4.0-linux-x86_64/share/cmake-4.4/Modules/CMakeDetermineCompilerId.cmake:538 (CMAKE_DETERMINE_COMPILER_ID_WRITE)
  /home/gridtest/opt/cmake-4.4.0-linux-x86_64/share/cmake-4.4/Modules/CMakeDetermineCompilerId.cmake:8 (CMAKE_DETERMINE_COMPILER_ID_BUILD)
  /home/gridtest/opt/cmake-4.4.0-linux-x86_64/share/cmake-4.4/Modules/CMakeDetermineCompilerId.cmake:53 (__determine_compiler_id_test)
  /home/gridtest/opt/cmake-4.4.0-linux-x86_64/share/cmake-4.4/Modules/CMakeDetermineCUDACompiler.cmake:163 (CMAKE_DETERMINE_COMPILER_ID)
  CMakeLists.txt:2 (project)


-- The CUDA compiler identification is NVIDIA 13.2.51 with host compiler GNU 11.4.0
CMake Debug Log at /home/gridtest/opt/cmake-4.4.0-linux-x86_64/share/cmake-4.4/Modules/CMakeFindBinUtils.cmake:247 (find_program):
  find_program called with the following settings:

    VAR: CMAKE_AR
    NAMES: 
    Documentation: Path to a program.
    Framework
      Only Search Frameworks: 0
      Search Frameworks Last: 0
      Search Frameworks First: 0
    AppBundle
      Only Search AppBundle: 0
      Search AppBundle Last: 0
      Search AppBundle First: 0
    CMAKE_FIND_USE_CMAKE_PATH: 1
    CMAKE_FIND_USE_CMAKE_ENVIRONMENT_PATH: 1
    CMAKE_FIND_USE_SYSTEM_ENVIRONMENT_PATH: 1
    CMAKE_FIND_USE_CMAKE_SYSTEM_PATH: 1
    CMAKE_FIND_USE_INSTALL_PREFIX: 1

  find_program considered the following locations:

  The item was found at

    /usr/bin/ar

Call Stack (most recent call first):
  /home/gridtest/opt/cmake-4.4.0-linux-x86_64/share/cmake-4.4/Modules/CMakeDetermineCUDACompiler.cmake:186 (include)
  CMakeLists.txt:2 (project)


CMake Debug Log at /home/gridtest/opt/cmake-4.4.0-linux-x86_64/share/cmake-4.4/Modules/CMakeFindBinUtils.cmake:247 (find_program):
  find_program called with the following settings:

    VAR: CMAKE_RANLIB
    NAMES: 
    Documentation: Path to a program.
    Framework
      Only Search Frameworks: 0
      Search Frameworks Last: 0
      Search Frameworks First: 0
    AppBundle
      Only Search AppBundle: 0
      Search AppBundle Last: 0
      Search AppBundle First: 0
    CMAKE_FIND_USE_CMAKE_PATH: 1
    CMAKE_FIND_USE_CMAKE_ENVIRONMENT_PATH: 1
    CMAKE_FIND_USE_SYSTEM_ENVIRONMENT_PATH: 1
    CMAKE_FIND_USE_CMAKE_SYSTEM_PATH: 1
    CMAKE_FIND_USE_INSTALL_PREFIX: 1

  find_program considered the following locations:

  The item was found at

    /usr/bin/ranlib

Call Stack (most recent call first):
  /home/gridtest/opt/cmake-4.4.0-linux-x86_64/share/cmake-4.4/Modules/CMakeDetermineCUDACompiler.cmake:186 (include)
  CMakeLists.txt:2 (project)


CMake Debug Log at /home/gridtest/opt/cmake-4.4.0-linux-x86_64/share/cmake-4.4/Modules/CMakeFindBinUtils.cmake:247 (find_program):
  find_program called with the following settings:

    VAR: CMAKE_STRIP
    NAMES: 
    Documentation: Path to a program.
    Framework
      Only Search Frameworks: 0
      Search Frameworks Last: 0
      Search Frameworks First: 0
    AppBundle
      Only Search AppBundle: 0
      Search AppBundle Last: 0
      Search AppBundle First: 0
    CMAKE_FIND_USE_CMAKE_PATH: 1
    CMAKE_FIND_USE_CMAKE_ENVIRONMENT_PATH: 1
    CMAKE_FIND_USE_SYSTEM_ENVIRONMENT_PATH: 1
    CMAKE_FIND_USE_CMAKE_SYSTEM_PATH: 1
    CMAKE_FIND_USE_INSTALL_PREFIX: 1

  find_program considered the following locations:

  The item was found at

    /usr/bin/strip

Call Stack (most recent call first):
  /home/gridtest/opt/cmake-4.4.0-linux-x86_64/share/cmake-4.4/Modules/CMakeDetermineCUDACompiler.cmake:186 (include)
  CMakeLists.txt:2 (project)


CMake Debug Log at /home/gridtest/opt/cmake-4.4.0-linux-x86_64/share/cmake-4.4/Modules/CMakeFindBinUtils.cmake:247 (find_program):
  find_program called with the following settings:

    VAR: CMAKE_LINKER
    NAMES: 
    Documentation: Path to a program.
    Framework
      Only Search Frameworks: 0
      Search Frameworks Last: 0
      Search Frameworks First: 0
    AppBundle
      Only Search AppBundle: 0
      Search AppBundle Last: 0
      Search AppBundle First: 0
    CMAKE_FIND_USE_CMAKE_PATH: 1
    CMAKE_FIND_USE_CMAKE_ENVIRONMENT_PATH: 1
    CMAKE_FIND_USE_SYSTEM_ENVIRONMENT_PATH: 1
    CMAKE_FIND_USE_CMAKE_SYSTEM_PATH: 1
    CMAKE_FIND_USE_INSTALL_PREFIX: 1

  find_program considered the following locations:

  The item was found at

    /usr/bin/ld

Call Stack (most recent call first):
  /home/gridtest/opt/cmake-4.4.0-linux-x86_64/share/cmake-4.4/Modules/CMakeDetermineCUDACompiler.cmake:186 (include)
  CMakeLists.txt:2 (project)


CMake Debug Log at /home/gridtest/opt/cmake-4.4.0-linux-x86_64/share/cmake-4.4/Modules/CMakeFindBinUtils.cmake:247 (find_program):
  find_program called with the following settings:

    VAR: CMAKE_NM
    NAMES: 
    Documentation: Path to a program.
    Framework
      Only Search Frameworks: 0
      Search Frameworks Last: 0
      Search Frameworks First: 0
    AppBundle
      Only Search AppBundle: 0
      Search AppBundle Last: 0
      Search AppBundle First: 0
    CMAKE_FIND_USE_CMAKE_PATH: 1
    CMAKE_FIND_USE_CMAKE_ENVIRONMENT_PATH: 1
    CMAKE_FIND_USE_SYSTEM_ENVIRONMENT_PATH: 1
    CMAKE_FIND_USE_CMAKE_SYSTEM_PATH: 1
    CMAKE_FIND_USE_INSTALL_PREFIX: 1

  find_program considered the following locations:

  The item was found at

    /usr/bin/nm

Call Stack (most recent call first):
  /home/gridtest/opt/cmake-4.4.0-linux-x86_64/share/cmake-4.4/Modules/CMakeDetermineCUDACompiler.cmake:186 (include)
  CMakeLists.txt:2 (project)


CMake Debug Log at /home/gridtest/opt/cmake-4.4.0-linux-x86_64/share/cmake-4.4/Modules/CMakeFindBinUtils.cmake:247 (find_program):
  find_program called with the following settings:

    VAR: CMAKE_OBJDUMP
    NAMES: 
    Documentation: Path to a program.
    Framework
      Only Search Frameworks: 0
      Search Frameworks Last: 0
      Search Frameworks First: 0
    AppBundle
      Only Search AppBundle: 0
      Search AppBundle Last: 0
      Search AppBundle First: 0
    CMAKE_FIND_USE_CMAKE_PATH: 1
    CMAKE_FIND_USE_CMAKE_ENVIRONMENT_PATH: 1
    CMAKE_FIND_USE_SYSTEM_ENVIRONMENT_PATH: 1
    CMAKE_FIND_USE_CMAKE_SYSTEM_PATH: 1
    CMAKE_FIND_USE_INSTALL_PREFIX: 1

  find_program considered the following locations:

  The item was found at

    /usr/bin/objdump

Call Stack (most recent call first):
  /home/gridtest/opt/cmake-4.4.0-linux-x86_64/share/cmake-4.4/Modules/CMakeDetermineCUDACompiler.cmake:186 (include)
  CMakeLists.txt:2 (project)


CMake Debug Log at /home/gridtest/opt/cmake-4.4.0-linux-x86_64/share/cmake-4.4/Modules/CMakeFindBinUtils.cmake:247 (find_program):
  find_program called with the following settings:

    VAR: CMAKE_OBJCOPY
    NAMES: 
    Documentation: Path to a program.
    Framework
      Only Search Frameworks: 0
      Search Frameworks Last: 0
      Search Frameworks First: 0
    AppBundle
      Only Search AppBundle: 0
      Search AppBundle Last: 0
      Search AppBundle First: 0
    CMAKE_FIND_USE_CMAKE_PATH: 1
    CMAKE_FIND_USE_CMAKE_ENVIRONMENT_PATH: 1
    CMAKE_FIND_USE_SYSTEM_ENVIRONMENT_PATH: 1
    CMAKE_FIND_USE_CMAKE_SYSTEM_PATH: 1
    CMAKE_FIND_USE_INSTALL_PREFIX: 1

  find_program considered the following locations:

  The item was found at

    /usr/bin/objcopy

Call Stack (most recent call first):
  /home/gridtest/opt/cmake-4.4.0-linux-x86_64/share/cmake-4.4/Modules/CMakeDetermineCUDACompiler.cmake:186 (include)
  CMakeLists.txt:2 (project)


CMake Debug Log at /home/gridtest/opt/cmake-4.4.0-linux-x86_64/share/cmake-4.4/Modules/CMakeFindBinUtils.cmake:247 (find_program):
  find_program called with the following settings:

    VAR: CMAKE_READELF
    NAMES: 
    Documentation: Path to a program.
    Framework
      Only Search Frameworks: 0
      Search Frameworks Last: 0
      Search Frameworks First: 0
    AppBundle
      Only Search AppBundle: 0
      Search AppBundle Last: 0
      Search AppBundle First: 0
    CMAKE_FIND_USE_CMAKE_PATH: 1
    CMAKE_FIND_USE_CMAKE_ENVIRONMENT_PATH: 1
    CMAKE_FIND_USE_SYSTEM_ENVIRONMENT_PATH: 1
    CMAKE_FIND_USE_CMAKE_SYSTEM_PATH: 1
    CMAKE_FIND_USE_INSTALL_PREFIX: 1

  find_program considered the following locations:

  The item was found at

    /usr/bin/readelf

Call Stack (most recent call first):
  /home/gridtest/opt/cmake-4.4.0-linux-x86_64/share/cmake-4.4/Modules/CMakeDetermineCUDACompiler.cmake:186 (include)
  CMakeLists.txt:2 (project)


CMake Debug Log at /home/gridtest/opt/cmake-4.4.0-linux-x86_64/share/cmake-4.4/Modules/CMakeFindBinUtils.cmake:247 (find_program):
  find_program called with the following settings:

    VAR: CMAKE_DLLTOOL
    NAMES: "dlltool"
    Documentation: Path to a program.
    Framework
      Only Search Frameworks: 0
      Search Frameworks Last: 0
      Search Frameworks First: 0
    AppBundle
      Only Search AppBundle: 0
      Search AppBundle Last: 0
      Search AppBundle First: 0
    CMAKE_FIND_USE_CMAKE_PATH: 0
    CMAKE_FIND_USE_CMAKE_ENVIRONMENT_PATH: 0
    CMAKE_FIND_USE_SYSTEM_ENVIRONMENT_PATH: 1
    CMAKE_FIND_USE_CMAKE_SYSTEM_PATH: 1
    CMAKE_FIND_USE_INSTALL_PREFIX: 1

  find_program considered the following locations:

    /usr/bin/dlltool
    /home/gridtest/opt/openmpi-5.0.10/bin/dlltool
    /home/gridtest/opt/cmake-4.4.0-linux-x86_64/bin/dlltool
    /usr/local/cuda-13.2/bin/dlltool
    /usr/local/sbin/dlltool
    /usr/local/bin/dlltool
    /usr/sbin/dlltool
    /sbin/dlltool
    /bin/dlltool
    /usr/games/dlltool
    /usr/local/games/dlltool
    /snap/bin/dlltool

  The item was not found.

Call Stack (most recent call first):
  /home/gridtest/opt/cmake-4.4.0-linux-x86_64/share/cmake-4.4/Modules/CMakeDetermineCUDACompiler.cmake:186 (include)
  CMakeLists.txt:2 (project)


CMake Debug Log at /home/gridtest/opt/cmake-4.4.0-linux-x86_64/share/cmake-4.4/Modules/CMakeFindBinUtils.cmake:247 (find_program):
  find_program called with the following settings:

    VAR: CMAKE_ADDR2LINE
    NAMES: 
    Documentation: Path to a program.
    Framework
      Only Search Frameworks: 0
      Search Frameworks Last: 0
      Search Frameworks First: 0
    AppBundle
      Only Search AppBundle: 0
      Search AppBundle Last: 0
      Search AppBundle First: 0
    CMAKE_FIND_USE_CMAKE_PATH: 1
    CMAKE_FIND_USE_CMAKE_ENVIRONMENT_PATH: 1
    CMAKE_FIND_USE_SYSTEM_ENVIRONMENT_PATH: 1
    CMAKE_FIND_USE_CMAKE_SYSTEM_PATH: 1
    CMAKE_FIND_USE_INSTALL_PREFIX: 1

  find_program considered the following locations:

  The item was found at

    /usr/bin/addr2line

Call Stack (most recent call first):
  /home/gridtest/opt/cmake-4.4.0-linux-x86_64/share/cmake-4.4/Modules/CMakeDetermineCUDACompiler.cmake:186 (include)
  CMakeLists.txt:2 (project)


CMake Debug Log at /home/gridtest/opt/cmake-4.4.0-linux-x86_64/share/cmake-4.4/Modules/CMakeFindBinUtils.cmake:247 (find_program):
  find_program called with the following settings:

    VAR: CMAKE_TAPI
    NAMES: "tapi"
    Documentation: Path to a program.
    Framework
      Only Search Frameworks: 0
      Search Frameworks Last: 0
      Search Frameworks First: 0
    AppBundle
      Only Search AppBundle: 0
      Search AppBundle Last: 0
      Search AppBundle First: 0
    CMAKE_FIND_USE_CMAKE_PATH: 0
    CMAKE_FIND_USE_CMAKE_ENVIRONMENT_PATH: 0
    CMAKE_FIND_USE_SYSTEM_ENVIRONMENT_PATH: 1
    CMAKE_FIND_USE_CMAKE_SYSTEM_PATH: 1
    CMAKE_FIND_USE_INSTALL_PREFIX: 1

  find_program considered the following locations:

    /usr/bin/tapi
    /home/gridtest/opt/openmpi-5.0.10/bin/tapi
    /home/gridtest/opt/cmake-4.4.0-linux-x86_64/bin/tapi
    /usr/local/cuda-13.2/bin/tapi
    /usr/local/sbin/tapi
    /usr/local/bin/tapi
    /usr/sbin/tapi
    /sbin/tapi
    /bin/tapi
    /usr/games/tapi
    /usr/local/games/tapi
    /snap/bin/tapi

  The item was not found.

Call Stack (most recent call first):
  /home/gridtest/opt/cmake-4.4.0-linux-x86_64/share/cmake-4.4/Modules/CMakeDetermineCUDACompiler.cmake:186 (include)
  CMakeLists.txt:2 (project)


CMake Debug Log at /home/gridtest/opt/cmake-4.4.0-linux-x86_64/share/cmake-4.4/Modules/Internal/CMakeNVCCParseImplicitInfo.cmake:110 (find_program):
  find_program called with the following settings:

    VAR: _nvcc_find_host_link_launcher
    NAMES: "g++"
    Documentation: Path to a program.
    Framework
      Only Search Frameworks: 0
      Search Frameworks Last: 0
      Search Frameworks First: 0
    AppBundle
      Only Search AppBundle: 0
      Search AppBundle Last: 0
      Search AppBundle First: 0
    NO_DEFAULT_PATH Enabled

  find_program considered the following locations:

    /usr/local/cuda-13.2/nvvm/bin/g++
    /usr/local/cuda-13.2/bin/g++
    /home/gridtest/opt/openmpi-5.0.10/bin/g++
    /home/gridtest/opt/cmake-4.4.0-linux-x86_64/bin/g++
    /usr/local/sbin/g++
    /usr/local/bin/g++
    /usr/sbin/g++

  The item was found at

    /usr/bin/g++

Call Stack (most recent call first):
  /home/gridtest/opt/cmake-4.4.0-linux-x86_64/share/cmake-4.4/Modules/CMakeDetermineCUDACompiler.cmake:297 (cmake_nvcc_parse_implicit_info)
  CMakeLists.txt:2 (project)


CMake Debug Log at /home/gridtest/opt/cmake-4.4.0-linux-x86_64/share/cmake-4.4/Modules/Internal/CMakeNVCCParseImplicitInfo.cmake:114 (find_program):
  find_program called with the following settings:

    VAR: _nvcc_find_host_link_launcher
    NAMES: 
    Documentation: Path to a program.
    Framework
      Only Search Frameworks: 0
      Search Frameworks Last: 0
      Search Frameworks First: 0
    AppBundle
      Only Search AppBundle: 0
      Search AppBundle Last: 0
      Search AppBundle First: 0
    CMAKE_FIND_USE_CMAKE_PATH: 1
    CMAKE_FIND_USE_CMAKE_ENVIRONMENT_PATH: 1
    CMAKE_FIND_USE_SYSTEM_ENVIRONMENT_PATH: 1
    CMAKE_FIND_USE_CMAKE_SYSTEM_PATH: 1
    CMAKE_FIND_USE_INSTALL_PREFIX: 1

  find_program considered the following locations:

  The item was found at

    

Call Stack (most recent call first):
  /home/gridtest/opt/cmake-4.4.0-linux-x86_64/share/cmake-4.4/Modules/CMakeDetermineCUDACompiler.cmake:297 (cmake_nvcc_parse_implicit_info)
  CMakeLists.txt:2 (project)


-- Detecting CXX compiler ABI info
-- Detecting CXX compiler ABI info - done
-- Check for working CXX compiler: /usr/bin/c++ - skipped
-- Detecting CXX compile features
-- Detecting CXX compile features - done
-- Detecting CUDA compiler ABI info
-- Detecting CUDA compiler ABI info - done
-- Check for working CUDA compiler: /usr/local/cuda-13.2/bin/nvcc - skipped
-- Detecting CUDA compile features
-- Detecting CUDA compile features - done
CMake Debug Log at /home/gridtest/opt/cmake-4.4.0-linux-x86_64/share/cmake-4.4/Modules/FindCUDAToolkit.cmake:1146 (find_path):
  find_path called with the following settings:

    VAR: CUDAToolkit_CUBLAS_INCLUDE_DIR
    NAMES: "cublas_v2.h"
    Documentation: Path to a file.
    Framework
      Only Search Frameworks: 0
      Search Frameworks Last: 0
      Search Frameworks First: 0
    AppBundle
      Only Search AppBundle: 0
      Search AppBundle Last: 0
      Search AppBundle First: 0
    NO_DEFAULT_PATH Enabled

  find_path considered the following locations:

  The item was found at

    /usr/local/cuda-13.2/targets/x86_64-linux/include/

Call Stack (most recent call first):
  CMakeLists.txt:4 (find_package)


CMake Debug Log at /home/gridtest/opt/cmake-4.4.0-linux-x86_64/share/cmake-4.4/Modules/FindCUDAToolkit.cmake:1171 (find_library):
  find_library called with the following settings:

    VAR: CUDA_CUDART
    NAMES: "cudart"
    Documentation: Path to a library.
    Framework
      Only Search Frameworks: 0
      Search Frameworks Last: 0
      Search Frameworks First: 0
    AppBundle
      Only Search AppBundle: 0
      Search AppBundle Last: 0
      Search AppBundle First: 0
    CMAKE_FIND_USE_CMAKE_PATH: 1
    CMAKE_FIND_USE_CMAKE_ENVIRONMENT_PATH: 1
    CMAKE_FIND_USE_SYSTEM_ENVIRONMENT_PATH: 1
    CMAKE_FIND_USE_CMAKE_SYSTEM_PATH: 1
    CMAKE_FIND_USE_INSTALL_PREFIX: 1

  find_library considered the following locations:

    /home/gridtest/opt/openmpi-5.0.10/bin/lib64//libcudart(\.so|\.a)
    /home/gridtest/opt/openmpi-5.0.10/bin//libcudart(\.so|\.a)
    /home/gridtest/opt/cmake-4.4.0-linux-x86_64/bin/lib64//libcudart(\.so|\.a)
    /home/gridtest/opt/cmake-4.4.0-linux-x86_64/bin//libcudart(\.so|\.a)
    /usr/local/cuda-13.2/bin/lib64//libcudart(\.so|\.a)
    /usr/local/cuda-13.2/bin//libcudart(\.so|\.a)
    /usr/local/sbin/lib64//libcudart(\.so|\.a)
    /usr/local/sbin//libcudart(\.so|\.a)
    /usr/local/bin/lib64//libcudart(\.so|\.a)
    /usr/local/bin//libcudart(\.so|\.a)
    /usr/sbin/lib64//libcudart(\.so|\.a)
    /usr/sbin//libcudart(\.so|\.a)
    /usr/bin/lib64//libcudart(\.so|\.a)
    /usr/bin//libcudart(\.so|\.a)
    /sbin/lib64//libcudart(\.so|\.a)
    /sbin//libcudart(\.so|\.a)
    /bin/lib64//libcudart(\.so|\.a)
    /bin//libcudart(\.so|\.a)
    /usr/games/lib64//libcudart(\.so|\.a)
    /usr/games//libcudart(\.so|\.a)
    /usr/local/games/lib64//libcudart(\.so|\.a)
    /usr/local/games//libcudart(\.so|\.a)
    /snap/bin/lib64//libcudart(\.so|\.a)
    /snap/bin//libcudart(\.so|\.a)
    /usr/local/lib/x86_64-linux-gnu/lib64//libcudart(\.so|\.a)
    /usr/local/lib/x86_64-linux-gnu//libcudart(\.so|\.a)
    /usr/local/lib/lib64//libcudart(\.so|\.a)
    /usr/local/lib//libcudart(\.so|\.a)
    /usr/local/lib64//libcudart(\.so|\.a)
    /usr/local//libcudart(\.so|\.a)
    /usr/lib/x86_64-linux-gnu/lib64//libcudart(\.so|\.a)
    /usr/lib/x86_64-linux-gnu//libcudart(\.so|\.a)
    /usr/lib/lib64//libcudart(\.so|\.a)
    /usr/lib//libcudart(\.so|\.a)
    /usr/lib64//libcudart(\.so|\.a)
    /usr//libcudart(\.so|\.a)
    /lib/x86_64-linux-gnu/lib64//libcudart(\.so|\.a)
    /lib/x86_64-linux-gnu//libcudart(\.so|\.a)
    /lib/lib64//libcudart(\.so|\.a)
    /lib//libcudart(\.so|\.a)
    /home/gridtest/opt/cmake-4.4.0-linux-x86_64/lib/x86_64-linux-gnu/lib64//libcudart(\.so|\.a)
    /home/gridtest/opt/cmake-4.4.0-linux-x86_64/lib/x86_64-linux-gnu//libcudart(\.so|\.a)
    /home/gridtest/opt/cmake-4.4.0-linux-x86_64/lib/lib64//libcudart(\.so|\.a)
    /home/gridtest/opt/cmake-4.4.0-linux-x86_64/lib//libcudart(\.so|\.a)
    /home/gridtest/opt/cmake-4.4.0-linux-x86_64/lib64//libcudart(\.so|\.a)
    /home/gridtest/opt/cmake-4.4.0-linux-x86_64//libcudart(\.so|\.a)
    /usr/X11R6/lib/x86_64-linux-gnu/lib64//libcudart(\.so|\.a)
    /usr/X11R6/lib/x86_64-linux-gnu//libcudart(\.so|\.a)
    /usr/X11R6/lib/lib64//libcudart(\.so|\.a)
    /usr/X11R6/lib//libcudart(\.so|\.a)
    /usr/X11R6/lib64//libcudart(\.so|\.a)
    /usr/X11R6//libcudart(\.so|\.a)
    /usr/pkg/lib/x86_64-linux-gnu/lib64//libcudart(\.so|\.a)
    /usr/pkg/lib/x86_64-linux-gnu//libcudart(\.so|\.a)
    /usr/pkg/lib/lib64//libcudart(\.so|\.a)
    /usr/pkg/lib//libcudart(\.so|\.a)
    /usr/pkg/lib64//libcudart(\.so|\.a)
    /usr/pkg//libcudart(\.so|\.a)
    /opt/lib/x86_64-linux-gnu/lib64//libcudart(\.so|\.a)
    /opt/lib/x86_64-linux-gnu//libcudart(\.so|\.a)
    /opt/lib/lib64//libcudart(\.so|\.a)
    /opt/lib//libcudart(\.so|\.a)
    /opt/lib64//libcudart(\.so|\.a)
    /opt//libcudart(\.so|\.a)
    /usr/lib/X11/lib64//libcudart(\.so|\.a)
    /usr/lib/X11//libcudart(\.so|\.a)
    /usr/local/cuda-13.2/targets/x86_64-linux/lib/stubs/lib64//libcudart(\.so|\.a)
    /usr/local/cuda-13.2/targets/x86_64-linux/lib/stubs//libcudart(\.so|\.a)
    /usr/local/cuda-13.2/targets/x86_64-linux/lib/lib64//libcudart(\.so|\.a)

  The item was found at

    /usr/local/cuda-13.2/targets/x86_64-linux/lib/libcudart.so

Call Stack (most recent call first):
  CMakeLists.txt:4 (find_package)


CMake Debug Log at /home/gridtest/opt/cmake-4.4.0-linux-x86_64/share/cmake-4.4/Modules/FindCUDAToolkit.cmake:1176 (find_library):
  find_library called with the following settings:

    VAR: CUDA_CUDART
    NAMES: 
    Documentation: Path to a library.
    Framework
      Only Search Frameworks: 0
      Search Frameworks Last: 0
      Search Frameworks First: 0
    AppBundle
      Only Search AppBundle: 0
      Search AppBundle Last: 0
      Search AppBundle First: 0
    CMAKE_FIND_USE_CMAKE_PATH: 1
    CMAKE_FIND_USE_CMAKE_ENVIRONMENT_PATH: 1
    CMAKE_FIND_USE_SYSTEM_ENVIRONMENT_PATH: 1
    CMAKE_FIND_USE_CMAKE_SYSTEM_PATH: 1
    CMAKE_FIND_USE_INSTALL_PREFIX: 1

  find_library considered the following locations:

  The item was found at

    /usr/local/cuda-13.2/targets/x86_64-linux/lib/libcudart.so

Call Stack (most recent call first):
  CMakeLists.txt:4 (find_package)


-- Found CUDAToolkit: /usr/local/cuda-13.2/targets/x86_64-linux/include;/usr/local/cuda-13.2/targets/x86_64-linux/include/cccl (found version "13.2.51")
-- Performing Test CMAKE_HAVE_LIBC_PTHREAD
-- Performing Test CMAKE_HAVE_LIBC_PTHREAD - Success
-- Found Threads: TRUE
CMake Debug Log at /home/gridtest/opt/cmake-4.4.0-linux-x86_64/share/cmake-4.4/Modules/FindCUDAToolkit.cmake:1351 (find_package):
  find_package considered the following paths for FindThreads.cmake:

  The file was found at

    /home/gridtest/opt/cmake-4.4.0-linux-x86_64/share/cmake-4.4/Modules/FindThreads.cmake

Call Stack (most recent call first):
  CMakeLists.txt:4 (find_package)


CMake Debug Log at /home/gridtest/opt/cmake-4.4.0-linux-x86_64/share/cmake-4.4/Modules/FindCUDAToolkit.cmake:1357 (find_library):
  find_library called with the following settings:

    VAR: CUDAToolkit_rt_LIBRARY
    NAMES: "rt"
    Documentation: Path to a library.
    Framework
      Only Search Frameworks: 0
      Search Frameworks Last: 0
      Search Frameworks First: 0
    AppBundle
      Only Search AppBundle: 0
      Search AppBundle Last: 0
      Search AppBundle First: 0
    CMAKE_FIND_USE_CMAKE_PATH: 1
    CMAKE_FIND_USE_CMAKE_ENVIRONMENT_PATH: 1
    CMAKE_FIND_USE_SYSTEM_ENVIRONMENT_PATH: 1
    CMAKE_FIND_USE_CMAKE_SYSTEM_PATH: 1
    CMAKE_FIND_USE_INSTALL_PREFIX: 1

  find_library considered the following locations:

    /home/gridtest/opt/openmpi-5.0.10/bin//librt(\.so|\.a)
    /home/gridtest/opt/cmake-4.4.0-linux-x86_64/bin//librt(\.so|\.a)
    /usr/local/cuda-13.2/bin//librt(\.so|\.a)
    /usr/local/sbin//librt(\.so|\.a)
    /usr/local/bin//librt(\.so|\.a)
    /usr/sbin//librt(\.so|\.a)
    /usr/bin//librt(\.so|\.a)
    /sbin//librt(\.so|\.a)
    /bin//librt(\.so|\.a)
    /usr/games//librt(\.so|\.a)
    /usr/local/games//librt(\.so|\.a)
    /snap/bin//librt(\.so|\.a)
    /usr/local/lib/x86_64-linux-gnu//librt(\.so|\.a)
    /usr/local/lib//librt(\.so|\.a)
    /usr/local//librt(\.so|\.a)

  The item was found at

    /usr/lib/x86_64-linux-gnu/librt.a

Call Stack (most recent call first):
  CMakeLists.txt:4 (find_package)


CMake Debug Log at /home/gridtest/opt/cmake-4.4.0-linux-x86_64/share/cmake-4.4/Modules/FindCUDAToolkit.cmake:1283 (find_library):
  find_library called with the following settings:

    VAR: CUDA_cuda_driver_LIBRARY
    NAMES: "cuda_driver"
           "cuda"
    Documentation: Path to a library.
    Framework
      Only Search Frameworks: 0
      Search Frameworks Last: 0
      Search Frameworks First: 0
    AppBundle
      Only Search AppBundle: 0
      Search AppBundle Last: 0
      Search AppBundle First: 0
    CMAKE_FIND_USE_CMAKE_PATH: 1
    CMAKE_FIND_USE_CMAKE_ENVIRONMENT_PATH: 1
    CMAKE_FIND_USE_SYSTEM_ENVIRONMENT_PATH: 1
    CMAKE_FIND_USE_CMAKE_SYSTEM_PATH: 1
    CMAKE_FIND_USE_INSTALL_PREFIX: 1

  find_library considered the following locations:

    /usr/local/cuda-13.2/targets/x86_64-linux/lib/nvidia/current//libcuda_driver(\.so|\.a)
    /usr/local/cuda-13.2/targets/x86_64-linux/lib/lib64//libcuda_driver(\.so|\.a)
    /usr/local/cuda-13.2/targets/x86_64-linux/lib/lib//libcuda_driver(\.so|\.a)
    /usr/local/cuda-13.2/targets/x86_64-linux/lib/math_libs/13.2/lib64//libcuda_driver(\.so|\.a)
    /usr/local/cuda-13.2/targets/x86_64-linux/lib/math_libs/lib64//libcuda_driver(\.so|\.a)
    /usr/local/cuda-13.2/targets/x86_64-linux/lib//libcuda_driver(\.so|\.a)
    /usr/local/cuda-13.2/targets/x86_64-linux/lib/stubs/nvidia/current//libcuda_driver(\.so|\.a)
    /usr/local/cuda-13.2/targets/x86_64-linux/lib/stubs/lib64//libcuda_driver(\.so|\.a)
    /usr/local/cuda-13.2/targets/x86_64-linux/lib/stubs/lib//libcuda_driver(\.so|\.a)
    /usr/local/cuda-13.2/targets/x86_64-linux/lib/stubs/math_libs/13.2/lib64//libcuda_driver(\.so|\.a)
    /usr/local/cuda-13.2/targets/x86_64-linux/lib/stubs/math_libs/lib64//libcuda_driver(\.so|\.a)
    /usr/local/cuda-13.2/targets/x86_64-linux/lib/stubs//libcuda_driver(\.so|\.a)
    /home/gridtest/opt/openmpi-5.0.10/bin/nvidia/current//libcuda_driver(\.so|\.a)
    /home/gridtest/opt/openmpi-5.0.10/bin/lib64//libcuda_driver(\.so|\.a)
    /home/gridtest/opt/openmpi-5.0.10/bin/lib//libcuda_driver(\.so|\.a)
    /home/gridtest/opt/openmpi-5.0.10/bin/math_libs/13.2/lib64//libcuda_driver(\.so|\.a)
    /home/gridtest/opt/openmpi-5.0.10/bin/math_libs/lib64//libcuda_driver(\.so|\.a)
    /home/gridtest/opt/openmpi-5.0.10/bin//libcuda_driver(\.so|\.a)
    /home/gridtest/opt/cmake-4.4.0-linux-x86_64/bin/nvidia/current//libcuda_driver(\.so|\.a)
    /home/gridtest/opt/cmake-4.4.0-linux-x86_64/bin/lib64//libcuda_driver(\.so|\.a)
    /home/gridtest/opt/cmake-4.4.0-linux-x86_64/bin/lib//libcuda_driver(\.so|\.a)
    /home/gridtest/opt/cmake-4.4.0-linux-x86_64/bin/math_libs/13.2/lib64//libcuda_driver(\.so|\.a)
    /home/gridtest/opt/cmake-4.4.0-linux-x86_64/bin/math_libs/lib64//libcuda_driver(\.so|\.a)
    /home/gridtest/opt/cmake-4.4.0-linux-x86_64/bin//libcuda_driver(\.so|\.a)
    /usr/local/cuda-13.2/bin/nvidia/current//libcuda_driver(\.so|\.a)
    /usr/local/cuda-13.2/bin/lib64//libcuda_driver(\.so|\.a)
    /usr/local/cuda-13.2/bin/lib//libcuda_driver(\.so|\.a)
    /usr/local/cuda-13.2/bin/math_libs/13.2/lib64//libcuda_driver(\.so|\.a)
    /usr/local/cuda-13.2/bin/math_libs/lib64//libcuda_driver(\.so|\.a)
    /usr/local/cuda-13.2/bin//libcuda_driver(\.so|\.a)
    /usr/local/sbin/nvidia/current//libcuda_driver(\.so|\.a)
    /usr/local/sbin/lib64//libcuda_driver(\.so|\.a)
    /usr/local/sbin/lib//libcuda_driver(\.so|\.a)
    /usr/local/sbin/math_libs/13.2/lib64//libcuda_driver(\.so|\.a)
    /usr/local/sbin/math_libs/lib64//libcuda_driver(\.so|\.a)
    /usr/local/sbin//libcuda_driver(\.so|\.a)
    /usr/local/bin/nvidia/current//libcuda_driver(\.so|\.a)
    /usr/local/bin/lib64//libcuda_driver(\.so|\.a)
    /usr/local/bin/lib//libcuda_driver(\.so|\.a)
    /usr/local/bin/math_libs/13.2/lib64//libcuda_driver(\.so|\.a)
    /usr/local/bin/math_libs/lib64//libcuda_driver(\.so|\.a)
    /usr/local/bin//libcuda_driver(\.so|\.a)
    /usr/sbin/nvidia/current//libcuda_driver(\.so|\.a)
    /usr/sbin/lib64//libcuda_driver(\.so|\.a)
    /usr/sbin/lib//libcuda_driver(\.so|\.a)
    /usr/sbin/math_libs/13.2/lib64//libcuda_driver(\.so|\.a)
    /usr/sbin/math_libs/lib64//libcuda_driver(\.so|\.a)
    /usr/sbin//libcuda_driver(\.so|\.a)
    /usr/bin/nvidia/current//libcuda_driver(\.so|\.a)
    /usr/bin/lib64//libcuda_driver(\.so|\.a)
    /usr/bin/lib//libcuda_driver(\.so|\.a)
    /usr/bin/math_libs/13.2/lib64//libcuda_driver(\.so|\.a)
    /usr/bin/math_libs/lib64//libcuda_driver(\.so|\.a)
    /usr/bin//libcuda_driver(\.so|\.a)
    /sbin/nvidia/current//libcuda_driver(\.so|\.a)
    /sbin/lib64//libcuda_driver(\.so|\.a)
    /sbin/lib//libcuda_driver(\.so|\.a)
    /sbin/math_libs/13.2/lib64//libcuda_driver(\.so|\.a)
    /sbin/math_libs/lib64//libcuda_driver(\.so|\.a)
    /sbin//libcuda_driver(\.so|\.a)
    /bin/nvidia/current//libcuda_driver(\.so|\.a)
    /bin/lib64//libcuda_driver(\.so|\.a)
    /bin/lib//libcuda_driver(\.so|\.a)
    /bin/math_libs/13.2/lib64//libcuda_driver(\.so|\.a)
    /bin/math_libs/lib64//libcuda_driver(\.so|\.a)
    /bin//libcuda_driver(\.so|\.a)
    /usr/games/nvidia/current//libcuda_driver(\.so|\.a)
    /usr/games/lib64//libcuda_driver(\.so|\.a)
    /usr/games/lib//libcuda_driver(\.so|\.a)
    /usr/games/math_libs/13.2/lib64//libcuda_driver(\.so|\.a)
    /usr/games/math_libs/lib64//libcuda_driver(\.so|\.a)
    /usr/games//libcuda_driver(\.so|\.a)
    /usr/local/games/nvidia/current//libcuda_driver(\.so|\.a)
    /usr/local/games/lib64//libcuda_driver(\.so|\.a)
    /usr/local/games/lib//libcuda_driver(\.so|\.a)
    /usr/local/games/math_libs/13.2/lib64//libcuda_driver(\.so|\.a)
    /usr/local/games/math_libs/lib64//libcuda_driver(\.so|\.a)
    /usr/local/games//libcuda_driver(\.so|\.a)
    /snap/bin/nvidia/current//libcuda_driver(\.so|\.a)
    /snap/bin/lib64//libcuda_driver(\.so|\.a)
    /snap/bin/lib//libcuda_driver(\.so|\.a)
    /snap/bin/math_libs/13.2/lib64//libcuda_driver(\.so|\.a)
    /snap/bin/math_libs/lib64//libcuda_driver(\.so|\.a)
    /snap/bin//libcuda_driver(\.so|\.a)
    /usr/local/lib/x86_64-linux-gnu/nvidia/current//libcuda_driver(\.so|\.a)
    /usr/local/lib/x86_64-linux-gnu/lib64//libcuda_driver(\.so|\.a)
    /usr/local/lib/x86_64-linux-gnu/lib//libcuda_driver(\.so|\.a)
    /usr/local/lib/x86_64-linux-gnu/math_libs/13.2/lib64//libcuda_driver(\.so|\.a)
    /usr/local/lib/x86_64-linux-gnu/math_libs/lib64//libcuda_driver(\.so|\.a)
    /usr/local/lib/x86_64-linux-gnu//libcuda_driver(\.so|\.a)
    /usr/local/lib/nvidia/current//libcuda_driver(\.so|\.a)
    /usr/local/lib/lib64//libcuda_driver(\.so|\.a)
    /usr/local/lib/lib//libcuda_driver(\.so|\.a)
    /usr/local/lib/math_libs/13.2/lib64//libcuda_driver(\.so|\.a)
    /usr/local/lib/math_libs/lib64//libcuda_driver(\.so|\.a)
    /usr/local/lib//libcuda_driver(\.so|\.a)
    /usr/local/nvidia/current//libcuda_driver(\.so|\.a)
    /usr/local/lib64//libcuda_driver(\.so|\.a)
    /usr/local/lib//libcuda_driver(\.so|\.a)
    /usr/local/math_libs/13.2/lib64//libcuda_driver(\.so|\.a)
    /usr/local/math_libs/lib64//libcuda_driver(\.so|\.a)
    /usr/local//libcuda_driver(\.so|\.a)
    /usr/lib/x86_64-linux-gnu/nvidia/current//libcuda_driver(\.so|\.a)
    /usr/lib/x86_64-linux-gnu/lib64//libcuda_driver(\.so|\.a)
    /usr/lib/x86_64-linux-gnu/lib//libcuda_driver(\.so|\.a)
    /usr/lib/x86_64-linux-gnu/math_libs/13.2/lib64//libcuda_driver(\.so|\.a)
    /usr/lib/x86_64-linux-gnu/math_libs/lib64//libcuda_driver(\.so|\.a)
    /usr/lib/x86_64-linux-gnu//libcuda_driver(\.so|\.a)
    /usr/lib/nvidia/current//libcuda_driver(\.so|\.a)
    /usr/lib/lib64//libcuda_driver(\.so|\.a)
    /usr/lib/lib//libcuda_driver(\.so|\.a)
    /usr/lib/math_libs/13.2/lib64//libcuda_driver(\.so|\.a)
    /usr/lib/math_libs/lib64//libcuda_driver(\.so|\.a)
    /usr/lib//libcuda_driver(\.so|\.a)
    /usr/nvidia/current//libcuda_driver(\.so|\.a)
    /usr/lib64//libcuda_driver(\.so|\.a)
    /usr/lib//libcuda_driver(\.so|\.a)
    /usr/math_libs/13.2/lib64//libcuda_driver(\.so|\.a)
    /usr/math_libs/lib64//libcuda_driver(\.so|\.a)
    /usr//libcuda_driver(\.so|\.a)
    /lib/x86_64-linux-gnu/nvidia/current//libcuda_driver(\.so|\.a)
    /lib/x86_64-linux-gnu/lib64//libcuda_driver(\.so|\.a)
    /lib/x86_64-linux-gnu/lib//libcuda_driver(\.so|\.a)
    /lib/x86_64-linux-gnu/math_libs/13.2/lib64//libcuda_driver(\.so|\.a)
    /lib/x86_64-linux-gnu/math_libs/lib64//libcuda_driver(\.so|\.a)
    /lib/x86_64-linux-gnu//libcuda_driver(\.so|\.a)
    /lib/nvidia/current//libcuda_driver(\.so|\.a)
    /lib/lib64//libcuda_driver(\.so|\.a)
    /lib/lib//libcuda_driver(\.so|\.a)
    /lib/math_libs/13.2/lib64//libcuda_driver(\.so|\.a)
    /lib/math_libs/lib64//libcuda_driver(\.so|\.a)
    /lib//libcuda_driver(\.so|\.a)
    /home/gridtest/opt/cmake-4.4.0-linux-x86_64/lib/x86_64-linux-gnu/nvidia/current//libcuda_driver(\.so|\.a)
    /home/gridtest/opt/cmake-4.4.0-linux-x86_64/lib/x86_64-linux-gnu/lib64//libcuda_driver(\.so|\.a)
    /home/gridtest/opt/cmake-4.4.0-linux-x86_64/lib/x86_64-linux-gnu/lib//libcuda_driver(\.so|\.a)
    /home/gridtest/opt/cmake-4.4.0-linux-x86_64/lib/x86_64-linux-gnu/math_libs/13.2/lib64//libcuda_driver(\.so|\.a)
    /home/gridtest/opt/cmake-4.4.0-linux-x86_64/lib/x86_64-linux-gnu/math_libs/lib64//libcuda_driver(\.so|\.a)
    /home/gridtest/opt/cmake-4.4.0-linux-x86_64/lib/x86_64-linux-gnu//libcuda_driver(\.so|\.a)
    /home/gridtest/opt/cmake-4.4.0-linux-x86_64/lib/nvidia/current//libcuda_driver(\.so|\.a)
    /home/gridtest/opt/cmake-4.4.0-linux-x86_64/lib/lib64//libcuda_driver(\.so|\.a)
    /home/gridtest/opt/cmake-4.4.0-linux-x86_64/lib/lib//libcuda_driver(\.so|\.a)
    /home/gridtest/opt/cmake-4.4.0-linux-x86_64/lib/math_libs/13.2/lib64//libcuda_driver(\.so|\.a)
    /home/gridtest/opt/cmake-4.4.0-linux-x86_64/lib/math_libs/lib64//libcuda_driver(\.so|\.a)
    /home/gridtest/opt/cmake-4.4.0-linux-x86_64/lib//libcuda_driver(\.so|\.a)
    /home/gridtest/opt/cmake-4.4.0-linux-x86_64/nvidia/current//libcuda_driver(\.so|\.a)
    /home/gridtest/opt/cmake-4.4.0-linux-x86_64/lib64//libcuda_driver(\.so|\.a)
    /home/gridtest/opt/cmake-4.4.0-linux-x86_64/lib//libcuda_driver(\.so|\.a)
    /home/gridtest/opt/cmake-4.4.0-linux-x86_64/math_libs/13.2/lib64//libcuda_driver(\.so|\.a)
    /home/gridtest/opt/cmake-4.4.0-linux-x86_64/math_libs/lib64//libcuda_driver(\.so|\.a)
    /home/gridtest/opt/cmake-4.4.0-linux-x86_64//libcuda_driver(\.so|\.a)
    /usr/X11R6/lib/x86_64-linux-gnu/nvidia/current//libcuda_driver(\.so|\.a)
    /usr/X11R6/lib/x86_64-linux-gnu/lib64//libcuda_driver(\.so|\.a)
    /usr/X11R6/lib/x86_64-linux-gnu/lib//libcuda_driver(\.so|\.a)
    /usr/X11R6/lib/x86_64-linux-gnu/math_libs/13.2/lib64//libcuda_driver(\.so|\.a)
    /usr/X11R6/lib/x86_64-linux-gnu/math_libs/lib64//libcuda_driver(\.so|\.a)
    /usr/X11R6/lib/x86_64-linux-gnu//libcuda_driver(\.so|\.a)
    /usr/X11R6/lib/nvidia/current//libcuda_driver(\.so|\.a)
    /usr/X11R6/lib/lib64//libcuda_driver(\.so|\.a)
    /usr/X11R6/lib/lib//libcuda_driver(\.so|\.a)
    /usr/X11R6/lib/math_libs/13.2/lib64//libcuda_driver(\.so|\.a)
    /usr/X11R6/lib/math_libs/lib64//libcuda_driver(\.so|\.a)
    /usr/X11R6/lib//libcuda_driver(\.so|\.a)
    /usr/X11R6/nvidia/current//libcuda_driver(\.so|\.a)
    /usr/X11R6/lib64//libcuda_driver(\.so|\.a)
    /usr/X11R6/lib//libcuda_driver(\.so|\.a)
    /usr/X11R6/math_libs/13.2/lib64//libcuda_driver(\.so|\.a)
    /usr/X11R6/math_libs/lib64//libcuda_driver(\.so|\.a)
    /usr/X11R6//libcuda_driver(\.so|\.a)
    /usr/pkg/lib/x86_64-linux-gnu/nvidia/current//libcuda_driver(\.so|\.a)
    /usr/pkg/lib/x86_64-linux-gnu/lib64//libcuda_driver(\.so|\.a)
    /usr/pkg/lib/x86_64-linux-gnu/lib//libcuda_driver(\.so|\.a)
    /usr/pkg/lib/x86_64-linux-gnu/math_libs/13.2/lib64//libcuda_driver(\.so|\.a)
    /usr/pkg/lib/x86_64-linux-gnu/math_libs/lib64//libcuda_driver(\.so|\.a)
    /usr/pkg/lib/x86_64-linux-gnu//libcuda_driver(\.so|\.a)
    /usr/pkg/lib/nvidia/current//libcuda_driver(\.so|\.a)
    /usr/pkg/lib/lib64//libcuda_driver(\.so|\.a)
    /usr/pkg/lib/lib//libcuda_driver(\.so|\.a)
    /usr/pkg/lib/math_libs/13.2/lib64//libcuda_driver(\.so|\.a)
    /usr/pkg/lib/math_libs/lib64//libcuda_driver(\.so|\.a)
    /usr/pkg/lib//libcuda_driver(\.so|\.a)
    /usr/pkg/nvidia/current//libcuda_driver(\.so|\.a)
    /usr/pkg/lib64//libcuda_driver(\.so|\.a)
    /usr/pkg/lib//libcuda_driver(\.so|\.a)
    /usr/pkg/math_libs/13.2/lib64//libcuda_driver(\.so|\.a)
    /usr/pkg/math_libs/lib64//libcuda_driver(\.so|\.a)
    /usr/pkg//libcuda_driver(\.so|\.a)
    /opt/lib/x86_64-linux-gnu/nvidia/current//libcuda_driver(\.so|\.a)
    /opt/lib/x86_64-linux-gnu/lib64//libcuda_driver(\.so|\.a)
    /opt/lib/x86_64-linux-gnu/lib//libcuda_driver(\.so|\.a)
    /opt/lib/x86_64-linux-gnu/math_libs/13.2/lib64//libcuda_driver(\.so|\.a)
    /opt/lib/x86_64-linux-gnu/math_libs/lib64//libcuda_driver(\.so|\.a)
    /opt/lib/x86_64-linux-gnu//libcuda_driver(\.so|\.a)
    /opt/lib/nvidia/current//libcuda_driver(\.so|\.a)
    /opt/lib/lib64//libcuda_driver(\.so|\.a)
    /opt/lib/lib//libcuda_driver(\.so|\.a)
    /opt/lib/math_libs/13.2/lib64//libcuda_driver(\.so|\.a)
    /opt/lib/math_libs/lib64//libcuda_driver(\.so|\.a)
    /opt/lib//libcuda_driver(\.so|\.a)
    /opt/nvidia/current//libcuda_driver(\.so|\.a)
    /opt/lib64//libcuda_driver(\.so|\.a)
    /opt/lib//libcuda_driver(\.so|\.a)
    /opt/math_libs/13.2/lib64//libcuda_driver(\.so|\.a)
    /opt/math_libs/lib64//libcuda_driver(\.so|\.a)
    /opt//libcuda_driver(\.so|\.a)
    /usr/lib/X11/nvidia/current//libcuda_driver(\.so|\.a)
    /usr/lib/X11/lib64//libcuda_driver(\.so|\.a)
    /usr/lib/X11/lib//libcuda_driver(\.so|\.a)
    /usr/lib/X11/math_libs/13.2/lib64//libcuda_driver(\.so|\.a)
    /usr/lib/X11/math_libs/lib64//libcuda_driver(\.so|\.a)
    /usr/lib/X11//libcuda_driver(\.so|\.a)
    /usr/local/cuda-13.2/targets/x86_64-linux/lib/nvidia/current//libcuda(\.so|\.a)
    /usr/local/cuda-13.2/targets/x86_64-linux/lib/lib64//libcuda(\.so|\.a)
    /usr/local/cuda-13.2/targets/x86_64-linux/lib/lib//libcuda(\.so|\.a)
    /usr/local/cuda-13.2/targets/x86_64-linux/lib/math_libs/13.2/lib64//libcuda(\.so|\.a)
    /usr/local/cuda-13.2/targets/x86_64-linux/lib/math_libs/lib64//libcuda(\.so|\.a)
    /usr/local/cuda-13.2/targets/x86_64-linux/lib//libcuda(\.so|\.a)
    /usr/local/cuda-13.2/targets/x86_64-linux/lib/stubs/nvidia/current//libcuda(\.so|\.a)
    /usr/local/cuda-13.2/targets/x86_64-linux/lib/stubs/lib64//libcuda(\.so|\.a)
    /usr/local/cuda-13.2/targets/x86_64-linux/lib/stubs/lib//libcuda(\.so|\.a)
    /usr/local/cuda-13.2/targets/x86_64-linux/lib/stubs/math_libs/13.2/lib64//libcuda(\.so|\.a)
    /usr/local/cuda-13.2/targets/x86_64-linux/lib/stubs/math_libs/lib64//libcuda(\.so|\.a)

  The item was found at

    /usr/local/cuda-13.2/targets/x86_64-linux/lib/stubs/libcuda.so

Call Stack (most recent call first):
  /home/gridtest/opt/cmake-4.4.0-linux-x86_64/share/cmake-4.4/Modules/FindCUDAToolkit.cmake:1367 (_CUDAToolkit_find_and_add_import_lib)
  CMakeLists.txt:4 (find_package)


CMake Debug Log at /home/gridtest/opt/cmake-4.4.0-linux-x86_64/share/cmake-4.4/Modules/FindCUDAToolkit.cmake:1283 (find_library):
  find_library called with the following settings:

    VAR: CUDA_cudart_LIBRARY
    NAMES: "cudart"
    Documentation: Path to a library.
    Framework
      Only Search Frameworks: 0
      Search Frameworks Last: 0
      Search Frameworks First: 0
    AppBundle
      Only Search AppBundle: 0
      Search AppBundle Last: 0
      Search AppBundle First: 0
    CMAKE_FIND_USE_CMAKE_PATH: 1
    CMAKE_FIND_USE_CMAKE_ENVIRONMENT_PATH: 1
    CMAKE_FIND_USE_SYSTEM_ENVIRONMENT_PATH: 1
    CMAKE_FIND_USE_CMAKE_SYSTEM_PATH: 1
    CMAKE_FIND_USE_INSTALL_PREFIX: 1

  find_library considered the following locations:

    /usr/local/cuda-13.2/targets/x86_64-linux/lib/nvidia/current//libcudart(\.so|\.a)
    /usr/local/cuda-13.2/targets/x86_64-linux/lib/lib64//libcudart(\.so|\.a)
    /usr/local/cuda-13.2/targets/x86_64-linux/lib/lib//libcudart(\.so|\.a)
    /usr/local/cuda-13.2/targets/x86_64-linux/lib/math_libs/13.2/lib64//libcudart(\.so|\.a)
    /usr/local/cuda-13.2/targets/x86_64-linux/lib/math_libs/lib64//libcudart(\.so|\.a)

  The item was found at

    /usr/local/cuda-13.2/targets/x86_64-linux/lib/libcudart.so

Call Stack (most recent call first):
  /home/gridtest/opt/cmake-4.4.0-linux-x86_64/share/cmake-4.4/Modules/FindCUDAToolkit.cmake:1368 (_CUDAToolkit_find_and_add_import_lib)
  CMakeLists.txt:4 (find_package)


CMake Debug Log at /home/gridtest/opt/cmake-4.4.0-linux-x86_64/share/cmake-4.4/Modules/FindCUDAToolkit.cmake:1283 (find_library):
  find_library called with the following settings:

    VAR: CUDA_cudart_static_LIBRARY
    NAMES: "cudart_static"
    Documentation: Path to a library.
    Framework
      Only Search Frameworks: 0
      Search Frameworks Last: 0
      Search Frameworks First: 0
    AppBundle
      Only Search AppBundle: 0
      Search AppBundle Last: 0
      Search AppBundle First: 0
    CMAKE_FIND_USE_CMAKE_PATH: 1
    CMAKE_FIND_USE_CMAKE_ENVIRONMENT_PATH: 1
    CMAKE_FIND_USE_SYSTEM_ENVIRONMENT_PATH: 1
    CMAKE_FIND_USE_CMAKE_SYSTEM_PATH: 1
    CMAKE_FIND_USE_INSTALL_PREFIX: 1

  find_library considered the following locations:

    /usr/local/cuda-13.2/targets/x86_64-linux/lib/nvidia/current//libcudart_static(\.so|\.a)
    /usr/local/cuda-13.2/targets/x86_64-linux/lib/lib64//libcudart_static(\.so|\.a)
    /usr/local/cuda-13.2/targets/x86_64-linux/lib/lib//libcudart_static(\.so|\.a)
    /usr/local/cuda-13.2/targets/x86_64-linux/lib/math_libs/13.2/lib64//libcudart_static(\.so|\.a)
    /usr/local/cuda-13.2/targets/x86_64-linux/lib/math_libs/lib64//libcudart_static(\.so|\.a)

  The item was found at

    /usr/local/cuda-13.2/targets/x86_64-linux/lib/libcudart_static.a

Call Stack (most recent call first):
  /home/gridtest/opt/cmake-4.4.0-linux-x86_64/share/cmake-4.4/Modules/FindCUDAToolkit.cmake:1369 (_CUDAToolkit_find_and_add_import_lib)
  CMakeLists.txt:4 (find_package)


CMake Debug Log at /home/gridtest/opt/cmake-4.4.0-linux-x86_64/share/cmake-4.4/Modules/FindCUDAToolkit.cmake:1283 (find_library):
  find_library called with the following settings:

    VAR: CUDA_nvJitLink_LIBRARY
    NAMES: "nvJitLink"
    Documentation: Path to a library.
    Framework
      Only Search Frameworks: 0
      Search Frameworks Last: 0
      Search Frameworks First: 0
    AppBundle
      Only Search AppBundle: 0
      Search AppBundle Last: 0
      Search AppBundle First: 0
    CMAKE_FIND_USE_CMAKE_PATH: 1
    CMAKE_FIND_USE_CMAKE_ENVIRONMENT_PATH: 1
    CMAKE_FIND_USE_SYSTEM_ENVIRONMENT_PATH: 1
    CMAKE_FIND_USE_CMAKE_SYSTEM_PATH: 1
    CMAKE_FIND_USE_INSTALL_PREFIX: 1

  find_library considered the following locations:

    /usr/local/cuda-13.2/targets/x86_64-linux/lib/nvidia/current//libnvJitLink(\.so|\.a)
    /usr/local/cuda-13.2/targets/x86_64-linux/lib/lib64//libnvJitLink(\.so|\.a)
    /usr/local/cuda-13.2/targets/x86_64-linux/lib/lib//libnvJitLink(\.so|\.a)
    /usr/local/cuda-13.2/targets/x86_64-linux/lib/math_libs/13.2/lib64//libnvJitLink(\.so|\.a)
    /usr/local/cuda-13.2/targets/x86_64-linux/lib/math_libs/lib64//libnvJitLink(\.so|\.a)

  The item was found at

    /usr/local/cuda-13.2/targets/x86_64-linux/lib/libnvJitLink.so

Call Stack (most recent call first):
  /home/gridtest/opt/cmake-4.4.0-linux-x86_64/share/cmake-4.4/Modules/FindCUDAToolkit.cmake:1372 (_CUDAToolkit_find_and_add_import_lib)
  CMakeLists.txt:4 (find_package)


CMake Debug Log at /home/gridtest/opt/cmake-4.4.0-linux-x86_64/share/cmake-4.4/Modules/FindCUDAToolkit.cmake:1283 (find_library):
  find_library called with the following settings:

    VAR: CUDA_nvJitLink_static_LIBRARY
    NAMES: "nvJitLink_static"
    Documentation: Path to a library.
    Framework
      Only Search Frameworks: 0
      Search Frameworks Last: 0
      Search Frameworks First: 0
    AppBundle
      Only Search AppBundle: 0
      Search AppBundle Last: 0
      Search AppBundle First: 0
    CMAKE_FIND_USE_CMAKE_PATH: 1
    CMAKE_FIND_USE_CMAKE_ENVIRONMENT_PATH: 1
    CMAKE_FIND_USE_SYSTEM_ENVIRONMENT_PATH: 1
    CMAKE_FIND_USE_CMAKE_SYSTEM_PATH: 1
    CMAKE_FIND_USE_INSTALL_PREFIX: 1

  find_library considered the following locations:

    /usr/local/cuda-13.2/targets/x86_64-linux/lib/nvidia/current//libnvJitLink_static(\.so|\.a)
    /usr/local/cuda-13.2/targets/x86_64-linux/lib/lib64//libnvJitLink_static(\.so|\.a)
    /usr/local/cuda-13.2/targets/x86_64-linux/lib/lib//libnvJitLink_static(\.so|\.a)
    /usr/local/cuda-13.2/targets/x86_64-linux/lib/math_libs/13.2/lib64//libnvJitLink_static(\.so|\.a)
    /usr/local/cuda-13.2/targets/x86_64-linux/lib/math_libs/lib64//libnvJitLink_static(\.so|\.a)

  The item was found at

    /usr/local/cuda-13.2/targets/x86_64-linux/lib/libnvJitLink_static.a

Call Stack (most recent call first):
  /home/gridtest/opt/cmake-4.4.0-linux-x86_64/share/cmake-4.4/Modules/FindCUDAToolkit.cmake:1373 (_CUDAToolkit_find_and_add_import_lib)
  CMakeLists.txt:4 (find_package)


CMake Debug Log at /home/gridtest/opt/cmake-4.4.0-linux-x86_64/share/cmake-4.4/Modules/FindCUDAToolkit.cmake:1283 (find_library):
  find_library called with the following settings:

    VAR: CUDA_nvfatbin_LIBRARY
    NAMES: "nvfatbin"
    Documentation: Path to a library.
    Framework
      Only Search Frameworks: 0
      Search Frameworks Last: 0
      Search Frameworks First: 0
    AppBundle
      Only Search AppBundle: 0
      Search AppBundle Last: 0
      Search AppBundle First: 0
    CMAKE_FIND_USE_CMAKE_PATH: 1
    CMAKE_FIND_USE_CMAKE_ENVIRONMENT_PATH: 1
    CMAKE_FIND_USE_SYSTEM_ENVIRONMENT_PATH: 1
    CMAKE_FIND_USE_CMAKE_SYSTEM_PATH: 1
    CMAKE_FIND_USE_INSTALL_PREFIX: 1

  find_library considered the following locations:

    /usr/local/cuda-13.2/targets/x86_64-linux/lib/nvidia/current//libnvfatbin(\.so|\.a)
    /usr/local/cuda-13.2/targets/x86_64-linux/lib/lib64//libnvfatbin(\.so|\.a)
    /usr/local/cuda-13.2/targets/x86_64-linux/lib/lib//libnvfatbin(\.so|\.a)
    /usr/local/cuda-13.2/targets/x86_64-linux/lib/math_libs/13.2/lib64//libnvfatbin(\.so|\.a)
    /usr/local/cuda-13.2/targets/x86_64-linux/lib/math_libs/lib64//libnvfatbin(\.so|\.a)

  The item was found at

    /usr/local/cuda-13.2/targets/x86_64-linux/lib/libnvfatbin.so

Call Stack (most recent call first):
  /home/gridtest/opt/cmake-4.4.0-linux-x86_64/share/cmake-4.4/Modules/FindCUDAToolkit.cmake:1377 (_CUDAToolkit_find_and_add_import_lib)
  CMakeLists.txt:4 (find_package)


CMake Debug Log at /home/gridtest/opt/cmake-4.4.0-linux-x86_64/share/cmake-4.4/Modules/FindCUDAToolkit.cmake:1283 (find_library):
  find_library called with the following settings:

    VAR: CUDA_nvfatbin_static_LIBRARY
    NAMES: "nvfatbin_static"
    Documentation: Path to a library.
    Framework
      Only Search Frameworks: 0
      Search Frameworks Last: 0
      Search Frameworks First: 0
    AppBundle
      Only Search AppBundle: 0
      Search AppBundle Last: 0
      Search AppBundle First: 0
    CMAKE_FIND_USE_CMAKE_PATH: 1
    CMAKE_FIND_USE_CMAKE_ENVIRONMENT_PATH: 1
    CMAKE_FIND_USE_SYSTEM_ENVIRONMENT_PATH: 1
    CMAKE_FIND_USE_CMAKE_SYSTEM_PATH: 1
    CMAKE_FIND_USE_INSTALL_PREFIX: 1

  find_library considered the following locations:

    /usr/local/cuda-13.2/targets/x86_64-linux/lib/nvidia/current//libnvfatbin_static(\.so|\.a)
    /usr/local/cuda-13.2/targets/x86_64-linux/lib/lib64//libnvfatbin_static(\.so|\.a)
    /usr/local/cuda-13.2/targets/x86_64-linux/lib/lib//libnvfatbin_static(\.so|\.a)
    /usr/local/cuda-13.2/targets/x86_64-linux/lib/math_libs/13.2/lib64//libnvfatbin_static(\.so|\.a)
    /usr/local/cuda-13.2/targets/x86_64-linux/lib/math_libs/lib64//libnvfatbin_static(\.so|\.a)

  The item was found at

    /usr/local/cuda-13.2/targets/x86_64-linux/lib/libnvfatbin_static.a

Call Stack (most recent call first):
  /home/gridtest/opt/cmake-4.4.0-linux-x86_64/share/cmake-4.4/Modules/FindCUDAToolkit.cmake:1378 (_CUDAToolkit_find_and_add_import_lib)
  CMakeLists.txt:4 (find_package)


CMake Debug Log at /home/gridtest/opt/cmake-4.4.0-linux-x86_64/share/cmake-4.4/Modules/FindCUDAToolkit.cmake:1283 (find_library):
  find_library called with the following settings:

    VAR: CUDA_culibos_LIBRARY
    NAMES: "culibos"
    Documentation: Path to a library.
    Framework
      Only Search Frameworks: 0
      Search Frameworks Last: 0
      Search Frameworks First: 0
    AppBundle
      Only Search AppBundle: 0
      Search AppBundle Last: 0
      Search AppBundle First: 0
    CMAKE_FIND_USE_CMAKE_PATH: 1
    CMAKE_FIND_USE_CMAKE_ENVIRONMENT_PATH: 1
    CMAKE_FIND_USE_SYSTEM_ENVIRONMENT_PATH: 1
    CMAKE_FIND_USE_CMAKE_SYSTEM_PATH: 1
    CMAKE_FIND_USE_INSTALL_PREFIX: 1

  find_library considered the following locations:

    /usr/local/cuda-13.2/targets/x86_64-linux/lib/nvidia/current//libculibos(\.so|\.a)
    /usr/local/cuda-13.2/targets/x86_64-linux/lib/lib64//libculibos(\.so|\.a)
    /usr/local/cuda-13.2/targets/x86_64-linux/lib/lib//libculibos(\.so|\.a)
    /usr/local/cuda-13.2/targets/x86_64-linux/lib/math_libs/13.2/lib64//libculibos(\.so|\.a)
    /usr/local/cuda-13.2/targets/x86_64-linux/lib/math_libs/lib64//libculibos(\.so|\.a)

  The item was found at

    /usr/local/cuda-13.2/targets/x86_64-linux/lib/libculibos.a

Call Stack (most recent call first):
  /home/gridtest/opt/cmake-4.4.0-linux-x86_64/share/cmake-4.4/Modules/FindCUDAToolkit.cmake:1381 (_CUDAToolkit_find_and_add_import_lib)
  CMakeLists.txt:4 (find_package)


CMake Debug Log at /home/gridtest/opt/cmake-4.4.0-linux-x86_64/share/cmake-4.4/Modules/FindCUDAToolkit.cmake:1283 (find_library):
  find_library called with the following settings:

    VAR: CUDA_cublasLt_LIBRARY
    NAMES: "cublasLt"
    Documentation: Path to a library.
    Framework
      Only Search Frameworks: 0
      Search Frameworks Last: 0
      Search Frameworks First: 0
    AppBundle
      Only Search AppBundle: 0
      Search AppBundle Last: 0
      Search AppBundle First: 0
    CMAKE_FIND_USE_CMAKE_PATH: 1
    CMAKE_FIND_USE_CMAKE_ENVIRONMENT_PATH: 1
    CMAKE_FIND_USE_SYSTEM_ENVIRONMENT_PATH: 1
    CMAKE_FIND_USE_CMAKE_SYSTEM_PATH: 1
    CMAKE_FIND_USE_INSTALL_PREFIX: 1

  find_library considered the following locations:

    /usr/local/cuda-13.2/targets/x86_64-linux/lib/nvidia/current//libcublasLt(\.so|\.a)
    /usr/local/cuda-13.2/targets/x86_64-linux/lib/lib64//libcublasLt(\.so|\.a)
    /usr/local/cuda-13.2/targets/x86_64-linux/lib/lib//libcublasLt(\.so|\.a)
    /usr/local/cuda-13.2/targets/x86_64-linux/lib/math_libs/13.2/lib64//libcublasLt(\.so|\.a)
    /usr/local/cuda-13.2/targets/x86_64-linux/lib/math_libs/lib64//libcublasLt(\.so|\.a)

  The item was found at

    /usr/local/cuda-13.2/targets/x86_64-linux/lib/libcublasLt.so

Call Stack (most recent call first):
  /home/gridtest/opt/cmake-4.4.0-linux-x86_64/share/cmake-4.4/Modules/FindCUDAToolkit.cmake:1383 (_CUDAToolkit_find_and_add_import_lib)
  CMakeLists.txt:4 (find_package)


CMake Debug Log at /home/gridtest/opt/cmake-4.4.0-linux-x86_64/share/cmake-4.4/Modules/FindCUDAToolkit.cmake:1283 (find_library):
  find_library called with the following settings:

    VAR: CUDA_cublasLt_static_LIBRARY
    NAMES: "cublasLt_static"
    Documentation: Path to a library.
    Framework
      Only Search Frameworks: 0
      Search Frameworks Last: 0
      Search Frameworks First: 0
    AppBundle
      Only Search AppBundle: 0
      Search AppBundle Last: 0
      Search AppBundle First: 0
    CMAKE_FIND_USE_CMAKE_PATH: 1
    CMAKE_FIND_USE_CMAKE_ENVIRONMENT_PATH: 1
    CMAKE_FIND_USE_SYSTEM_ENVIRONMENT_PATH: 1
    CMAKE_FIND_USE_CMAKE_SYSTEM_PATH: 1
    CMAKE_FIND_USE_INSTALL_PREFIX: 1

  find_library considered the following locations:

    /usr/local/cuda-13.2/targets/x86_64-linux/lib/nvidia/current//libcublasLt_static(\.so|\.a)
    /usr/local/cuda-13.2/targets/x86_64-linux/lib/lib64//libcublasLt_static(\.so|\.a)
    /usr/local/cuda-13.2/targets/x86_64-linux/lib/lib//libcublasLt_static(\.so|\.a)
    /usr/local/cuda-13.2/targets/x86_64-linux/lib/math_libs/13.2/lib64//libcublasLt_static(\.so|\.a)
    /usr/local/cuda-13.2/targets/x86_64-linux/lib/math_libs/lib64//libcublasLt_static(\.so|\.a)

  The item was found at

    /usr/local/cuda-13.2/targets/x86_64-linux/lib/libcublasLt_static.a

Call Stack (most recent call first):
  /home/gridtest/opt/cmake-4.4.0-linux-x86_64/share/cmake-4.4/Modules/FindCUDAToolkit.cmake:1384 (_CUDAToolkit_find_and_add_import_lib)
  CMakeLists.txt:4 (find_package)


CMake Debug Log at /home/gridtest/opt/cmake-4.4.0-linux-x86_64/share/cmake-4.4/Modules/FindCUDAToolkit.cmake:1283 (find_library):
  find_library called with the following settings:

    VAR: CUDA_cufft_LIBRARY
    NAMES: "cufft"
    Documentation: Path to a library.
    Framework
      Only Search Frameworks: 0
      Search Frameworks Last: 0
      Search Frameworks First: 0
    AppBundle
      Only Search AppBundle: 0
      Search AppBundle Last: 0
      Search AppBundle First: 0
    CMAKE_FIND_USE_CMAKE_PATH: 1
    CMAKE_FIND_USE_CMAKE_ENVIRONMENT_PATH: 1
    CMAKE_FIND_USE_SYSTEM_ENVIRONMENT_PATH: 1
    CMAKE_FIND_USE_CMAKE_SYSTEM_PATH: 1
    CMAKE_FIND_USE_INSTALL_PREFIX: 1

  find_library considered the following locations:

    /usr/local/cuda-13.2/targets/x86_64-linux/lib/nvidia/current//libcufft(\.so|\.a)
    /usr/local/cuda-13.2/targets/x86_64-linux/lib/lib64//libcufft(\.so|\.a)
    /usr/local/cuda-13.2/targets/x86_64-linux/lib/lib//libcufft(\.so|\.a)
    /usr/local/cuda-13.2/targets/x86_64-linux/lib/math_libs/13.2/lib64//libcufft(\.so|\.a)
    /usr/local/cuda-13.2/targets/x86_64-linux/lib/math_libs/lib64//libcufft(\.so|\.a)

  The item was found at

    /usr/local/cuda-13.2/targets/x86_64-linux/lib/libcufft.so

Call Stack (most recent call first):
  /home/gridtest/opt/cmake-4.4.0-linux-x86_64/share/cmake-4.4/Modules/FindCUDAToolkit.cmake:1383 (_CUDAToolkit_find_and_add_import_lib)
  CMakeLists.txt:4 (find_package)


CMake Debug Log at /home/gridtest/opt/cmake-4.4.0-linux-x86_64/share/cmake-4.4/Modules/FindCUDAToolkit.cmake:1283 (find_library):
  find_library called with the following settings:

    VAR: CUDA_cufft_static_LIBRARY
    NAMES: "cufft_static"
    Documentation: Path to a library.
    Framework
      Only Search Frameworks: 0
      Search Frameworks Last: 0
      Search Frameworks First: 0
    AppBundle
      Only Search AppBundle: 0
      Search AppBundle Last: 0
      Search AppBundle First: 0
    CMAKE_FIND_USE_CMAKE_PATH: 1
    CMAKE_FIND_USE_CMAKE_ENVIRONMENT_PATH: 1
    CMAKE_FIND_USE_SYSTEM_ENVIRONMENT_PATH: 1
    CMAKE_FIND_USE_CMAKE_SYSTEM_PATH: 1
    CMAKE_FIND_USE_INSTALL_PREFIX: 1

  find_library considered the following locations:

    /usr/local/cuda-13.2/targets/x86_64-linux/lib/nvidia/current//libcufft_static(\.so|\.a)
    /usr/local/cuda-13.2/targets/x86_64-linux/lib/lib64//libcufft_static(\.so|\.a)
    /usr/local/cuda-13.2/targets/x86_64-linux/lib/lib//libcufft_static(\.so|\.a)
    /usr/local/cuda-13.2/targets/x86_64-linux/lib/math_libs/13.2/lib64//libcufft_static(\.so|\.a)
    /usr/local/cuda-13.2/targets/x86_64-linux/lib/math_libs/lib64//libcufft_static(\.so|\.a)

  The item was found at

    /usr/local/cuda-13.2/targets/x86_64-linux/lib/libcufft_static.a

Call Stack (most recent call first):
  /home/gridtest/opt/cmake-4.4.0-linux-x86_64/share/cmake-4.4/Modules/FindCUDAToolkit.cmake:1384 (_CUDAToolkit_find_and_add_import_lib)
  CMakeLists.txt:4 (find_package)


CMake Debug Log at /home/gridtest/opt/cmake-4.4.0-linux-x86_64/share/cmake-4.4/Modules/FindCUDAToolkit.cmake:1283 (find_library):
  find_library called with the following settings:

    VAR: CUDA_nvjpeg_LIBRARY
    NAMES: "nvjpeg"
    Documentation: Path to a library.
    Framework
      Only Search Frameworks: 0
      Search Frameworks Last: 0
      Search Frameworks First: 0
    AppBundle
      Only Search AppBundle: 0
      Search AppBundle Last: 0
      Search AppBundle First: 0
    CMAKE_FIND_USE_CMAKE_PATH: 1
    CMAKE_FIND_USE_CMAKE_ENVIRONMENT_PATH: 1
    CMAKE_FIND_USE_SYSTEM_ENVIRONMENT_PATH: 1
    CMAKE_FIND_USE_CMAKE_SYSTEM_PATH: 1
    CMAKE_FIND_USE_INSTALL_PREFIX: 1

  find_library considered the following locations:

    /usr/local/cuda-13.2/targets/x86_64-linux/lib/nvidia/current//libnvjpeg(\.so|\.a)
    /usr/local/cuda-13.2/targets/x86_64-linux/lib/lib64//libnvjpeg(\.so|\.a)
    /usr/local/cuda-13.2/targets/x86_64-linux/lib/lib//libnvjpeg(\.so|\.a)
    /usr/local/cuda-13.2/targets/x86_64-linux/lib/math_libs/13.2/lib64//libnvjpeg(\.so|\.a)
    /usr/local/cuda-13.2/targets/x86_64-linux/lib/math_libs/lib64//libnvjpeg(\.so|\.a)

  The item was found at

    /usr/local/cuda-13.2/targets/x86_64-linux/lib/libnvjpeg.so

Call Stack (most recent call first):
  /home/gridtest/opt/cmake-4.4.0-linux-x86_64/share/cmake-4.4/Modules/FindCUDAToolkit.cmake:1383 (_CUDAToolkit_find_and_add_import_lib)
  CMakeLists.txt:4 (find_package)


CMake Debug Log at /home/gridtest/opt/cmake-4.4.0-linux-x86_64/share/cmake-4.4/Modules/FindCUDAToolkit.cmake:1283 (find_library):
  find_library called with the following settings:

    VAR: CUDA_nvjpeg_static_LIBRARY
    NAMES: "nvjpeg_static"
    Documentation: Path to a library.
    Framework
      Only Search Frameworks: 0
      Search Frameworks Last: 0
      Search Frameworks First: 0
    AppBundle
      Only Search AppBundle: 0
      Search AppBundle Last: 0
      Search AppBundle First: 0
    CMAKE_FIND_USE_CMAKE_PATH: 1
    CMAKE_FIND_USE_CMAKE_ENVIRONMENT_PATH: 1
    CMAKE_FIND_USE_SYSTEM_ENVIRONMENT_PATH: 1
    CMAKE_FIND_USE_CMAKE_SYSTEM_PATH: 1
    CMAKE_FIND_USE_INSTALL_PREFIX: 1

  find_library considered the following locations:

    /usr/local/cuda-13.2/targets/x86_64-linux/lib/nvidia/current//libnvjpeg_static(\.so|\.a)
    /usr/local/cuda-13.2/targets/x86_64-linux/lib/lib64//libnvjpeg_static(\.so|\.a)
    /usr/local/cuda-13.2/targets/x86_64-linux/lib/lib//libnvjpeg_static(\.so|\.a)
    /usr/local/cuda-13.2/targets/x86_64-linux/lib/math_libs/13.2/lib64//libnvjpeg_static(\.so|\.a)
    /usr/local/cuda-13.2/targets/x86_64-linux/lib/math_libs/lib64//libnvjpeg_static(\.so|\.a)

  The item was found at

    /usr/local/cuda-13.2/targets/x86_64-linux/lib/libnvjpeg_static.a

Call Stack (most recent call first):
  /home/gridtest/opt/cmake-4.4.0-linux-x86_64/share/cmake-4.4/Modules/FindCUDAToolkit.cmake:1384 (_CUDAToolkit_find_and_add_import_lib)
  CMakeLists.txt:4 (find_package)


CMake Debug Log at /home/gridtest/opt/cmake-4.4.0-linux-x86_64/share/cmake-4.4/Modules/FindCUDAToolkit.cmake:1283 (find_library):
  find_library called with the following settings:

    VAR: CUDA_curand_LIBRARY
    NAMES: "curand"
    Documentation: Path to a library.
    Framework
      Only Search Frameworks: 0
      Search Frameworks Last: 0
      Search Frameworks First: 0
    AppBundle
      Only Search AppBundle: 0
      Search AppBundle Last: 0
      Search AppBundle First: 0
    CMAKE_FIND_USE_CMAKE_PATH: 1
    CMAKE_FIND_USE_CMAKE_ENVIRONMENT_PATH: 1
    CMAKE_FIND_USE_SYSTEM_ENVIRONMENT_PATH: 1
    CMAKE_FIND_USE_CMAKE_SYSTEM_PATH: 1
    CMAKE_FIND_USE_INSTALL_PREFIX: 1

  find_library considered the following locations:

    /usr/local/cuda-13.2/targets/x86_64-linux/lib/nvidia/current//libcurand(\.so|\.a)
    /usr/local/cuda-13.2/targets/x86_64-linux/lib/lib64//libcurand(\.so|\.a)
    /usr/local/cuda-13.2/targets/x86_64-linux/lib/lib//libcurand(\.so|\.a)
    /usr/local/cuda-13.2/targets/x86_64-linux/lib/math_libs/13.2/lib64//libcurand(\.so|\.a)
    /usr/local/cuda-13.2/targets/x86_64-linux/lib/math_libs/lib64//libcurand(\.so|\.a)

  The item was found at

    /usr/local/cuda-13.2/targets/x86_64-linux/lib/libcurand.so

Call Stack (most recent call first):
  /home/gridtest/opt/cmake-4.4.0-linux-x86_64/share/cmake-4.4/Modules/FindCUDAToolkit.cmake:1387 (_CUDAToolkit_find_and_add_import_lib)
  CMakeLists.txt:4 (find_package)


CMake Debug Log at /home/gridtest/opt/cmake-4.4.0-linux-x86_64/share/cmake-4.4/Modules/FindCUDAToolkit.cmake:1283 (find_library):
  find_library called with the following settings:

    VAR: CUDA_curand_static_LIBRARY
    NAMES: "curand_static"
    Documentation: Path to a library.
    Framework
      Only Search Frameworks: 0
      Search Frameworks Last: 0
      Search Frameworks First: 0
    AppBundle
      Only Search AppBundle: 0
      Search AppBundle Last: 0
      Search AppBundle First: 0
    CMAKE_FIND_USE_CMAKE_PATH: 1
    CMAKE_FIND_USE_CMAKE_ENVIRONMENT_PATH: 1
    CMAKE_FIND_USE_SYSTEM_ENVIRONMENT_PATH: 1
    CMAKE_FIND_USE_CMAKE_SYSTEM_PATH: 1
    CMAKE_FIND_USE_INSTALL_PREFIX: 1

  find_library considered the following locations:

    /usr/local/cuda-13.2/targets/x86_64-linux/lib/nvidia/current//libcurand_static(\.so|\.a)
    /usr/local/cuda-13.2/targets/x86_64-linux/lib/lib64//libcurand_static(\.so|\.a)
    /usr/local/cuda-13.2/targets/x86_64-linux/lib/lib//libcurand_static(\.so|\.a)
    /usr/local/cuda-13.2/targets/x86_64-linux/lib/math_libs/13.2/lib64//libcurand_static(\.so|\.a)
    /usr/local/cuda-13.2/targets/x86_64-linux/lib/math_libs/lib64//libcurand_static(\.so|\.a)

  The item was found at

    /usr/local/cuda-13.2/targets/x86_64-linux/lib/libcurand_static.a

Call Stack (most recent call first):
  /home/gridtest/opt/cmake-4.4.0-linux-x86_64/share/cmake-4.4/Modules/FindCUDAToolkit.cmake:1388 (_CUDAToolkit_find_and_add_import_lib)
  CMakeLists.txt:4 (find_package)


CMake Debug Log at /home/gridtest/opt/cmake-4.4.0-linux-x86_64/share/cmake-4.4/Modules/FindCUDAToolkit.cmake:1283 (find_library):
  find_library called with the following settings:

    VAR: CUDA_nppc_LIBRARY
    NAMES: "nppc"
    Documentation: Path to a library.
    Framework
      Only Search Frameworks: 0
      Search Frameworks Last: 0
      Search Frameworks First: 0
    AppBundle
      Only Search AppBundle: 0
      Search AppBundle Last: 0
      Search AppBundle First: 0
    CMAKE_FIND_USE_CMAKE_PATH: 1
    CMAKE_FIND_USE_CMAKE_ENVIRONMENT_PATH: 1
    CMAKE_FIND_USE_SYSTEM_ENVIRONMENT_PATH: 1
    CMAKE_FIND_USE_CMAKE_SYSTEM_PATH: 1
    CMAKE_FIND_USE_INSTALL_PREFIX: 1

  find_library considered the following locations:

    /usr/local/cuda-13.2/targets/x86_64-linux/lib/nvidia/current//libnppc(\.so|\.a)
    /usr/local/cuda-13.2/targets/x86_64-linux/lib/lib64//libnppc(\.so|\.a)
    /usr/local/cuda-13.2/targets/x86_64-linux/lib/lib//libnppc(\.so|\.a)
    /usr/local/cuda-13.2/targets/x86_64-linux/lib/math_libs/13.2/lib64//libnppc(\.so|\.a)
    /usr/local/cuda-13.2/targets/x86_64-linux/lib/math_libs/lib64//libnppc(\.so|\.a)

  The item was found at

    /usr/local/cuda-13.2/targets/x86_64-linux/lib/libnppc.so

Call Stack (most recent call first):
  /home/gridtest/opt/cmake-4.4.0-linux-x86_64/share/cmake-4.4/Modules/FindCUDAToolkit.cmake:1387 (_CUDAToolkit_find_and_add_import_lib)
  CMakeLists.txt:4 (find_package)


CMake Debug Log at /home/gridtest/opt/cmake-4.4.0-linux-x86_64/share/cmake-4.4/Modules/FindCUDAToolkit.cmake:1283 (find_library):
  find_library called with the following settings:

    VAR: CUDA_nppc_static_LIBRARY
    NAMES: "nppc_static"
    Documentation: Path to a library.
    Framework
      Only Search Frameworks: 0
      Search Frameworks Last: 0
      Search Frameworks First: 0
    AppBundle
      Only Search AppBundle: 0
      Search AppBundle Last: 0
      Search AppBundle First: 0
    CMAKE_FIND_USE_CMAKE_PATH: 1
    CMAKE_FIND_USE_CMAKE_ENVIRONMENT_PATH: 1
    CMAKE_FIND_USE_SYSTEM_ENVIRONMENT_PATH: 1
    CMAKE_FIND_USE_CMAKE_SYSTEM_PATH: 1
    CMAKE_FIND_USE_INSTALL_PREFIX: 1

  find_library considered the following locations:

    /usr/local/cuda-13.2/targets/x86_64-linux/lib/nvidia/current//libnppc_static(\.so|\.a)
    /usr/local/cuda-13.2/targets/x86_64-linux/lib/lib64//libnppc_static(\.so|\.a)
    /usr/local/cuda-13.2/targets/x86_64-linux/lib/lib//libnppc_static(\.so|\.a)
    /usr/local/cuda-13.2/targets/x86_64-linux/lib/math_libs/13.2/lib64//libnppc_static(\.so|\.a)
    /usr/local/cuda-13.2/targets/x86_64-linux/lib/math_libs/lib64//libnppc_static(\.so|\.a)

  The item was found at

    /usr/local/cuda-13.2/targets/x86_64-linux/lib/libnppc_static.a

Call Stack (most recent call first):
  /home/gridtest/opt/cmake-4.4.0-linux-x86_64/share/cmake-4.4/Modules/FindCUDAToolkit.cmake:1388 (_CUDAToolkit_find_and_add_import_lib)
  CMakeLists.txt:4 (find_package)


CMake Debug Log at /home/gridtest/opt/cmake-4.4.0-linux-x86_64/share/cmake-4.4/Modules/FindCUDAToolkit.cmake:1283 (find_library):
  find_library called with the following settings:

    VAR: CUDA_cusparse_LIBRARY
    NAMES: "cusparse"
    Documentation: Path to a library.
    Framework
      Only Search Frameworks: 0
      Search Frameworks Last: 0
      Search Frameworks First: 0
    AppBundle
      Only Search AppBundle: 0
      Search AppBundle Last: 0
      Search AppBundle First: 0
    CMAKE_FIND_USE_CMAKE_PATH: 1
    CMAKE_FIND_USE_CMAKE_ENVIRONMENT_PATH: 1
    CMAKE_FIND_USE_SYSTEM_ENVIRONMENT_PATH: 1
    CMAKE_FIND_USE_CMAKE_SYSTEM_PATH: 1
    CMAKE_FIND_USE_INSTALL_PREFIX: 1

  find_library considered the following locations:

    /usr/local/cuda-13.2/targets/x86_64-linux/lib/nvidia/current//libcusparse(\.so|\.a)
    /usr/local/cuda-13.2/targets/x86_64-linux/lib/lib64//libcusparse(\.so|\.a)
    /usr/local/cuda-13.2/targets/x86_64-linux/lib/lib//libcusparse(\.so|\.a)
    /usr/local/cuda-13.2/targets/x86_64-linux/lib/math_libs/13.2/lib64//libcusparse(\.so|\.a)
    /usr/local/cuda-13.2/targets/x86_64-linux/lib/math_libs/lib64//libcusparse(\.so|\.a)

  The item was found at

    /usr/local/cuda-13.2/targets/x86_64-linux/lib/libcusparse.so

Call Stack (most recent call first):
  /home/gridtest/opt/cmake-4.4.0-linux-x86_64/share/cmake-4.4/Modules/FindCUDAToolkit.cmake:1391 (_CUDAToolkit_find_and_add_import_lib)
  CMakeLists.txt:4 (find_package)


CMake Debug Log at /home/gridtest/opt/cmake-4.4.0-linux-x86_64/share/cmake-4.4/Modules/FindCUDAToolkit.cmake:1283 (find_library):
  find_library called with the following settings:

    VAR: CUDA_cusparse_static_LIBRARY
    NAMES: "cusparse_static"
    Documentation: Path to a library.
    Framework
      Only Search Frameworks: 0
      Search Frameworks Last: 0
      Search Frameworks First: 0
    AppBundle
      Only Search AppBundle: 0
      Search AppBundle Last: 0
      Search AppBundle First: 0
    CMAKE_FIND_USE_CMAKE_PATH: 1
    CMAKE_FIND_USE_CMAKE_ENVIRONMENT_PATH: 1
    CMAKE_FIND_USE_SYSTEM_ENVIRONMENT_PATH: 1
    CMAKE_FIND_USE_CMAKE_SYSTEM_PATH: 1
    CMAKE_FIND_USE_INSTALL_PREFIX: 1

  find_library considered the following locations:

    /usr/local/cuda-13.2/targets/x86_64-linux/lib/nvidia/current//libcusparse_static(\.so|\.a)
    /usr/local/cuda-13.2/targets/x86_64-linux/lib/lib64//libcusparse_static(\.so|\.a)
    /usr/local/cuda-13.2/targets/x86_64-linux/lib/lib//libcusparse_static(\.so|\.a)
    /usr/local/cuda-13.2/targets/x86_64-linux/lib/math_libs/13.2/lib64//libcusparse_static(\.so|\.a)
    /usr/local/cuda-13.2/targets/x86_64-linux/lib/math_libs/lib64//libcusparse_static(\.so|\.a)

  The item was found at

    /usr/local/cuda-13.2/targets/x86_64-linux/lib/libcusparse_static.a

Call Stack (most recent call first):
  /home/gridtest/opt/cmake-4.4.0-linux-x86_64/share/cmake-4.4/Modules/FindCUDAToolkit.cmake:1392 (_CUDAToolkit_find_and_add_import_lib)
  CMakeLists.txt:4 (find_package)


CMake Debug Log at /home/gridtest/opt/cmake-4.4.0-linux-x86_64/share/cmake-4.4/Modules/FindCUDAToolkit.cmake:1283 (find_library):
  find_library called with the following settings:

    VAR: CUDA_cublas_LIBRARY
    NAMES: "cublas"
    Documentation: Path to a library.
    Framework
      Only Search Frameworks: 0
      Search Frameworks Last: 0
      Search Frameworks First: 0
    AppBundle
      Only Search AppBundle: 0
      Search AppBundle Last: 0
      Search AppBundle First: 0
    CMAKE_FIND_USE_CMAKE_PATH: 1
    CMAKE_FIND_USE_CMAKE_ENVIRONMENT_PATH: 1
    CMAKE_FIND_USE_SYSTEM_ENVIRONMENT_PATH: 1
    CMAKE_FIND_USE_CMAKE_SYSTEM_PATH: 1
    CMAKE_FIND_USE_INSTALL_PREFIX: 1

  find_library considered the following locations:

    /usr/local/cuda-13.2/targets/x86_64-linux/lib/nvidia/current//libcublas(\.so|\.a)
    /usr/local/cuda-13.2/targets/x86_64-linux/lib/lib64//libcublas(\.so|\.a)
    /usr/local/cuda-13.2/targets/x86_64-linux/lib/lib//libcublas(\.so|\.a)
    /usr/local/cuda-13.2/targets/x86_64-linux/lib/math_libs/13.2/lib64//libcublas(\.so|\.a)
    /usr/local/cuda-13.2/targets/x86_64-linux/lib/math_libs/lib64//libcublas(\.so|\.a)

  The item was found at

    /usr/local/cuda-13.2/targets/x86_64-linux/lib/libcublas.so

Call Stack (most recent call first):
  /home/gridtest/opt/cmake-4.4.0-linux-x86_64/share/cmake-4.4/Modules/FindCUDAToolkit.cmake:1397 (_CUDAToolkit_find_and_add_import_lib)
  CMakeLists.txt:4 (find_package)


CMake Debug Log at /home/gridtest/opt/cmake-4.4.0-linux-x86_64/share/cmake-4.4/Modules/FindCUDAToolkit.cmake:1283 (find_library):
  find_library called with the following settings:

    VAR: CUDA_cublas_static_LIBRARY
    NAMES: "cublas_static"
    Documentation: Path to a library.
    Framework
      Only Search Frameworks: 0
      Search Frameworks Last: 0
      Search Frameworks First: 0
    AppBundle
      Only Search AppBundle: 0
      Search AppBundle Last: 0
      Search AppBundle First: 0
    CMAKE_FIND_USE_CMAKE_PATH: 1
    CMAKE_FIND_USE_CMAKE_ENVIRONMENT_PATH: 1
    CMAKE_FIND_USE_SYSTEM_ENVIRONMENT_PATH: 1
    CMAKE_FIND_USE_CMAKE_SYSTEM_PATH: 1
    CMAKE_FIND_USE_INSTALL_PREFIX: 1

  find_library considered the following locations:

    /usr/local/cuda-13.2/targets/x86_64-linux/lib/nvidia/current//libcublas_static(\.so|\.a)
    /usr/local/cuda-13.2/targets/x86_64-linux/lib/lib64//libcublas_static(\.so|\.a)
    /usr/local/cuda-13.2/targets/x86_64-linux/lib/lib//libcublas_static(\.so|\.a)
    /usr/local/cuda-13.2/targets/x86_64-linux/lib/math_libs/13.2/lib64//libcublas_static(\.so|\.a)
    /usr/local/cuda-13.2/targets/x86_64-linux/lib/math_libs/lib64//libcublas_static(\.so|\.a)

  The item was found at

    /usr/local/cuda-13.2/targets/x86_64-linux/lib/libcublas_static.a

Call Stack (most recent call first):
  /home/gridtest/opt/cmake-4.4.0-linux-x86_64/share/cmake-4.4/Modules/FindCUDAToolkit.cmake:1398 (_CUDAToolkit_find_and_add_import_lib)
  CMakeLists.txt:4 (find_package)


CMake Debug Log at /home/gridtest/opt/cmake-4.4.0-linux-x86_64/share/cmake-4.4/Modules/FindCUDAToolkit.cmake:1283 (find_library):
  find_library called with the following settings:

    VAR: CUDA_cuFile_LIBRARY
    NAMES: "cuFile"
           "cufile"
    Documentation: Path to a library.
    Framework
      Only Search Frameworks: 0
      Search Frameworks Last: 0
      Search Frameworks First: 0
    AppBundle
      Only Search AppBundle: 0
      Search AppBundle Last: 0
      Search AppBundle First: 0
    CMAKE_FIND_USE_CMAKE_PATH: 1
    CMAKE_FIND_USE_CMAKE_ENVIRONMENT_PATH: 1
    CMAKE_FIND_USE_SYSTEM_ENVIRONMENT_PATH: 1
    CMAKE_FIND_USE_CMAKE_SYSTEM_PATH: 1
    CMAKE_FIND_USE_INSTALL_PREFIX: 1

  find_library considered the following locations:

    /usr/local/cuda-13.2/targets/x86_64-linux/lib/nvidia/current//libcuFile(\.so|\.a)
    /usr/local/cuda-13.2/targets/x86_64-linux/lib/lib64//libcuFile(\.so|\.a)
    /usr/local/cuda-13.2/targets/x86_64-linux/lib/lib//libcuFile(\.so|\.a)
    /usr/local/cuda-13.2/targets/x86_64-linux/lib/math_libs/13.2/lib64//libcuFile(\.so|\.a)
    /usr/local/cuda-13.2/targets/x86_64-linux/lib/math_libs/lib64//libcuFile(\.so|\.a)
    /usr/local/cuda-13.2/targets/x86_64-linux/lib//libcuFile(\.so|\.a)
    /usr/local/cuda-13.2/targets/x86_64-linux/lib/stubs/nvidia/current//libcuFile(\.so|\.a)
    /usr/local/cuda-13.2/targets/x86_64-linux/lib/stubs/lib64//libcuFile(\.so|\.a)
    /usr/local/cuda-13.2/targets/x86_64-linux/lib/stubs/lib//libcuFile(\.so|\.a)
    /usr/local/cuda-13.2/targets/x86_64-linux/lib/stubs/math_libs/13.2/lib64//libcuFile(\.so|\.a)
    /usr/local/cuda-13.2/targets/x86_64-linux/lib/stubs/math_libs/lib64//libcuFile(\.so|\.a)
    /usr/local/cuda-13.2/targets/x86_64-linux/lib/stubs//libcuFile(\.so|\.a)
    /home/gridtest/opt/openmpi-5.0.10/bin/nvidia/current//libcuFile(\.so|\.a)
    /home/gridtest/opt/openmpi-5.0.10/bin/lib64//libcuFile(\.so|\.a)
    /home/gridtest/opt/openmpi-5.0.10/bin/lib//libcuFile(\.so|\.a)
    /home/gridtest/opt/openmpi-5.0.10/bin/math_libs/13.2/lib64//libcuFile(\.so|\.a)
    /home/gridtest/opt/openmpi-5.0.10/bin/math_libs/lib64//libcuFile(\.so|\.a)
    /home/gridtest/opt/openmpi-5.0.10/bin//libcuFile(\.so|\.a)
    /home/gridtest/opt/cmake-4.4.0-linux-x86_64/bin/nvidia/current//libcuFile(\.so|\.a)
    /home/gridtest/opt/cmake-4.4.0-linux-x86_64/bin/lib64//libcuFile(\.so|\.a)
    /home/gridtest/opt/cmake-4.4.0-linux-x86_64/bin/lib//libcuFile(\.so|\.a)
    /home/gridtest/opt/cmake-4.4.0-linux-x86_64/bin/math_libs/13.2/lib64//libcuFile(\.so|\.a)
    /home/gridtest/opt/cmake-4.4.0-linux-x86_64/bin/math_libs/lib64//libcuFile(\.so|\.a)
    /home/gridtest/opt/cmake-4.4.0-linux-x86_64/bin//libcuFile(\.so|\.a)
    /usr/local/cuda-13.2/bin/nvidia/current//libcuFile(\.so|\.a)
    /usr/local/cuda-13.2/bin/lib64//libcuFile(\.so|\.a)
    /usr/local/cuda-13.2/bin/lib//libcuFile(\.so|\.a)
    /usr/local/cuda-13.2/bin/math_libs/13.2/lib64//libcuFile(\.so|\.a)
    /usr/local/cuda-13.2/bin/math_libs/lib64//libcuFile(\.so|\.a)
    /usr/local/cuda-13.2/bin//libcuFile(\.so|\.a)
    /usr/local/sbin/nvidia/current//libcuFile(\.so|\.a)
    /usr/local/sbin/lib64//libcuFile(\.so|\.a)
    /usr/local/sbin/lib//libcuFile(\.so|\.a)
    /usr/local/sbin/math_libs/13.2/lib64//libcuFile(\.so|\.a)
    /usr/local/sbin/math_libs/lib64//libcuFile(\.so|\.a)
    /usr/local/sbin//libcuFile(\.so|\.a)
    /usr/local/bin/nvidia/current//libcuFile(\.so|\.a)
    /usr/local/bin/lib64//libcuFile(\.so|\.a)
    /usr/local/bin/lib//libcuFile(\.so|\.a)
    /usr/local/bin/math_libs/13.2/lib64//libcuFile(\.so|\.a)
    /usr/local/bin/math_libs/lib64//libcuFile(\.so|\.a)
    /usr/local/bin//libcuFile(\.so|\.a)
    /usr/sbin/nvidia/current//libcuFile(\.so|\.a)
    /usr/sbin/lib64//libcuFile(\.so|\.a)
    /usr/sbin/lib//libcuFile(\.so|\.a)
    /usr/sbin/math_libs/13.2/lib64//libcuFile(\.so|\.a)
    /usr/sbin/math_libs/lib64//libcuFile(\.so|\.a)
    /usr/sbin//libcuFile(\.so|\.a)
    /usr/bin/nvidia/current//libcuFile(\.so|\.a)
    /usr/bin/lib64//libcuFile(\.so|\.a)
    /usr/bin/lib//libcuFile(\.so|\.a)
    /usr/bin/math_libs/13.2/lib64//libcuFile(\.so|\.a)
    /usr/bin/math_libs/lib64//libcuFile(\.so|\.a)
    /usr/bin//libcuFile(\.so|\.a)
    /sbin/nvidia/current//libcuFile(\.so|\.a)
    /sbin/lib64//libcuFile(\.so|\.a)
    /sbin/lib//libcuFile(\.so|\.a)
    /sbin/math_libs/13.2/lib64//libcuFile(\.so|\.a)
    /sbin/math_libs/lib64//libcuFile(\.so|\.a)
    /sbin//libcuFile(\.so|\.a)
    /bin/nvidia/current//libcuFile(\.so|\.a)
    /bin/lib64//libcuFile(\.so|\.a)
    /bin/lib//libcuFile(\.so|\.a)
    /bin/math_libs/13.2/lib64//libcuFile(\.so|\.a)
    /bin/math_libs/lib64//libcuFile(\.so|\.a)
    /bin//libcuFile(\.so|\.a)
    /usr/games/nvidia/current//libcuFile(\.so|\.a)
    /usr/games/lib64//libcuFile(\.so|\.a)
    /usr/games/lib//libcuFile(\.so|\.a)
    /usr/games/math_libs/13.2/lib64//libcuFile(\.so|\.a)
    /usr/games/math_libs/lib64//libcuFile(\.so|\.a)
    /usr/games//libcuFile(\.so|\.a)
    /usr/local/games/nvidia/current//libcuFile(\.so|\.a)
    /usr/local/games/lib64//libcuFile(\.so|\.a)
    /usr/local/games/lib//libcuFile(\.so|\.a)
    /usr/local/games/math_libs/13.2/lib64//libcuFile(\.so|\.a)
    /usr/local/games/math_libs/lib64//libcuFile(\.so|\.a)
    /usr/local/games//libcuFile(\.so|\.a)
    /snap/bin/nvidia/current//libcuFile(\.so|\.a)
    /snap/bin/lib64//libcuFile(\.so|\.a)
    /snap/bin/lib//libcuFile(\.so|\.a)
    /snap/bin/math_libs/13.2/lib64//libcuFile(\.so|\.a)
    /snap/bin/math_libs/lib64//libcuFile(\.so|\.a)
    /snap/bin//libcuFile(\.so|\.a)
    /usr/local/lib/x86_64-linux-gnu/nvidia/current//libcuFile(\.so|\.a)
    /usr/local/lib/x86_64-linux-gnu/lib64//libcuFile(\.so|\.a)
    /usr/local/lib/x86_64-linux-gnu/lib//libcuFile(\.so|\.a)
    /usr/local/lib/x86_64-linux-gnu/math_libs/13.2/lib64//libcuFile(\.so|\.a)
    /usr/local/lib/x86_64-linux-gnu/math_libs/lib64//libcuFile(\.so|\.a)
    /usr/local/lib/x86_64-linux-gnu//libcuFile(\.so|\.a)
    /usr/local/lib/nvidia/current//libcuFile(\.so|\.a)
    /usr/local/lib/lib64//libcuFile(\.so|\.a)
    /usr/local/lib/lib//libcuFile(\.so|\.a)
    /usr/local/lib/math_libs/13.2/lib64//libcuFile(\.so|\.a)
    /usr/local/lib/math_libs/lib64//libcuFile(\.so|\.a)
    /usr/local/lib//libcuFile(\.so|\.a)
    /usr/local/nvidia/current//libcuFile(\.so|\.a)
    /usr/local/lib64//libcuFile(\.so|\.a)
    /usr/local/lib//libcuFile(\.so|\.a)
    /usr/local/math_libs/13.2/lib64//libcuFile(\.so|\.a)
    /usr/local/math_libs/lib64//libcuFile(\.so|\.a)
    /usr/local//libcuFile(\.so|\.a)
    /usr/lib/x86_64-linux-gnu/nvidia/current//libcuFile(\.so|\.a)
    /usr/lib/x86_64-linux-gnu/lib64//libcuFile(\.so|\.a)
    /usr/lib/x86_64-linux-gnu/lib//libcuFile(\.so|\.a)
    /usr/lib/x86_64-linux-gnu/math_libs/13.2/lib64//libcuFile(\.so|\.a)
    /usr/lib/x86_64-linux-gnu/math_libs/lib64//libcuFile(\.so|\.a)
    /usr/lib/x86_64-linux-gnu//libcuFile(\.so|\.a)
    /usr/lib/nvidia/current//libcuFile(\.so|\.a)
    /usr/lib/lib64//libcuFile(\.so|\.a)
    /usr/lib/lib//libcuFile(\.so|\.a)
    /usr/lib/math_libs/13.2/lib64//libcuFile(\.so|\.a)
    /usr/lib/math_libs/lib64//libcuFile(\.so|\.a)
    /usr/lib//libcuFile(\.so|\.a)
    /usr/nvidia/current//libcuFile(\.so|\.a)
    /usr/lib64//libcuFile(\.so|\.a)
    /usr/lib//libcuFile(\.so|\.a)
    /usr/math_libs/13.2/lib64//libcuFile(\.so|\.a)
    /usr/math_libs/lib64//libcuFile(\.so|\.a)
    /usr//libcuFile(\.so|\.a)
    /lib/x86_64-linux-gnu/nvidia/current//libcuFile(\.so|\.a)
    /lib/x86_64-linux-gnu/lib64//libcuFile(\.so|\.a)
    /lib/x86_64-linux-gnu/lib//libcuFile(\.so|\.a)
    /lib/x86_64-linux-gnu/math_libs/13.2/lib64//libcuFile(\.so|\.a)
    /lib/x86_64-linux-gnu/math_libs/lib64//libcuFile(\.so|\.a)
    /lib/x86_64-linux-gnu//libcuFile(\.so|\.a)
    /lib/nvidia/current//libcuFile(\.so|\.a)
    /lib/lib64//libcuFile(\.so|\.a)
    /lib/lib//libcuFile(\.so|\.a)
    /lib/math_libs/13.2/lib64//libcuFile(\.so|\.a)
    /lib/math_libs/lib64//libcuFile(\.so|\.a)
    /lib//libcuFile(\.so|\.a)
    /home/gridtest/opt/cmake-4.4.0-linux-x86_64/lib/x86_64-linux-gnu/nvidia/current//libcuFile(\.so|\.a)
    /home/gridtest/opt/cmake-4.4.0-linux-x86_64/lib/x86_64-linux-gnu/lib64//libcuFile(\.so|\.a)
    /home/gridtest/opt/cmake-4.4.0-linux-x86_64/lib/x86_64-linux-gnu/lib//libcuFile(\.so|\.a)
    /home/gridtest/opt/cmake-4.4.0-linux-x86_64/lib/x86_64-linux-gnu/math_libs/13.2/lib64//libcuFile(\.so|\.a)
    /home/gridtest/opt/cmake-4.4.0-linux-x86_64/lib/x86_64-linux-gnu/math_libs/lib64//libcuFile(\.so|\.a)
    /home/gridtest/opt/cmake-4.4.0-linux-x86_64/lib/x86_64-linux-gnu//libcuFile(\.so|\.a)
    /home/gridtest/opt/cmake-4.4.0-linux-x86_64/lib/nvidia/current//libcuFile(\.so|\.a)
    /home/gridtest/opt/cmake-4.4.0-linux-x86_64/lib/lib64//libcuFile(\.so|\.a)
    /home/gridtest/opt/cmake-4.4.0-linux-x86_64/lib/lib//libcuFile(\.so|\.a)
    /home/gridtest/opt/cmake-4.4.0-linux-x86_64/lib/math_libs/13.2/lib64//libcuFile(\.so|\.a)
    /home/gridtest/opt/cmake-4.4.0-linux-x86_64/lib/math_libs/lib64//libcuFile(\.so|\.a)
    /home/gridtest/opt/cmake-4.4.0-linux-x86_64/lib//libcuFile(\.so|\.a)
    /home/gridtest/opt/cmake-4.4.0-linux-x86_64/nvidia/current//libcuFile(\.so|\.a)
    /home/gridtest/opt/cmake-4.4.0-linux-x86_64/lib64//libcuFile(\.so|\.a)
    /home/gridtest/opt/cmake-4.4.0-linux-x86_64/lib//libcuFile(\.so|\.a)
    /home/gridtest/opt/cmake-4.4.0-linux-x86_64/math_libs/13.2/lib64//libcuFile(\.so|\.a)
    /home/gridtest/opt/cmake-4.4.0-linux-x86_64/math_libs/lib64//libcuFile(\.so|\.a)
    /home/gridtest/opt/cmake-4.4.0-linux-x86_64//libcuFile(\.so|\.a)
    /usr/X11R6/lib/x86_64-linux-gnu/nvidia/current//libcuFile(\.so|\.a)
    /usr/X11R6/lib/x86_64-linux-gnu/lib64//libcuFile(\.so|\.a)
    /usr/X11R6/lib/x86_64-linux-gnu/lib//libcuFile(\.so|\.a)
    /usr/X11R6/lib/x86_64-linux-gnu/math_libs/13.2/lib64//libcuFile(\.so|\.a)
    /usr/X11R6/lib/x86_64-linux-gnu/math_libs/lib64//libcuFile(\.so|\.a)
    /usr/X11R6/lib/x86_64-linux-gnu//libcuFile(\.so|\.a)
    /usr/X11R6/lib/nvidia/current//libcuFile(\.so|\.a)
    /usr/X11R6/lib/lib64//libcuFile(\.so|\.a)
    /usr/X11R6/lib/lib//libcuFile(\.so|\.a)
    /usr/X11R6/lib/math_libs/13.2/lib64//libcuFile(\.so|\.a)
    /usr/X11R6/lib/math_libs/lib64//libcuFile(\.so|\.a)
    /usr/X11R6/lib//libcuFile(\.so|\.a)
    /usr/X11R6/nvidia/current//libcuFile(\.so|\.a)
    /usr/X11R6/lib64//libcuFile(\.so|\.a)
    /usr/X11R6/lib//libcuFile(\.so|\.a)
    /usr/X11R6/math_libs/13.2/lib64//libcuFile(\.so|\.a)
    /usr/X11R6/math_libs/lib64//libcuFile(\.so|\.a)
    /usr/X11R6//libcuFile(\.so|\.a)
    /usr/pkg/lib/x86_64-linux-gnu/nvidia/current//libcuFile(\.so|\.a)
    /usr/pkg/lib/x86_64-linux-gnu/lib64//libcuFile(\.so|\.a)
    /usr/pkg/lib/x86_64-linux-gnu/lib//libcuFile(\.so|\.a)
    /usr/pkg/lib/x86_64-linux-gnu/math_libs/13.2/lib64//libcuFile(\.so|\.a)
    /usr/pkg/lib/x86_64-linux-gnu/math_libs/lib64//libcuFile(\.so|\.a)
    /usr/pkg/lib/x86_64-linux-gnu//libcuFile(\.so|\.a)
    /usr/pkg/lib/nvidia/current//libcuFile(\.so|\.a)
    /usr/pkg/lib/lib64//libcuFile(\.so|\.a)
    /usr/pkg/lib/lib//libcuFile(\.so|\.a)
    /usr/pkg/lib/math_libs/13.2/lib64//libcuFile(\.so|\.a)
    /usr/pkg/lib/math_libs/lib64//libcuFile(\.so|\.a)
    /usr/pkg/lib//libcuFile(\.so|\.a)
    /usr/pkg/nvidia/current//libcuFile(\.so|\.a)
    /usr/pkg/lib64//libcuFile(\.so|\.a)
    /usr/pkg/lib//libcuFile(\.so|\.a)
    /usr/pkg/math_libs/13.2/lib64//libcuFile(\.so|\.a)
    /usr/pkg/math_libs/lib64//libcuFile(\.so|\.a)
    /usr/pkg//libcuFile(\.so|\.a)
    /opt/lib/x86_64-linux-gnu/nvidia/current//libcuFile(\.so|\.a)
    /opt/lib/x86_64-linux-gnu/lib64//libcuFile(\.so|\.a)
    /opt/lib/x86_64-linux-gnu/lib//libcuFile(\.so|\.a)
    /opt/lib/x86_64-linux-gnu/math_libs/13.2/lib64//libcuFile(\.so|\.a)
    /opt/lib/x86_64-linux-gnu/math_libs/lib64//libcuFile(\.so|\.a)
    /opt/lib/x86_64-linux-gnu//libcuFile(\.so|\.a)
    /opt/lib/nvidia/current//libcuFile(\.so|\.a)
    /opt/lib/lib64//libcuFile(\.so|\.a)
    /opt/lib/lib//libcuFile(\.so|\.a)
    /opt/lib/math_libs/13.2/lib64//libcuFile(\.so|\.a)
    /opt/lib/math_libs/lib64//libcuFile(\.so|\.a)
    /opt/lib//libcuFile(\.so|\.a)
    /opt/nvidia/current//libcuFile(\.so|\.a)
    /opt/lib64//libcuFile(\.so|\.a)
    /opt/lib//libcuFile(\.so|\.a)
    /opt/math_libs/13.2/lib64//libcuFile(\.so|\.a)
    /opt/math_libs/lib64//libcuFile(\.so|\.a)
    /opt//libcuFile(\.so|\.a)
    /usr/lib/X11/nvidia/current//libcuFile(\.so|\.a)
    /usr/lib/X11/lib64//libcuFile(\.so|\.a)
    /usr/lib/X11/lib//libcuFile(\.so|\.a)
    /usr/lib/X11/math_libs/13.2/lib64//libcuFile(\.so|\.a)
    /usr/lib/X11/math_libs/lib64//libcuFile(\.so|\.a)
    /usr/lib/X11//libcuFile(\.so|\.a)
    /usr/local/cuda-13.2/targets/x86_64-linux/lib/nvidia/current//libcufile(\.so|\.a)
    /usr/local/cuda-13.2/targets/x86_64-linux/lib/lib64//libcufile(\.so|\.a)
    /usr/local/cuda-13.2/targets/x86_64-linux/lib/lib//libcufile(\.so|\.a)
    /usr/local/cuda-13.2/targets/x86_64-linux/lib/math_libs/13.2/lib64//libcufile(\.so|\.a)
    /usr/local/cuda-13.2/targets/x86_64-linux/lib/math_libs/lib64//libcufile(\.so|\.a)

  The item was found at

    /usr/local/cuda-13.2/targets/x86_64-linux/lib/libcufile.so

Call Stack (most recent call first):
  /home/gridtest/opt/cmake-4.4.0-linux-x86_64/share/cmake-4.4/Modules/FindCUDAToolkit.cmake:1405 (_CUDAToolkit_find_and_add_import_lib)
  CMakeLists.txt:4 (find_package)


CMake Debug Log at /home/gridtest/opt/cmake-4.4.0-linux-x86_64/share/cmake-4.4/Modules/FindCUDAToolkit.cmake:1283 (find_library):
  find_library called with the following settings:

    VAR: CUDA_cuFile_static_LIBRARY
    NAMES: "cuFile_static"
           "cufile_static"
    Documentation: Path to a library.
    Framework
      Only Search Frameworks: 0
      Search Frameworks Last: 0
      Search Frameworks First: 0
    AppBundle
      Only Search AppBundle: 0
      Search AppBundle Last: 0
      Search AppBundle First: 0
    CMAKE_FIND_USE_CMAKE_PATH: 1
    CMAKE_FIND_USE_CMAKE_ENVIRONMENT_PATH: 1
    CMAKE_FIND_USE_SYSTEM_ENVIRONMENT_PATH: 1
    CMAKE_FIND_USE_CMAKE_SYSTEM_PATH: 1
    CMAKE_FIND_USE_INSTALL_PREFIX: 1

  find_library considered the following locations:

    /usr/local/cuda-13.2/targets/x86_64-linux/lib/nvidia/current//libcuFile_static(\.so|\.a)
    /usr/local/cuda-13.2/targets/x86_64-linux/lib/lib64//libcuFile_static(\.so|\.a)
    /usr/local/cuda-13.2/targets/x86_64-linux/lib/lib//libcuFile_static(\.so|\.a)
    /usr/local/cuda-13.2/targets/x86_64-linux/lib/math_libs/13.2/lib64//libcuFile_static(\.so|\.a)
    /usr/local/cuda-13.2/targets/x86_64-linux/lib/math_libs/lib64//libcuFile_static(\.so|\.a)
    /usr/local/cuda-13.2/targets/x86_64-linux/lib//libcuFile_static(\.so|\.a)
    /usr/local/cuda-13.2/targets/x86_64-linux/lib/stubs/nvidia/current//libcuFile_static(\.so|\.a)
    /usr/local/cuda-13.2/targets/x86_64-linux/lib/stubs/lib64//libcuFile_static(\.so|\.a)
    /usr/local/cuda-13.2/targets/x86_64-linux/lib/stubs/lib//libcuFile_static(\.so|\.a)
    /usr/local/cuda-13.2/targets/x86_64-linux/lib/stubs/math_libs/13.2/lib64//libcuFile_static(\.so|\.a)
    /usr/local/cuda-13.2/targets/x86_64-linux/lib/stubs/math_libs/lib64//libcuFile_static(\.so|\.a)
    /usr/local/cuda-13.2/targets/x86_64-linux/lib/stubs//libcuFile_static(\.so|\.a)
    /home/gridtest/opt/openmpi-5.0.10/bin/nvidia/current//libcuFile_static(\.so|\.a)
    /home/gridtest/opt/openmpi-5.0.10/bin/lib64//libcuFile_static(\.so|\.a)
    /home/gridtest/opt/openmpi-5.0.10/bin/lib//libcuFile_static(\.so|\.a)
    /home/gridtest/opt/openmpi-5.0.10/bin/math_libs/13.2/lib64//libcuFile_static(\.so|\.a)
    /home/gridtest/opt/openmpi-5.0.10/bin/math_libs/lib64//libcuFile_static(\.so|\.a)
    /home/gridtest/opt/openmpi-5.0.10/bin//libcuFile_static(\.so|\.a)
    /home/gridtest/opt/cmake-4.4.0-linux-x86_64/bin/nvidia/current//libcuFile_static(\.so|\.a)
    /home/gridtest/opt/cmake-4.4.0-linux-x86_64/bin/lib64//libcuFile_static(\.so|\.a)
    /home/gridtest/opt/cmake-4.4.0-linux-x86_64/bin/lib//libcuFile_static(\.so|\.a)
    /home/gridtest/opt/cmake-4.4.0-linux-x86_64/bin/math_libs/13.2/lib64//libcuFile_static(\.so|\.a)
    /home/gridtest/opt/cmake-4.4.0-linux-x86_64/bin/math_libs/lib64//libcuFile_static(\.so|\.a)
    /home/gridtest/opt/cmake-4.4.0-linux-x86_64/bin//libcuFile_static(\.so|\.a)
    /usr/local/cuda-13.2/bin/nvidia/current//libcuFile_static(\.so|\.a)
    /usr/local/cuda-13.2/bin/lib64//libcuFile_static(\.so|\.a)
    /usr/local/cuda-13.2/bin/lib//libcuFile_static(\.so|\.a)
    /usr/local/cuda-13.2/bin/math_libs/13.2/lib64//libcuFile_static(\.so|\.a)
    /usr/local/cuda-13.2/bin/math_libs/lib64//libcuFile_static(\.so|\.a)
    /usr/local/cuda-13.2/bin//libcuFile_static(\.so|\.a)
    /usr/local/sbin/nvidia/current//libcuFile_static(\.so|\.a)
    /usr/local/sbin/lib64//libcuFile_static(\.so|\.a)
    /usr/local/sbin/lib//libcuFile_static(\.so|\.a)
    /usr/local/sbin/math_libs/13.2/lib64//libcuFile_static(\.so|\.a)
    /usr/local/sbin/math_libs/lib64//libcuFile_static(\.so|\.a)
    /usr/local/sbin//libcuFile_static(\.so|\.a)
    /usr/local/bin/nvidia/current//libcuFile_static(\.so|\.a)
    /usr/local/bin/lib64//libcuFile_static(\.so|\.a)
    /usr/local/bin/lib//libcuFile_static(\.so|\.a)
    /usr/local/bin/math_libs/13.2/lib64//libcuFile_static(\.so|\.a)
    /usr/local/bin/math_libs/lib64//libcuFile_static(\.so|\.a)
    /usr/local/bin//libcuFile_static(\.so|\.a)
    /usr/sbin/nvidia/current//libcuFile_static(\.so|\.a)
    /usr/sbin/lib64//libcuFile_static(\.so|\.a)
    /usr/sbin/lib//libcuFile_static(\.so|\.a)
    /usr/sbin/math_libs/13.2/lib64//libcuFile_static(\.so|\.a)
    /usr/sbin/math_libs/lib64//libcuFile_static(\.so|\.a)
    /usr/sbin//libcuFile_static(\.so|\.a)
    /usr/bin/nvidia/current//libcuFile_static(\.so|\.a)
    /usr/bin/lib64//libcuFile_static(\.so|\.a)
    /usr/bin/lib//libcuFile_static(\.so|\.a)
    /usr/bin/math_libs/13.2/lib64//libcuFile_static(\.so|\.a)
    /usr/bin/math_libs/lib64//libcuFile_static(\.so|\.a)
    /usr/bin//libcuFile_static(\.so|\.a)
    /sbin/nvidia/current//libcuFile_static(\.so|\.a)
    /sbin/lib64//libcuFile_static(\.so|\.a)
    /sbin/lib//libcuFile_static(\.so|\.a)
    /sbin/math_libs/13.2/lib64//libcuFile_static(\.so|\.a)
    /sbin/math_libs/lib64//libcuFile_static(\.so|\.a)
    /sbin//libcuFile_static(\.so|\.a)
    /bin/nvidia/current//libcuFile_static(\.so|\.a)
    /bin/lib64//libcuFile_static(\.so|\.a)
    /bin/lib//libcuFile_static(\.so|\.a)
    /bin/math_libs/13.2/lib64//libcuFile_static(\.so|\.a)
    /bin/math_libs/lib64//libcuFile_static(\.so|\.a)
    /bin//libcuFile_static(\.so|\.a)
    /usr/games/nvidia/current//libcuFile_static(\.so|\.a)
    /usr/games/lib64//libcuFile_static(\.so|\.a)
    /usr/games/lib//libcuFile_static(\.so|\.a)
    /usr/games/math_libs/13.2/lib64//libcuFile_static(\.so|\.a)
    /usr/games/math_libs/lib64//libcuFile_static(\.so|\.a)
    /usr/games//libcuFile_static(\.so|\.a)
    /usr/local/games/nvidia/current//libcuFile_static(\.so|\.a)
    /usr/local/games/lib64//libcuFile_static(\.so|\.a)
    /usr/local/games/lib//libcuFile_static(\.so|\.a)
    /usr/local/games/math_libs/13.2/lib64//libcuFile_static(\.so|\.a)
    /usr/local/games/math_libs/lib64//libcuFile_static(\.so|\.a)
    /usr/local/games//libcuFile_static(\.so|\.a)
    /snap/bin/nvidia/current//libcuFile_static(\.so|\.a)
    /snap/bin/lib64//libcuFile_static(\.so|\.a)
    /snap/bin/lib//libcuFile_static(\.so|\.a)
    /snap/bin/math_libs/13.2/lib64//libcuFile_static(\.so|\.a)
    /snap/bin/math_libs/lib64//libcuFile_static(\.so|\.a)
    /snap/bin//libcuFile_static(\.so|\.a)
    /usr/local/lib/x86_64-linux-gnu/nvidia/current//libcuFile_static(\.so|\.a)
    /usr/local/lib/x86_64-linux-gnu/lib64//libcuFile_static(\.so|\.a)
    /usr/local/lib/x86_64-linux-gnu/lib//libcuFile_static(\.so|\.a)
    /usr/local/lib/x86_64-linux-gnu/math_libs/13.2/lib64//libcuFile_static(\.so|\.a)
    /usr/local/lib/x86_64-linux-gnu/math_libs/lib64//libcuFile_static(\.so|\.a)
    /usr/local/lib/x86_64-linux-gnu//libcuFile_static(\.so|\.a)
    /usr/local/lib/nvidia/current//libcuFile_static(\.so|\.a)
    /usr/local/lib/lib64//libcuFile_static(\.so|\.a)
    /usr/local/lib/lib//libcuFile_static(\.so|\.a)
    /usr/local/lib/math_libs/13.2/lib64//libcuFile_static(\.so|\.a)
    /usr/local/lib/math_libs/lib64//libcuFile_static(\.so|\.a)
    /usr/local/lib//libcuFile_static(\.so|\.a)
    /usr/local/nvidia/current//libcuFile_static(\.so|\.a)
    /usr/local/lib64//libcuFile_static(\.so|\.a)
    /usr/local/lib//libcuFile_static(\.so|\.a)
    /usr/local/math_libs/13.2/lib64//libcuFile_static(\.so|\.a)
    /usr/local/math_libs/lib64//libcuFile_static(\.so|\.a)
    /usr/local//libcuFile_static(\.so|\.a)
    /usr/lib/x86_64-linux-gnu/nvidia/current//libcuFile_static(\.so|\.a)
    /usr/lib/x86_64-linux-gnu/lib64//libcuFile_static(\.so|\.a)
    /usr/lib/x86_64-linux-gnu/lib//libcuFile_static(\.so|\.a)
    /usr/lib/x86_64-linux-gnu/math_libs/13.2/lib64//libcuFile_static(\.so|\.a)
    /usr/lib/x86_64-linux-gnu/math_libs/lib64//libcuFile_static(\.so|\.a)
    /usr/lib/x86_64-linux-gnu//libcuFile_static(\.so|\.a)
    /usr/lib/nvidia/current//libcuFile_static(\.so|\.a)
    /usr/lib/lib64//libcuFile_static(\.so|\.a)
    /usr/lib/lib//libcuFile_static(\.so|\.a)
    /usr/lib/math_libs/13.2/lib64//libcuFile_static(\.so|\.a)
    /usr/lib/math_libs/lib64//libcuFile_static(\.so|\.a)
    /usr/lib//libcuFile_static(\.so|\.a)
    /usr/nvidia/current//libcuFile_static(\.so|\.a)
    /usr/lib64//libcuFile_static(\.so|\.a)
    /usr/lib//libcuFile_static(\.so|\.a)
    /usr/math_libs/13.2/lib64//libcuFile_static(\.so|\.a)
    /usr/math_libs/lib64//libcuFile_static(\.so|\.a)
    /usr//libcuFile_static(\.so|\.a)
    /lib/x86_64-linux-gnu/nvidia/current//libcuFile_static(\.so|\.a)
    /lib/x86_64-linux-gnu/lib64//libcuFile_static(\.so|\.a)
    /lib/x86_64-linux-gnu/lib//libcuFile_static(\.so|\.a)
    /lib/x86_64-linux-gnu/math_libs/13.2/lib64//libcuFile_static(\.so|\.a)
    /lib/x86_64-linux-gnu/math_libs/lib64//libcuFile_static(\.so|\.a)
    /lib/x86_64-linux-gnu//libcuFile_static(\.so|\.a)
    /lib/nvidia/current//libcuFile_static(\.so|\.a)
    /lib/lib64//libcuFile_static(\.so|\.a)
    /lib/lib//libcuFile_static(\.so|\.a)
    /lib/math_libs/13.2/lib64//libcuFile_static(\.so|\.a)
    /lib/math_libs/lib64//libcuFile_static(\.so|\.a)
    /lib//libcuFile_static(\.so|\.a)
    /home/gridtest/opt/cmake-4.4.0-linux-x86_64/lib/x86_64-linux-gnu/nvidia/current//libcuFile_static(\.so|\.a)
    /home/gridtest/opt/cmake-4.4.0-linux-x86_64/lib/x86_64-linux-gnu/lib64//libcuFile_static(\.so|\.a)
    /home/gridtest/opt/cmake-4.4.0-linux-x86_64/lib/x86_64-linux-gnu/lib//libcuFile_static(\.so|\.a)
    /home/gridtest/opt/cmake-4.4.0-linux-x86_64/lib/x86_64-linux-gnu/math_libs/13.2/lib64//libcuFile_static(\.so|\.a)
    /home/gridtest/opt/cmake-4.4.0-linux-x86_64/lib/x86_64-linux-gnu/math_libs/lib64//libcuFile_static(\.so|\.a)
    /home/gridtest/opt/cmake-4.4.0-linux-x86_64/lib/x86_64-linux-gnu//libcuFile_static(\.so|\.a)
    /home/gridtest/opt/cmake-4.4.0-linux-x86_64/lib/nvidia/current//libcuFile_static(\.so|\.a)
    /home/gridtest/opt/cmake-4.4.0-linux-x86_64/lib/lib64//libcuFile_static(\.so|\.a)
    /home/gridtest/opt/cmake-4.4.0-linux-x86_64/lib/lib//libcuFile_static(\.so|\.a)
    /home/gridtest/opt/cmake-4.4.0-linux-x86_64/lib/math_libs/13.2/lib64//libcuFile_static(\.so|\.a)
    /home/gridtest/opt/cmake-4.4.0-linux-x86_64/lib/math_libs/lib64//libcuFile_static(\.so|\.a)
    /home/gridtest/opt/cmake-4.4.0-linux-x86_64/lib//libcuFile_static(\.so|\.a)
    /home/gridtest/opt/cmake-4.4.0-linux-x86_64/nvidia/current//libcuFile_static(\.so|\.a)
    /home/gridtest/opt/cmake-4.4.0-linux-x86_64/lib64//libcuFile_static(\.so|\.a)
    /home/gridtest/opt/cmake-4.4.0-linux-x86_64/lib//libcuFile_static(\.so|\.a)
    /home/gridtest/opt/cmake-4.4.0-linux-x86_64/math_libs/13.2/lib64//libcuFile_static(\.so|\.a)
    /home/gridtest/opt/cmake-4.4.0-linux-x86_64/math_libs/lib64//libcuFile_static(\.so|\.a)
    /home/gridtest/opt/cmake-4.4.0-linux-x86_64//libcuFile_static(\.so|\.a)
    /usr/X11R6/lib/x86_64-linux-gnu/nvidia/current//libcuFile_static(\.so|\.a)
    /usr/X11R6/lib/x86_64-linux-gnu/lib64//libcuFile_static(\.so|\.a)
    /usr/X11R6/lib/x86_64-linux-gnu/lib//libcuFile_static(\.so|\.a)
    /usr/X11R6/lib/x86_64-linux-gnu/math_libs/13.2/lib64//libcuFile_static(\.so|\.a)
    /usr/X11R6/lib/x86_64-linux-gnu/math_libs/lib64//libcuFile_static(\.so|\.a)
    /usr/X11R6/lib/x86_64-linux-gnu//libcuFile_static(\.so|\.a)
    /usr/X11R6/lib/nvidia/current//libcuFile_static(\.so|\.a)
    /usr/X11R6/lib/lib64//libcuFile_static(\.so|\.a)
    /usr/X11R6/lib/lib//libcuFile_static(\.so|\.a)
    /usr/X11R6/lib/math_libs/13.2/lib64//libcuFile_static(\.so|\.a)
    /usr/X11R6/lib/math_libs/lib64//libcuFile_static(\.so|\.a)
    /usr/X11R6/lib//libcuFile_static(\.so|\.a)
    /usr/X11R6/nvidia/current//libcuFile_static(\.so|\.a)
    /usr/X11R6/lib64//libcuFile_static(\.so|\.a)
    /usr/X11R6/lib//libcuFile_static(\.so|\.a)
    /usr/X11R6/math_libs/13.2/lib64//libcuFile_static(\.so|\.a)
    /usr/X11R6/math_libs/lib64//libcuFile_static(\.so|\.a)
    /usr/X11R6//libcuFile_static(\.so|\.a)
    /usr/pkg/lib/x86_64-linux-gnu/nvidia/current//libcuFile_static(\.so|\.a)
    /usr/pkg/lib/x86_64-linux-gnu/lib64//libcuFile_static(\.so|\.a)
    /usr/pkg/lib/x86_64-linux-gnu/lib//libcuFile_static(\.so|\.a)
    /usr/pkg/lib/x86_64-linux-gnu/math_libs/13.2/lib64//libcuFile_static(\.so|\.a)
    /usr/pkg/lib/x86_64-linux-gnu/math_libs/lib64//libcuFile_static(\.so|\.a)
    /usr/pkg/lib/x86_64-linux-gnu//libcuFile_static(\.so|\.a)
    /usr/pkg/lib/nvidia/current//libcuFile_static(\.so|\.a)
    /usr/pkg/lib/lib64//libcuFile_static(\.so|\.a)
    /usr/pkg/lib/lib//libcuFile_static(\.so|\.a)
    /usr/pkg/lib/math_libs/13.2/lib64//libcuFile_static(\.so|\.a)
    /usr/pkg/lib/math_libs/lib64//libcuFile_static(\.so|\.a)
    /usr/pkg/lib//libcuFile_static(\.so|\.a)
    /usr/pkg/nvidia/current//libcuFile_static(\.so|\.a)
    /usr/pkg/lib64//libcuFile_static(\.so|\.a)
    /usr/pkg/lib//libcuFile_static(\.so|\.a)
    /usr/pkg/math_libs/13.2/lib64//libcuFile_static(\.so|\.a)
    /usr/pkg/math_libs/lib64//libcuFile_static(\.so|\.a)
    /usr/pkg//libcuFile_static(\.so|\.a)
    /opt/lib/x86_64-linux-gnu/nvidia/current//libcuFile_static(\.so|\.a)
    /opt/lib/x86_64-linux-gnu/lib64//libcuFile_static(\.so|\.a)
    /opt/lib/x86_64-linux-gnu/lib//libcuFile_static(\.so|\.a)
    /opt/lib/x86_64-linux-gnu/math_libs/13.2/lib64//libcuFile_static(\.so|\.a)
    /opt/lib/x86_64-linux-gnu/math_libs/lib64//libcuFile_static(\.so|\.a)
    /opt/lib/x86_64-linux-gnu//libcuFile_static(\.so|\.a)
    /opt/lib/nvidia/current//libcuFile_static(\.so|\.a)
    /opt/lib/lib64//libcuFile_static(\.so|\.a)
    /opt/lib/lib//libcuFile_static(\.so|\.a)
    /opt/lib/math_libs/13.2/lib64//libcuFile_static(\.so|\.a)
    /opt/lib/math_libs/lib64//libcuFile_static(\.so|\.a)
    /opt/lib//libcuFile_static(\.so|\.a)
    /opt/nvidia/current//libcuFile_static(\.so|\.a)
    /opt/lib64//libcuFile_static(\.so|\.a)
    /opt/lib//libcuFile_static(\.so|\.a)
    /opt/math_libs/13.2/lib64//libcuFile_static(\.so|\.a)
    /opt/math_libs/lib64//libcuFile_static(\.so|\.a)
    /opt//libcuFile_static(\.so|\.a)
    /usr/lib/X11/nvidia/current//libcuFile_static(\.so|\.a)
    /usr/lib/X11/lib64//libcuFile_static(\.so|\.a)
    /usr/lib/X11/lib//libcuFile_static(\.so|\.a)
    /usr/lib/X11/math_libs/13.2/lib64//libcuFile_static(\.so|\.a)
    /usr/lib/X11/math_libs/lib64//libcuFile_static(\.so|\.a)
    /usr/lib/X11//libcuFile_static(\.so|\.a)
    /usr/local/cuda-13.2/targets/x86_64-linux/lib/nvidia/current//libcufile_static(\.so|\.a)
    /usr/local/cuda-13.2/targets/x86_64-linux/lib/lib64//libcufile_static(\.so|\.a)
    /usr/local/cuda-13.2/targets/x86_64-linux/lib/lib//libcufile_static(\.so|\.a)
    /usr/local/cuda-13.2/targets/x86_64-linux/lib/math_libs/13.2/lib64//libcufile_static(\.so|\.a)
    /usr/local/cuda-13.2/targets/x86_64-linux/lib/math_libs/lib64//libcufile_static(\.so|\.a)

  The item was found at

    /usr/local/cuda-13.2/targets/x86_64-linux/lib/libcufile_static.a

Call Stack (most recent call first):
  /home/gridtest/opt/cmake-4.4.0-linux-x86_64/share/cmake-4.4/Modules/FindCUDAToolkit.cmake:1406 (_CUDAToolkit_find_and_add_import_lib)
  CMakeLists.txt:4 (find_package)


CMake Debug Log at /home/gridtest/opt/cmake-4.4.0-linux-x86_64/share/cmake-4.4/Modules/FindCUDAToolkit.cmake:1283 (find_library):
  find_library called with the following settings:

    VAR: CUDA_cuFile_rdma_LIBRARY
    NAMES: "cuFile_rdma"
           "cufile_rdma"
    Documentation: Path to a library.
    Framework
      Only Search Frameworks: 0
      Search Frameworks Last: 0
      Search Frameworks First: 0
    AppBundle
      Only Search AppBundle: 0
      Search AppBundle Last: 0
      Search AppBundle First: 0
    CMAKE_FIND_USE_CMAKE_PATH: 1
    CMAKE_FIND_USE_CMAKE_ENVIRONMENT_PATH: 1
    CMAKE_FIND_USE_SYSTEM_ENVIRONMENT_PATH: 1
    CMAKE_FIND_USE_CMAKE_SYSTEM_PATH: 1
    CMAKE_FIND_USE_INSTALL_PREFIX: 1

  find_library considered the following locations:

    /usr/local/cuda-13.2/targets/x86_64-linux/lib/nvidia/current//libcuFile_rdma(\.so|\.a)
    /usr/local/cuda-13.2/targets/x86_64-linux/lib/lib64//libcuFile_rdma(\.so|\.a)
    /usr/local/cuda-13.2/targets/x86_64-linux/lib/lib//libcuFile_rdma(\.so|\.a)
    /usr/local/cuda-13.2/targets/x86_64-linux/lib/math_libs/13.2/lib64//libcuFile_rdma(\.so|\.a)
    /usr/local/cuda-13.2/targets/x86_64-linux/lib/math_libs/lib64//libcuFile_rdma(\.so|\.a)
    /usr/local/cuda-13.2/targets/x86_64-linux/lib//libcuFile_rdma(\.so|\.a)
    /usr/local/cuda-13.2/targets/x86_64-linux/lib/stubs/nvidia/current//libcuFile_rdma(\.so|\.a)
    /usr/local/cuda-13.2/targets/x86_64-linux/lib/stubs/lib64//libcuFile_rdma(\.so|\.a)
    /usr/local/cuda-13.2/targets/x86_64-linux/lib/stubs/lib//libcuFile_rdma(\.so|\.a)
    /usr/local/cuda-13.2/targets/x86_64-linux/lib/stubs/math_libs/13.2/lib64//libcuFile_rdma(\.so|\.a)
    /usr/local/cuda-13.2/targets/x86_64-linux/lib/stubs/math_libs/lib64//libcuFile_rdma(\.so|\.a)
    /usr/local/cuda-13.2/targets/x86_64-linux/lib/stubs//libcuFile_rdma(\.so|\.a)
    /home/gridtest/opt/openmpi-5.0.10/bin/nvidia/current//libcuFile_rdma(\.so|\.a)
    /home/gridtest/opt/openmpi-5.0.10/bin/lib64//libcuFile_rdma(\.so|\.a)
    /home/gridtest/opt/openmpi-5.0.10/bin/lib//libcuFile_rdma(\.so|\.a)
    /home/gridtest/opt/openmpi-5.0.10/bin/math_libs/13.2/lib64//libcuFile_rdma(\.so|\.a)
    /home/gridtest/opt/openmpi-5.0.10/bin/math_libs/lib64//libcuFile_rdma(\.so|\.a)
    /home/gridtest/opt/openmpi-5.0.10/bin//libcuFile_rdma(\.so|\.a)
    /home/gridtest/opt/cmake-4.4.0-linux-x86_64/bin/nvidia/current//libcuFile_rdma(\.so|\.a)
    /home/gridtest/opt/cmake-4.4.0-linux-x86_64/bin/lib64//libcuFile_rdma(\.so|\.a)
    /home/gridtest/opt/cmake-4.4.0-linux-x86_64/bin/lib//libcuFile_rdma(\.so|\.a)
    /home/gridtest/opt/cmake-4.4.0-linux-x86_64/bin/math_libs/13.2/lib64//libcuFile_rdma(\.so|\.a)
    /home/gridtest/opt/cmake-4.4.0-linux-x86_64/bin/math_libs/lib64//libcuFile_rdma(\.so|\.a)
    /home/gridtest/opt/cmake-4.4.0-linux-x86_64/bin//libcuFile_rdma(\.so|\.a)
    /usr/local/cuda-13.2/bin/nvidia/current//libcuFile_rdma(\.so|\.a)
    /usr/local/cuda-13.2/bin/lib64//libcuFile_rdma(\.so|\.a)
    /usr/local/cuda-13.2/bin/lib//libcuFile_rdma(\.so|\.a)
    /usr/local/cuda-13.2/bin/math_libs/13.2/lib64//libcuFile_rdma(\.so|\.a)
    /usr/local/cuda-13.2/bin/math_libs/lib64//libcuFile_rdma(\.so|\.a)
    /usr/local/cuda-13.2/bin//libcuFile_rdma(\.so|\.a)
    /usr/local/sbin/nvidia/current//libcuFile_rdma(\.so|\.a)
    /usr/local/sbin/lib64//libcuFile_rdma(\.so|\.a)
    /usr/local/sbin/lib//libcuFile_rdma(\.so|\.a)
    /usr/local/sbin/math_libs/13.2/lib64//libcuFile_rdma(\.so|\.a)
    /usr/local/sbin/math_libs/lib64//libcuFile_rdma(\.so|\.a)
    /usr/local/sbin//libcuFile_rdma(\.so|\.a)
    /usr/local/bin/nvidia/current//libcuFile_rdma(\.so|\.a)
    /usr/local/bin/lib64//libcuFile_rdma(\.so|\.a)
    /usr/local/bin/lib//libcuFile_rdma(\.so|\.a)
    /usr/local/bin/math_libs/13.2/lib64//libcuFile_rdma(\.so|\.a)
    /usr/local/bin/math_libs/lib64//libcuFile_rdma(\.so|\.a)
    /usr/local/bin//libcuFile_rdma(\.so|\.a)
    /usr/sbin/nvidia/current//libcuFile_rdma(\.so|\.a)
    /usr/sbin/lib64//libcuFile_rdma(\.so|\.a)
    /usr/sbin/lib//libcuFile_rdma(\.so|\.a)
    /usr/sbin/math_libs/13.2/lib64//libcuFile_rdma(\.so|\.a)
    /usr/sbin/math_libs/lib64//libcuFile_rdma(\.so|\.a)
    /usr/sbin//libcuFile_rdma(\.so|\.a)
    /usr/bin/nvidia/current//libcuFile_rdma(\.so|\.a)
    /usr/bin/lib64//libcuFile_rdma(\.so|\.a)
    /usr/bin/lib//libcuFile_rdma(\.so|\.a)
    /usr/bin/math_libs/13.2/lib64//libcuFile_rdma(\.so|\.a)
    /usr/bin/math_libs/lib64//libcuFile_rdma(\.so|\.a)
    /usr/bin//libcuFile_rdma(\.so|\.a)
    /sbin/nvidia/current//libcuFile_rdma(\.so|\.a)
    /sbin/lib64//libcuFile_rdma(\.so|\.a)
    /sbin/lib//libcuFile_rdma(\.so|\.a)
    /sbin/math_libs/13.2/lib64//libcuFile_rdma(\.so|\.a)
    /sbin/math_libs/lib64//libcuFile_rdma(\.so|\.a)
    /sbin//libcuFile_rdma(\.so|\.a)
    /bin/nvidia/current//libcuFile_rdma(\.so|\.a)
    /bin/lib64//libcuFile_rdma(\.so|\.a)
    /bin/lib//libcuFile_rdma(\.so|\.a)
    /bin/math_libs/13.2/lib64//libcuFile_rdma(\.so|\.a)
    /bin/math_libs/lib64//libcuFile_rdma(\.so|\.a)
    /bin//libcuFile_rdma(\.so|\.a)
    /usr/games/nvidia/current//libcuFile_rdma(\.so|\.a)
    /usr/games/lib64//libcuFile_rdma(\.so|\.a)
    /usr/games/lib//libcuFile_rdma(\.so|\.a)
    /usr/games/math_libs/13.2/lib64//libcuFile_rdma(\.so|\.a)
    /usr/games/math_libs/lib64//libcuFile_rdma(\.so|\.a)
    /usr/games//libcuFile_rdma(\.so|\.a)
    /usr/local/games/nvidia/current//libcuFile_rdma(\.so|\.a)
    /usr/local/games/lib64//libcuFile_rdma(\.so|\.a)
    /usr/local/games/lib//libcuFile_rdma(\.so|\.a)
    /usr/local/games/math_libs/13.2/lib64//libcuFile_rdma(\.so|\.a)
    /usr/local/games/math_libs/lib64//libcuFile_rdma(\.so|\.a)
    /usr/local/games//libcuFile_rdma(\.so|\.a)
    /snap/bin/nvidia/current//libcuFile_rdma(\.so|\.a)
    /snap/bin/lib64//libcuFile_rdma(\.so|\.a)
    /snap/bin/lib//libcuFile_rdma(\.so|\.a)
    /snap/bin/math_libs/13.2/lib64//libcuFile_rdma(\.so|\.a)
    /snap/bin/math_libs/lib64//libcuFile_rdma(\.so|\.a)
    /snap/bin//libcuFile_rdma(\.so|\.a)
    /usr/local/lib/x86_64-linux-gnu/nvidia/current//libcuFile_rdma(\.so|\.a)
    /usr/local/lib/x86_64-linux-gnu/lib64//libcuFile_rdma(\.so|\.a)
    /usr/local/lib/x86_64-linux-gnu/lib//libcuFile_rdma(\.so|\.a)
    /usr/local/lib/x86_64-linux-gnu/math_libs/13.2/lib64//libcuFile_rdma(\.so|\.a)
    /usr/local/lib/x86_64-linux-gnu/math_libs/lib64//libcuFile_rdma(\.so|\.a)
    /usr/local/lib/x86_64-linux-gnu//libcuFile_rdma(\.so|\.a)
    /usr/local/lib/nvidia/current//libcuFile_rdma(\.so|\.a)
    /usr/local/lib/lib64//libcuFile_rdma(\.so|\.a)
    /usr/local/lib/lib//libcuFile_rdma(\.so|\.a)
    /usr/local/lib/math_libs/13.2/lib64//libcuFile_rdma(\.so|\.a)
    /usr/local/lib/math_libs/lib64//libcuFile_rdma(\.so|\.a)
    /usr/local/lib//libcuFile_rdma(\.so|\.a)
    /usr/local/nvidia/current//libcuFile_rdma(\.so|\.a)
    /usr/local/lib64//libcuFile_rdma(\.so|\.a)
    /usr/local/lib//libcuFile_rdma(\.so|\.a)
    /usr/local/math_libs/13.2/lib64//libcuFile_rdma(\.so|\.a)
    /usr/local/math_libs/lib64//libcuFile_rdma(\.so|\.a)
    /usr/local//libcuFile_rdma(\.so|\.a)
    /usr/lib/x86_64-linux-gnu/nvidia/current//libcuFile_rdma(\.so|\.a)
    /usr/lib/x86_64-linux-gnu/lib64//libcuFile_rdma(\.so|\.a)
    /usr/lib/x86_64-linux-gnu/lib//libcuFile_rdma(\.so|\.a)
    /usr/lib/x86_64-linux-gnu/math_libs/13.2/lib64//libcuFile_rdma(\.so|\.a)
    /usr/lib/x86_64-linux-gnu/math_libs/lib64//libcuFile_rdma(\.so|\.a)
    /usr/lib/x86_64-linux-gnu//libcuFile_rdma(\.so|\.a)
    /usr/lib/nvidia/current//libcuFile_rdma(\.so|\.a)
    /usr/lib/lib64//libcuFile_rdma(\.so|\.a)
    /usr/lib/lib//libcuFile_rdma(\.so|\.a)
    /usr/lib/math_libs/13.2/lib64//libcuFile_rdma(\.so|\.a)
    /usr/lib/math_libs/lib64//libcuFile_rdma(\.so|\.a)
    /usr/lib//libcuFile_rdma(\.so|\.a)
    /usr/nvidia/current//libcuFile_rdma(\.so|\.a)
    /usr/lib64//libcuFile_rdma(\.so|\.a)
    /usr/lib//libcuFile_rdma(\.so|\.a)
    /usr/math_libs/13.2/lib64//libcuFile_rdma(\.so|\.a)
    /usr/math_libs/lib64//libcuFile_rdma(\.so|\.a)
    /usr//libcuFile_rdma(\.so|\.a)
    /lib/x86_64-linux-gnu/nvidia/current//libcuFile_rdma(\.so|\.a)
    /lib/x86_64-linux-gnu/lib64//libcuFile_rdma(\.so|\.a)
    /lib/x86_64-linux-gnu/lib//libcuFile_rdma(\.so|\.a)
    /lib/x86_64-linux-gnu/math_libs/13.2/lib64//libcuFile_rdma(\.so|\.a)
    /lib/x86_64-linux-gnu/math_libs/lib64//libcuFile_rdma(\.so|\.a)
    /lib/x86_64-linux-gnu//libcuFile_rdma(\.so|\.a)
    /lib/nvidia/current//libcuFile_rdma(\.so|\.a)
    /lib/lib64//libcuFile_rdma(\.so|\.a)
    /lib/lib//libcuFile_rdma(\.so|\.a)
    /lib/math_libs/13.2/lib64//libcuFile_rdma(\.so|\.a)
    /lib/math_libs/lib64//libcuFile_rdma(\.so|\.a)
    /lib//libcuFile_rdma(\.so|\.a)
    /home/gridtest/opt/cmake-4.4.0-linux-x86_64/lib/x86_64-linux-gnu/nvidia/current//libcuFile_rdma(\.so|\.a)
    /home/gridtest/opt/cmake-4.4.0-linux-x86_64/lib/x86_64-linux-gnu/lib64//libcuFile_rdma(\.so|\.a)
    /home/gridtest/opt/cmake-4.4.0-linux-x86_64/lib/x86_64-linux-gnu/lib//libcuFile_rdma(\.so|\.a)
    /home/gridtest/opt/cmake-4.4.0-linux-x86_64/lib/x86_64-linux-gnu/math_libs/13.2/lib64//libcuFile_rdma(\.so|\.a)
    /home/gridtest/opt/cmake-4.4.0-linux-x86_64/lib/x86_64-linux-gnu/math_libs/lib64//libcuFile_rdma(\.so|\.a)
    /home/gridtest/opt/cmake-4.4.0-linux-x86_64/lib/x86_64-linux-gnu//libcuFile_rdma(\.so|\.a)
    /home/gridtest/opt/cmake-4.4.0-linux-x86_64/lib/nvidia/current//libcuFile_rdma(\.so|\.a)
    /home/gridtest/opt/cmake-4.4.0-linux-x86_64/lib/lib64//libcuFile_rdma(\.so|\.a)
    /home/gridtest/opt/cmake-4.4.0-linux-x86_64/lib/lib//libcuFile_rdma(\.so|\.a)
    /home/gridtest/opt/cmake-4.4.0-linux-x86_64/lib/math_libs/13.2/lib64//libcuFile_rdma(\.so|\.a)
    /home/gridtest/opt/cmake-4.4.0-linux-x86_64/lib/math_libs/lib64//libcuFile_rdma(\.so|\.a)
    /home/gridtest/opt/cmake-4.4.0-linux-x86_64/lib//libcuFile_rdma(\.so|\.a)
    /home/gridtest/opt/cmake-4.4.0-linux-x86_64/nvidia/current//libcuFile_rdma(\.so|\.a)
    /home/gridtest/opt/cmake-4.4.0-linux-x86_64/lib64//libcuFile_rdma(\.so|\.a)
    /home/gridtest/opt/cmake-4.4.0-linux-x86_64/lib//libcuFile_rdma(\.so|\.a)
    /home/gridtest/opt/cmake-4.4.0-linux-x86_64/math_libs/13.2/lib64//libcuFile_rdma(\.so|\.a)
    /home/gridtest/opt/cmake-4.4.0-linux-x86_64/math_libs/lib64//libcuFile_rdma(\.so|\.a)
    /home/gridtest/opt/cmake-4.4.0-linux-x86_64//libcuFile_rdma(\.so|\.a)
    /usr/X11R6/lib/x86_64-linux-gnu/nvidia/current//libcuFile_rdma(\.so|\.a)
    /usr/X11R6/lib/x86_64-linux-gnu/lib64//libcuFile_rdma(\.so|\.a)
    /usr/X11R6/lib/x86_64-linux-gnu/lib//libcuFile_rdma(\.so|\.a)
    /usr/X11R6/lib/x86_64-linux-gnu/math_libs/13.2/lib64//libcuFile_rdma(\.so|\.a)
    /usr/X11R6/lib/x86_64-linux-gnu/math_libs/lib64//libcuFile_rdma(\.so|\.a)
    /usr/X11R6/lib/x86_64-linux-gnu//libcuFile_rdma(\.so|\.a)
    /usr/X11R6/lib/nvidia/current//libcuFile_rdma(\.so|\.a)
    /usr/X11R6/lib/lib64//libcuFile_rdma(\.so|\.a)
    /usr/X11R6/lib/lib//libcuFile_rdma(\.so|\.a)
    /usr/X11R6/lib/math_libs/13.2/lib64//libcuFile_rdma(\.so|\.a)
    /usr/X11R6/lib/math_libs/lib64//libcuFile_rdma(\.so|\.a)
    /usr/X11R6/lib//libcuFile_rdma(\.so|\.a)
    /usr/X11R6/nvidia/current//libcuFile_rdma(\.so|\.a)
    /usr/X11R6/lib64//libcuFile_rdma(\.so|\.a)
    /usr/X11R6/lib//libcuFile_rdma(\.so|\.a)
    /usr/X11R6/math_libs/13.2/lib64//libcuFile_rdma(\.so|\.a)
    /usr/X11R6/math_libs/lib64//libcuFile_rdma(\.so|\.a)
    /usr/X11R6//libcuFile_rdma(\.so|\.a)
    /usr/pkg/lib/x86_64-linux-gnu/nvidia/current//libcuFile_rdma(\.so|\.a)
    /usr/pkg/lib/x86_64-linux-gnu/lib64//libcuFile_rdma(\.so|\.a)
    /usr/pkg/lib/x86_64-linux-gnu/lib//libcuFile_rdma(\.so|\.a)
    /usr/pkg/lib/x86_64-linux-gnu/math_libs/13.2/lib64//libcuFile_rdma(\.so|\.a)
    /usr/pkg/lib/x86_64-linux-gnu/math_libs/lib64//libcuFile_rdma(\.so|\.a)
    /usr/pkg/lib/x86_64-linux-gnu//libcuFile_rdma(\.so|\.a)
    /usr/pkg/lib/nvidia/current//libcuFile_rdma(\.so|\.a)
    /usr/pkg/lib/lib64//libcuFile_rdma(\.so|\.a)
    /usr/pkg/lib/lib//libcuFile_rdma(\.so|\.a)
    /usr/pkg/lib/math_libs/13.2/lib64//libcuFile_rdma(\.so|\.a)
    /usr/pkg/lib/math_libs/lib64//libcuFile_rdma(\.so|\.a)
    /usr/pkg/lib//libcuFile_rdma(\.so|\.a)
    /usr/pkg/nvidia/current//libcuFile_rdma(\.so|\.a)
    /usr/pkg/lib64//libcuFile_rdma(\.so|\.a)
    /usr/pkg/lib//libcuFile_rdma(\.so|\.a)
    /usr/pkg/math_libs/13.2/lib64//libcuFile_rdma(\.so|\.a)
    /usr/pkg/math_libs/lib64//libcuFile_rdma(\.so|\.a)
    /usr/pkg//libcuFile_rdma(\.so|\.a)
    /opt/lib/x86_64-linux-gnu/nvidia/current//libcuFile_rdma(\.so|\.a)
    /opt/lib/x86_64-linux-gnu/lib64//libcuFile_rdma(\.so|\.a)
    /opt/lib/x86_64-linux-gnu/lib//libcuFile_rdma(\.so|\.a)
    /opt/lib/x86_64-linux-gnu/math_libs/13.2/lib64//libcuFile_rdma(\.so|\.a)
    /opt/lib/x86_64-linux-gnu/math_libs/lib64//libcuFile_rdma(\.so|\.a)
    /opt/lib/x86_64-linux-gnu//libcuFile_rdma(\.so|\.a)
    /opt/lib/nvidia/current//libcuFile_rdma(\.so|\.a)
    /opt/lib/lib64//libcuFile_rdma(\.so|\.a)
    /opt/lib/lib//libcuFile_rdma(\.so|\.a)
    /opt/lib/math_libs/13.2/lib64//libcuFile_rdma(\.so|\.a)
    /opt/lib/math_libs/lib64//libcuFile_rdma(\.so|\.a)
    /opt/lib//libcuFile_rdma(\.so|\.a)
    /opt/nvidia/current//libcuFile_rdma(\.so|\.a)
    /opt/lib64//libcuFile_rdma(\.so|\.a)
    /opt/lib//libcuFile_rdma(\.so|\.a)
    /opt/math_libs/13.2/lib64//libcuFile_rdma(\.so|\.a)
    /opt/math_libs/lib64//libcuFile_rdma(\.so|\.a)
    /opt//libcuFile_rdma(\.so|\.a)
    /usr/lib/X11/nvidia/current//libcuFile_rdma(\.so|\.a)
    /usr/lib/X11/lib64//libcuFile_rdma(\.so|\.a)
    /usr/lib/X11/lib//libcuFile_rdma(\.so|\.a)
    /usr/lib/X11/math_libs/13.2/lib64//libcuFile_rdma(\.so|\.a)
    /usr/lib/X11/math_libs/lib64//libcuFile_rdma(\.so|\.a)
    /usr/lib/X11//libcuFile_rdma(\.so|\.a)
    /usr/local/cuda-13.2/targets/x86_64-linux/lib/nvidia/current//libcufile_rdma(\.so|\.a)
    /usr/local/cuda-13.2/targets/x86_64-linux/lib/lib64//libcufile_rdma(\.so|\.a)
    /usr/local/cuda-13.2/targets/x86_64-linux/lib/lib//libcufile_rdma(\.so|\.a)
    /usr/local/cuda-13.2/targets/x86_64-linux/lib/math_libs/13.2/lib64//libcufile_rdma(\.so|\.a)
    /usr/local/cuda-13.2/targets/x86_64-linux/lib/math_libs/lib64//libcufile_rdma(\.so|\.a)

  The item was found at

    /usr/local/cuda-13.2/targets/x86_64-linux/lib/libcufile_rdma.so

Call Stack (most recent call first):
  /home/gridtest/opt/cmake-4.4.0-linux-x86_64/share/cmake-4.4/Modules/FindCUDAToolkit.cmake:1408 (_CUDAToolkit_find_and_add_import_lib)
  CMakeLists.txt:4 (find_package)


CMake Debug Log at /home/gridtest/opt/cmake-4.4.0-linux-x86_64/share/cmake-4.4/Modules/FindCUDAToolkit.cmake:1283 (find_library):
  find_library called with the following settings:

    VAR: CUDA_cuFile_rdma_static_LIBRARY
    NAMES: "cuFile_rdma_static"
           "cufile_rdma_static"
    Documentation: Path to a library.
    Framework
      Only Search Frameworks: 0
      Search Frameworks Last: 0
      Search Frameworks First: 0
    AppBundle
      Only Search AppBundle: 0
      Search AppBundle Last: 0
      Search AppBundle First: 0
    CMAKE_FIND_USE_CMAKE_PATH: 1
    CMAKE_FIND_USE_CMAKE_ENVIRONMENT_PATH: 1
    CMAKE_FIND_USE_SYSTEM_ENVIRONMENT_PATH: 1
    CMAKE_FIND_USE_CMAKE_SYSTEM_PATH: 1
    CMAKE_FIND_USE_INSTALL_PREFIX: 1

  find_library considered the following locations:

    /usr/local/cuda-13.2/targets/x86_64-linux/lib/nvidia/current//libcuFile_rdma_static(\.so|\.a)
    /usr/local/cuda-13.2/targets/x86_64-linux/lib/lib64//libcuFile_rdma_static(\.so|\.a)
    /usr/local/cuda-13.2/targets/x86_64-linux/lib/lib//libcuFile_rdma_static(\.so|\.a)
    /usr/local/cuda-13.2/targets/x86_64-linux/lib/math_libs/13.2/lib64//libcuFile_rdma_static(\.so|\.a)
    /usr/local/cuda-13.2/targets/x86_64-linux/lib/math_libs/lib64//libcuFile_rdma_static(\.so|\.a)
    /usr/local/cuda-13.2/targets/x86_64-linux/lib//libcuFile_rdma_static(\.so|\.a)
    /usr/local/cuda-13.2/targets/x86_64-linux/lib/stubs/nvidia/current//libcuFile_rdma_static(\.so|\.a)
    /usr/local/cuda-13.2/targets/x86_64-linux/lib/stubs/lib64//libcuFile_rdma_static(\.so|\.a)
    /usr/local/cuda-13.2/targets/x86_64-linux/lib/stubs/lib//libcuFile_rdma_static(\.so|\.a)
    /usr/local/cuda-13.2/targets/x86_64-linux/lib/stubs/math_libs/13.2/lib64//libcuFile_rdma_static(\.so|\.a)
    /usr/local/cuda-13.2/targets/x86_64-linux/lib/stubs/math_libs/lib64//libcuFile_rdma_static(\.so|\.a)
    /usr/local/cuda-13.2/targets/x86_64-linux/lib/stubs//libcuFile_rdma_static(\.so|\.a)
    /home/gridtest/opt/openmpi-5.0.10/bin/nvidia/current//libcuFile_rdma_static(\.so|\.a)
    /home/gridtest/opt/openmpi-5.0.10/bin/lib64//libcuFile_rdma_static(\.so|\.a)
    /home/gridtest/opt/openmpi-5.0.10/bin/lib//libcuFile_rdma_static(\.so|\.a)
    /home/gridtest/opt/openmpi-5.0.10/bin/math_libs/13.2/lib64//libcuFile_rdma_static(\.so|\.a)
    /home/gridtest/opt/openmpi-5.0.10/bin/math_libs/lib64//libcuFile_rdma_static(\.so|\.a)
    /home/gridtest/opt/openmpi-5.0.10/bin//libcuFile_rdma_static(\.so|\.a)
    /home/gridtest/opt/cmake-4.4.0-linux-x86_64/bin/nvidia/current//libcuFile_rdma_static(\.so|\.a)
    /home/gridtest/opt/cmake-4.4.0-linux-x86_64/bin/lib64//libcuFile_rdma_static(\.so|\.a)
    /home/gridtest/opt/cmake-4.4.0-linux-x86_64/bin/lib//libcuFile_rdma_static(\.so|\.a)
    /home/gridtest/opt/cmake-4.4.0-linux-x86_64/bin/math_libs/13.2/lib64//libcuFile_rdma_static(\.so|\.a)
    /home/gridtest/opt/cmake-4.4.0-linux-x86_64/bin/math_libs/lib64//libcuFile_rdma_static(\.so|\.a)
    /home/gridtest/opt/cmake-4.4.0-linux-x86_64/bin//libcuFile_rdma_static(\.so|\.a)
    /usr/local/cuda-13.2/bin/nvidia/current//libcuFile_rdma_static(\.so|\.a)
    /usr/local/cuda-13.2/bin/lib64//libcuFile_rdma_static(\.so|\.a)
    /usr/local/cuda-13.2/bin/lib//libcuFile_rdma_static(\.so|\.a)
    /usr/local/cuda-13.2/bin/math_libs/13.2/lib64//libcuFile_rdma_static(\.so|\.a)
    /usr/local/cuda-13.2/bin/math_libs/lib64//libcuFile_rdma_static(\.so|\.a)
    /usr/local/cuda-13.2/bin//libcuFile_rdma_static(\.so|\.a)
    /usr/local/sbin/nvidia/current//libcuFile_rdma_static(\.so|\.a)
    /usr/local/sbin/lib64//libcuFile_rdma_static(\.so|\.a)
    /usr/local/sbin/lib//libcuFile_rdma_static(\.so|\.a)
    /usr/local/sbin/math_libs/13.2/lib64//libcuFile_rdma_static(\.so|\.a)
    /usr/local/sbin/math_libs/lib64//libcuFile_rdma_static(\.so|\.a)
    /usr/local/sbin//libcuFile_rdma_static(\.so|\.a)
    /usr/local/bin/nvidia/current//libcuFile_rdma_static(\.so|\.a)
    /usr/local/bin/lib64//libcuFile_rdma_static(\.so|\.a)
    /usr/local/bin/lib//libcuFile_rdma_static(\.so|\.a)
    /usr/local/bin/math_libs/13.2/lib64//libcuFile_rdma_static(\.so|\.a)
    /usr/local/bin/math_libs/lib64//libcuFile_rdma_static(\.so|\.a)
    /usr/local/bin//libcuFile_rdma_static(\.so|\.a)
    /usr/sbin/nvidia/current//libcuFile_rdma_static(\.so|\.a)
    /usr/sbin/lib64//libcuFile_rdma_static(\.so|\.a)
    /usr/sbin/lib//libcuFile_rdma_static(\.so|\.a)
    /usr/sbin/math_libs/13.2/lib64//libcuFile_rdma_static(\.so|\.a)
    /usr/sbin/math_libs/lib64//libcuFile_rdma_static(\.so|\.a)
    /usr/sbin//libcuFile_rdma_static(\.so|\.a)
    /usr/bin/nvidia/current//libcuFile_rdma_static(\.so|\.a)
    /usr/bin/lib64//libcuFile_rdma_static(\.so|\.a)
    /usr/bin/lib//libcuFile_rdma_static(\.so|\.a)
    /usr/bin/math_libs/13.2/lib64//libcuFile_rdma_static(\.so|\.a)
    /usr/bin/math_libs/lib64//libcuFile_rdma_static(\.so|\.a)
    /usr/bin//libcuFile_rdma_static(\.so|\.a)
    /sbin/nvidia/current//libcuFile_rdma_static(\.so|\.a)
    /sbin/lib64//libcuFile_rdma_static(\.so|\.a)
    /sbin/lib//libcuFile_rdma_static(\.so|\.a)
    /sbin/math_libs/13.2/lib64//libcuFile_rdma_static(\.so|\.a)
    /sbin/math_libs/lib64//libcuFile_rdma_static(\.so|\.a)
    /sbin//libcuFile_rdma_static(\.so|\.a)
    /bin/nvidia/current//libcuFile_rdma_static(\.so|\.a)
    /bin/lib64//libcuFile_rdma_static(\.so|\.a)
    /bin/lib//libcuFile_rdma_static(\.so|\.a)
    /bin/math_libs/13.2/lib64//libcuFile_rdma_static(\.so|\.a)
    /bin/math_libs/lib64//libcuFile_rdma_static(\.so|\.a)
    /bin//libcuFile_rdma_static(\.so|\.a)
    /usr/games/nvidia/current//libcuFile_rdma_static(\.so|\.a)
    /usr/games/lib64//libcuFile_rdma_static(\.so|\.a)
    /usr/games/lib//libcuFile_rdma_static(\.so|\.a)
    /usr/games/math_libs/13.2/lib64//libcuFile_rdma_static(\.so|\.a)
    /usr/games/math_libs/lib64//libcuFile_rdma_static(\.so|\.a)
    /usr/games//libcuFile_rdma_static(\.so|\.a)
    /usr/local/games/nvidia/current//libcuFile_rdma_static(\.so|\.a)
    /usr/local/games/lib64//libcuFile_rdma_static(\.so|\.a)
    /usr/local/games/lib//libcuFile_rdma_static(\.so|\.a)
    /usr/local/games/math_libs/13.2/lib64//libcuFile_rdma_static(\.so|\.a)
    /usr/local/games/math_libs/lib64//libcuFile_rdma_static(\.so|\.a)
    /usr/local/games//libcuFile_rdma_static(\.so|\.a)
    /snap/bin/nvidia/current//libcuFile_rdma_static(\.so|\.a)
    /snap/bin/lib64//libcuFile_rdma_static(\.so|\.a)
    /snap/bin/lib//libcuFile_rdma_static(\.so|\.a)
    /snap/bin/math_libs/13.2/lib64//libcuFile_rdma_static(\.so|\.a)
    /snap/bin/math_libs/lib64//libcuFile_rdma_static(\.so|\.a)
    /snap/bin//libcuFile_rdma_static(\.so|\.a)
    /usr/local/lib/x86_64-linux-gnu/nvidia/current//libcuFile_rdma_static(\.so|\.a)
    /usr/local/lib/x86_64-linux-gnu/lib64//libcuFile_rdma_static(\.so|\.a)
    /usr/local/lib/x86_64-linux-gnu/lib//libcuFile_rdma_static(\.so|\.a)
    /usr/local/lib/x86_64-linux-gnu/math_libs/13.2/lib64//libcuFile_rdma_static(\.so|\.a)
    /usr/local/lib/x86_64-linux-gnu/math_libs/lib64//libcuFile_rdma_static(\.so|\.a)
    /usr/local/lib/x86_64-linux-gnu//libcuFile_rdma_static(\.so|\.a)
    /usr/local/lib/nvidia/current//libcuFile_rdma_static(\.so|\.a)
    /usr/local/lib/lib64//libcuFile_rdma_static(\.so|\.a)
    /usr/local/lib/lib//libcuFile_rdma_static(\.so|\.a)
    /usr/local/lib/math_libs/13.2/lib64//libcuFile_rdma_static(\.so|\.a)
    /usr/local/lib/math_libs/lib64//libcuFile_rdma_static(\.so|\.a)
    /usr/local/lib//libcuFile_rdma_static(\.so|\.a)
    /usr/local/nvidia/current//libcuFile_rdma_static(\.so|\.a)
    /usr/local/lib64//libcuFile_rdma_static(\.so|\.a)
    /usr/local/lib//libcuFile_rdma_static(\.so|\.a)
    /usr/local/math_libs/13.2/lib64//libcuFile_rdma_static(\.so|\.a)
    /usr/local/math_libs/lib64//libcuFile_rdma_static(\.so|\.a)
    /usr/local//libcuFile_rdma_static(\.so|\.a)
    /usr/lib/x86_64-linux-gnu/nvidia/current//libcuFile_rdma_static(\.so|\.a)
    /usr/lib/x86_64-linux-gnu/lib64//libcuFile_rdma_static(\.so|\.a)
    /usr/lib/x86_64-linux-gnu/lib//libcuFile_rdma_static(\.so|\.a)
    /usr/lib/x86_64-linux-gnu/math_libs/13.2/lib64//libcuFile_rdma_static(\.so|\.a)
    /usr/lib/x86_64-linux-gnu/math_libs/lib64//libcuFile_rdma_static(\.so|\.a)
    /usr/lib/x86_64-linux-gnu//libcuFile_rdma_static(\.so|\.a)
    /usr/lib/nvidia/current//libcuFile_rdma_static(\.so|\.a)
    /usr/lib/lib64//libcuFile_rdma_static(\.so|\.a)
    /usr/lib/lib//libcuFile_rdma_static(\.so|\.a)
    /usr/lib/math_libs/13.2/lib64//libcuFile_rdma_static(\.so|\.a)
    /usr/lib/math_libs/lib64//libcuFile_rdma_static(\.so|\.a)
    /usr/lib//libcuFile_rdma_static(\.so|\.a)
    /usr/nvidia/current//libcuFile_rdma_static(\.so|\.a)
    /usr/lib64//libcuFile_rdma_static(\.so|\.a)
    /usr/lib//libcuFile_rdma_static(\.so|\.a)
    /usr/math_libs/13.2/lib64//libcuFile_rdma_static(\.so|\.a)
    /usr/math_libs/lib64//libcuFile_rdma_static(\.so|\.a)
    /usr//libcuFile_rdma_static(\.so|\.a)
    /lib/x86_64-linux-gnu/nvidia/current//libcuFile_rdma_static(\.so|\.a)
    /lib/x86_64-linux-gnu/lib64//libcuFile_rdma_static(\.so|\.a)
    /lib/x86_64-linux-gnu/lib//libcuFile_rdma_static(\.so|\.a)
    /lib/x86_64-linux-gnu/math_libs/13.2/lib64//libcuFile_rdma_static(\.so|\.a)
    /lib/x86_64-linux-gnu/math_libs/lib64//libcuFile_rdma_static(\.so|\.a)
    /lib/x86_64-linux-gnu//libcuFile_rdma_static(\.so|\.a)
    /lib/nvidia/current//libcuFile_rdma_static(\.so|\.a)
    /lib/lib64//libcuFile_rdma_static(\.so|\.a)
    /lib/lib//libcuFile_rdma_static(\.so|\.a)
    /lib/math_libs/13.2/lib64//libcuFile_rdma_static(\.so|\.a)
    /lib/math_libs/lib64//libcuFile_rdma_static(\.so|\.a)
    /lib//libcuFile_rdma_static(\.so|\.a)
    /home/gridtest/opt/cmake-4.4.0-linux-x86_64/lib/x86_64-linux-gnu/nvidia/current//libcuFile_rdma_static(\.so|\.a)
    /home/gridtest/opt/cmake-4.4.0-linux-x86_64/lib/x86_64-linux-gnu/lib64//libcuFile_rdma_static(\.so|\.a)
    /home/gridtest/opt/cmake-4.4.0-linux-x86_64/lib/x86_64-linux-gnu/lib//libcuFile_rdma_static(\.so|\.a)
    /home/gridtest/opt/cmake-4.4.0-linux-x86_64/lib/x86_64-linux-gnu/math_libs/13.2/lib64//libcuFile_rdma_static(\.so|\.a)
    /home/gridtest/opt/cmake-4.4.0-linux-x86_64/lib/x86_64-linux-gnu/math_libs/lib64//libcuFile_rdma_static(\.so|\.a)
    /home/gridtest/opt/cmake-4.4.0-linux-x86_64/lib/x86_64-linux-gnu//libcuFile_rdma_static(\.so|\.a)
    /home/gridtest/opt/cmake-4.4.0-linux-x86_64/lib/nvidia/current//libcuFile_rdma_static(\.so|\.a)
    /home/gridtest/opt/cmake-4.4.0-linux-x86_64/lib/lib64//libcuFile_rdma_static(\.so|\.a)
    /home/gridtest/opt/cmake-4.4.0-linux-x86_64/lib/lib//libcuFile_rdma_static(\.so|\.a)
    /home/gridtest/opt/cmake-4.4.0-linux-x86_64/lib/math_libs/13.2/lib64//libcuFile_rdma_static(\.so|\.a)
    /home/gridtest/opt/cmake-4.4.0-linux-x86_64/lib/math_libs/lib64//libcuFile_rdma_static(\.so|\.a)
    /home/gridtest/opt/cmake-4.4.0-linux-x86_64/lib//libcuFile_rdma_static(\.so|\.a)
    /home/gridtest/opt/cmake-4.4.0-linux-x86_64/nvidia/current//libcuFile_rdma_static(\.so|\.a)
    /home/gridtest/opt/cmake-4.4.0-linux-x86_64/lib64//libcuFile_rdma_static(\.so|\.a)
    /home/gridtest/opt/cmake-4.4.0-linux-x86_64/lib//libcuFile_rdma_static(\.so|\.a)
    /home/gridtest/opt/cmake-4.4.0-linux-x86_64/math_libs/13.2/lib64//libcuFile_rdma_static(\.so|\.a)
    /home/gridtest/opt/cmake-4.4.0-linux-x86_64/math_libs/lib64//libcuFile_rdma_static(\.so|\.a)
    /home/gridtest/opt/cmake-4.4.0-linux-x86_64//libcuFile_rdma_static(\.so|\.a)
    /usr/X11R6/lib/x86_64-linux-gnu/nvidia/current//libcuFile_rdma_static(\.so|\.a)
    /usr/X11R6/lib/x86_64-linux-gnu/lib64//libcuFile_rdma_static(\.so|\.a)
    /usr/X11R6/lib/x86_64-linux-gnu/lib//libcuFile_rdma_static(\.so|\.a)
    /usr/X11R6/lib/x86_64-linux-gnu/math_libs/13.2/lib64//libcuFile_rdma_static(\.so|\.a)
    /usr/X11R6/lib/x86_64-linux-gnu/math_libs/lib64//libcuFile_rdma_static(\.so|\.a)
    /usr/X11R6/lib/x86_64-linux-gnu//libcuFile_rdma_static(\.so|\.a)
    /usr/X11R6/lib/nvidia/current//libcuFile_rdma_static(\.so|\.a)
    /usr/X11R6/lib/lib64//libcuFile_rdma_static(\.so|\.a)
    /usr/X11R6/lib/lib//libcuFile_rdma_static(\.so|\.a)
    /usr/X11R6/lib/math_libs/13.2/lib64//libcuFile_rdma_static(\.so|\.a)
    /usr/X11R6/lib/math_libs/lib64//libcuFile_rdma_static(\.so|\.a)
    /usr/X11R6/lib//libcuFile_rdma_static(\.so|\.a)
    /usr/X11R6/nvidia/current//libcuFile_rdma_static(\.so|\.a)
    /usr/X11R6/lib64//libcuFile_rdma_static(\.so|\.a)
    /usr/X11R6/lib//libcuFile_rdma_static(\.so|\.a)
    /usr/X11R6/math_libs/13.2/lib64//libcuFile_rdma_static(\.so|\.a)
    /usr/X11R6/math_libs/lib64//libcuFile_rdma_static(\.so|\.a)
    /usr/X11R6//libcuFile_rdma_static(\.so|\.a)
    /usr/pkg/lib/x86_64-linux-gnu/nvidia/current//libcuFile_rdma_static(\.so|\.a)
    /usr/pkg/lib/x86_64-linux-gnu/lib64//libcuFile_rdma_static(\.so|\.a)
    /usr/pkg/lib/x86_64-linux-gnu/lib//libcuFile_rdma_static(\.so|\.a)
    /usr/pkg/lib/x86_64-linux-gnu/math_libs/13.2/lib64//libcuFile_rdma_static(\.so|\.a)
    /usr/pkg/lib/x86_64-linux-gnu/math_libs/lib64//libcuFile_rdma_static(\.so|\.a)
    /usr/pkg/lib/x86_64-linux-gnu//libcuFile_rdma_static(\.so|\.a)
    /usr/pkg/lib/nvidia/current//libcuFile_rdma_static(\.so|\.a)
    /usr/pkg/lib/lib64//libcuFile_rdma_static(\.so|\.a)
    /usr/pkg/lib/lib//libcuFile_rdma_static(\.so|\.a)
    /usr/pkg/lib/math_libs/13.2/lib64//libcuFile_rdma_static(\.so|\.a)
    /usr/pkg/lib/math_libs/lib64//libcuFile_rdma_static(\.so|\.a)
    /usr/pkg/lib//libcuFile_rdma_static(\.so|\.a)
    /usr/pkg/nvidia/current//libcuFile_rdma_static(\.so|\.a)
    /usr/pkg/lib64//libcuFile_rdma_static(\.so|\.a)
    /usr/pkg/lib//libcuFile_rdma_static(\.so|\.a)
    /usr/pkg/math_libs/13.2/lib64//libcuFile_rdma_static(\.so|\.a)
    /usr/pkg/math_libs/lib64//libcuFile_rdma_static(\.so|\.a)
    /usr/pkg//libcuFile_rdma_static(\.so|\.a)
    /opt/lib/x86_64-linux-gnu/nvidia/current//libcuFile_rdma_static(\.so|\.a)
    /opt/lib/x86_64-linux-gnu/lib64//libcuFile_rdma_static(\.so|\.a)
    /opt/lib/x86_64-linux-gnu/lib//libcuFile_rdma_static(\.so|\.a)
    /opt/lib/x86_64-linux-gnu/math_libs/13.2/lib64//libcuFile_rdma_static(\.so|\.a)
    /opt/lib/x86_64-linux-gnu/math_libs/lib64//libcuFile_rdma_static(\.so|\.a)
    /opt/lib/x86_64-linux-gnu//libcuFile_rdma_static(\.so|\.a)
    /opt/lib/nvidia/current//libcuFile_rdma_static(\.so|\.a)
    /opt/lib/lib64//libcuFile_rdma_static(\.so|\.a)
    /opt/lib/lib//libcuFile_rdma_static(\.so|\.a)
    /opt/lib/math_libs/13.2/lib64//libcuFile_rdma_static(\.so|\.a)
    /opt/lib/math_libs/lib64//libcuFile_rdma_static(\.so|\.a)
    /opt/lib//libcuFile_rdma_static(\.so|\.a)
    /opt/nvidia/current//libcuFile_rdma_static(\.so|\.a)
    /opt/lib64//libcuFile_rdma_static(\.so|\.a)
    /opt/lib//libcuFile_rdma_static(\.so|\.a)
    /opt/math_libs/13.2/lib64//libcuFile_rdma_static(\.so|\.a)
    /opt/math_libs/lib64//libcuFile_rdma_static(\.so|\.a)
    /opt//libcuFile_rdma_static(\.so|\.a)
    /usr/lib/X11/nvidia/current//libcuFile_rdma_static(\.so|\.a)
    /usr/lib/X11/lib64//libcuFile_rdma_static(\.so|\.a)
    /usr/lib/X11/lib//libcuFile_rdma_static(\.so|\.a)
    /usr/lib/X11/math_libs/13.2/lib64//libcuFile_rdma_static(\.so|\.a)
    /usr/lib/X11/math_libs/lib64//libcuFile_rdma_static(\.so|\.a)
    /usr/lib/X11//libcuFile_rdma_static(\.so|\.a)
    /usr/local/cuda-13.2/targets/x86_64-linux/lib/nvidia/current//libcufile_rdma_static(\.so|\.a)
    /usr/local/cuda-13.2/targets/x86_64-linux/lib/lib64//libcufile_rdma_static(\.so|\.a)
    /usr/local/cuda-13.2/targets/x86_64-linux/lib/lib//libcufile_rdma_static(\.so|\.a)
    /usr/local/cuda-13.2/targets/x86_64-linux/lib/math_libs/13.2/lib64//libcufile_rdma_static(\.so|\.a)
    /usr/local/cuda-13.2/targets/x86_64-linux/lib/math_libs/lib64//libcufile_rdma_static(\.so|\.a)

  The item was found at

    /usr/local/cuda-13.2/targets/x86_64-linux/lib/libcufile_rdma_static.a

Call Stack (most recent call first):
  /home/gridtest/opt/cmake-4.4.0-linux-x86_64/share/cmake-4.4/Modules/FindCUDAToolkit.cmake:1409 (_CUDAToolkit_find_and_add_import_lib)
  CMakeLists.txt:4 (find_package)


CMake Debug Log at /home/gridtest/opt/cmake-4.4.0-linux-x86_64/share/cmake-4.4/Modules/FindCUDAToolkit.cmake:1283 (find_library):
  find_library called with the following settings:

    VAR: CUDA_cudla_LIBRARY
    NAMES: "cudla"
    Documentation: Path to a library.
    Framework
      Only Search Frameworks: 0
      Search Frameworks Last: 0
      Search Frameworks First: 0
    AppBundle
      Only Search AppBundle: 0
      Search AppBundle Last: 0
      Search AppBundle First: 0
    CMAKE_FIND_USE_CMAKE_PATH: 1
    CMAKE_FIND_USE_CMAKE_ENVIRONMENT_PATH: 1
    CMAKE_FIND_USE_SYSTEM_ENVIRONMENT_PATH: 1
    CMAKE_FIND_USE_CMAKE_SYSTEM_PATH: 1
    CMAKE_FIND_USE_INSTALL_PREFIX: 1

  find_library considered the following locations:

    /usr/local/cuda-13.2/targets/x86_64-linux/lib/nvidia/current//libcudla(\.so|\.a)
    /usr/local/cuda-13.2/targets/x86_64-linux/lib/lib64//libcudla(\.so|\.a)
    /usr/local/cuda-13.2/targets/x86_64-linux/lib/lib//libcudla(\.so|\.a)
    /usr/local/cuda-13.2/targets/x86_64-linux/lib/math_libs/13.2/lib64//libcudla(\.so|\.a)
    /usr/local/cuda-13.2/targets/x86_64-linux/lib/math_libs/lib64//libcudla(\.so|\.a)
    /usr/local/cuda-13.2/targets/x86_64-linux/lib//libcudla(\.so|\.a)
    /usr/local/cuda-13.2/targets/x86_64-linux/lib/stubs/nvidia/current//libcudla(\.so|\.a)
    /usr/local/cuda-13.2/targets/x86_64-linux/lib/stubs/lib64//libcudla(\.so|\.a)
    /usr/local/cuda-13.2/targets/x86_64-linux/lib/stubs/lib//libcudla(\.so|\.a)
    /usr/local/cuda-13.2/targets/x86_64-linux/lib/stubs/math_libs/13.2/lib64//libcudla(\.so|\.a)
    /usr/local/cuda-13.2/targets/x86_64-linux/lib/stubs/math_libs/lib64//libcudla(\.so|\.a)
    /usr/local/cuda-13.2/targets/x86_64-linux/lib/stubs//libcudla(\.so|\.a)
    /home/gridtest/opt/openmpi-5.0.10/bin/nvidia/current//libcudla(\.so|\.a)
    /home/gridtest/opt/openmpi-5.0.10/bin/lib64//libcudla(\.so|\.a)
    /home/gridtest/opt/openmpi-5.0.10/bin/lib//libcudla(\.so|\.a)
    /home/gridtest/opt/openmpi-5.0.10/bin/math_libs/13.2/lib64//libcudla(\.so|\.a)
    /home/gridtest/opt/openmpi-5.0.10/bin/math_libs/lib64//libcudla(\.so|\.a)
    /home/gridtest/opt/openmpi-5.0.10/bin//libcudla(\.so|\.a)
    /home/gridtest/opt/cmake-4.4.0-linux-x86_64/bin/nvidia/current//libcudla(\.so|\.a)
    /home/gridtest/opt/cmake-4.4.0-linux-x86_64/bin/lib64//libcudla(\.so|\.a)
    /home/gridtest/opt/cmake-4.4.0-linux-x86_64/bin/lib//libcudla(\.so|\.a)
    /home/gridtest/opt/cmake-4.4.0-linux-x86_64/bin/math_libs/13.2/lib64//libcudla(\.so|\.a)
    /home/gridtest/opt/cmake-4.4.0-linux-x86_64/bin/math_libs/lib64//libcudla(\.so|\.a)
    /home/gridtest/opt/cmake-4.4.0-linux-x86_64/bin//libcudla(\.so|\.a)
    /usr/local/cuda-13.2/bin/nvidia/current//libcudla(\.so|\.a)
    /usr/local/cuda-13.2/bin/lib64//libcudla(\.so|\.a)
    /usr/local/cuda-13.2/bin/lib//libcudla(\.so|\.a)
    /usr/local/cuda-13.2/bin/math_libs/13.2/lib64//libcudla(\.so|\.a)
    /usr/local/cuda-13.2/bin/math_libs/lib64//libcudla(\.so|\.a)
    /usr/local/cuda-13.2/bin//libcudla(\.so|\.a)
    /usr/local/sbin/nvidia/current//libcudla(\.so|\.a)
    /usr/local/sbin/lib64//libcudla(\.so|\.a)
    /usr/local/sbin/lib//libcudla(\.so|\.a)
    /usr/local/sbin/math_libs/13.2/lib64//libcudla(\.so|\.a)
    /usr/local/sbin/math_libs/lib64//libcudla(\.so|\.a)
    /usr/local/sbin//libcudla(\.so|\.a)
    /usr/local/bin/nvidia/current//libcudla(\.so|\.a)
    /usr/local/bin/lib64//libcudla(\.so|\.a)
    /usr/local/bin/lib//libcudla(\.so|\.a)
    /usr/local/bin/math_libs/13.2/lib64//libcudla(\.so|\.a)
    /usr/local/bin/math_libs/lib64//libcudla(\.so|\.a)
    /usr/local/bin//libcudla(\.so|\.a)
    /usr/sbin/nvidia/current//libcudla(\.so|\.a)
    /usr/sbin/lib64//libcudla(\.so|\.a)
    /usr/sbin/lib//libcudla(\.so|\.a)
    /usr/sbin/math_libs/13.2/lib64//libcudla(\.so|\.a)
    /usr/sbin/math_libs/lib64//libcudla(\.so|\.a)
    /usr/sbin//libcudla(\.so|\.a)
    /usr/bin/nvidia/current//libcudla(\.so|\.a)
    /usr/bin/lib64//libcudla(\.so|\.a)
    /usr/bin/lib//libcudla(\.so|\.a)
    /usr/bin/math_libs/13.2/lib64//libcudla(\.so|\.a)
    /usr/bin/math_libs/lib64//libcudla(\.so|\.a)
    /usr/bin//libcudla(\.so|\.a)
    /sbin/nvidia/current//libcudla(\.so|\.a)
    /sbin/lib64//libcudla(\.so|\.a)
    /sbin/lib//libcudla(\.so|\.a)
    /sbin/math_libs/13.2/lib64//libcudla(\.so|\.a)
    /sbin/math_libs/lib64//libcudla(\.so|\.a)
    /sbin//libcudla(\.so|\.a)
    /bin/nvidia/current//libcudla(\.so|\.a)
    /bin/lib64//libcudla(\.so|\.a)
    /bin/lib//libcudla(\.so|\.a)
    /bin/math_libs/13.2/lib64//libcudla(\.so|\.a)
    /bin/math_libs/lib64//libcudla(\.so|\.a)
    /bin//libcudla(\.so|\.a)
    /usr/games/nvidia/current//libcudla(\.so|\.a)
    /usr/games/lib64//libcudla(\.so|\.a)
    /usr/games/lib//libcudla(\.so|\.a)
    /usr/games/math_libs/13.2/lib64//libcudla(\.so|\.a)
    /usr/games/math_libs/lib64//libcudla(\.so|\.a)
    /usr/games//libcudla(\.so|\.a)
    /usr/local/games/nvidia/current//libcudla(\.so|\.a)
    /usr/local/games/lib64//libcudla(\.so|\.a)
    /usr/local/games/lib//libcudla(\.so|\.a)
    /usr/local/games/math_libs/13.2/lib64//libcudla(\.so|\.a)
    /usr/local/games/math_libs/lib64//libcudla(\.so|\.a)
    /usr/local/games//libcudla(\.so|\.a)
    /snap/bin/nvidia/current//libcudla(\.so|\.a)
    /snap/bin/lib64//libcudla(\.so|\.a)
    /snap/bin/lib//libcudla(\.so|\.a)
    /snap/bin/math_libs/13.2/lib64//libcudla(\.so|\.a)
    /snap/bin/math_libs/lib64//libcudla(\.so|\.a)
    /snap/bin//libcudla(\.so|\.a)
    /usr/local/lib/x86_64-linux-gnu/nvidia/current//libcudla(\.so|\.a)
    /usr/local/lib/x86_64-linux-gnu/lib64//libcudla(\.so|\.a)
    /usr/local/lib/x86_64-linux-gnu/lib//libcudla(\.so|\.a)
    /usr/local/lib/x86_64-linux-gnu/math_libs/13.2/lib64//libcudla(\.so|\.a)
    /usr/local/lib/x86_64-linux-gnu/math_libs/lib64//libcudla(\.so|\.a)
    /usr/local/lib/x86_64-linux-gnu//libcudla(\.so|\.a)
    /usr/local/lib/nvidia/current//libcudla(\.so|\.a)
    /usr/local/lib/lib64//libcudla(\.so|\.a)
    /usr/local/lib/lib//libcudla(\.so|\.a)
    /usr/local/lib/math_libs/13.2/lib64//libcudla(\.so|\.a)
    /usr/local/lib/math_libs/lib64//libcudla(\.so|\.a)
    /usr/local/lib//libcudla(\.so|\.a)
    /usr/local/nvidia/current//libcudla(\.so|\.a)
    /usr/local/lib64//libcudla(\.so|\.a)
    /usr/local/lib//libcudla(\.so|\.a)
    /usr/local/math_libs/13.2/lib64//libcudla(\.so|\.a)
    /usr/local/math_libs/lib64//libcudla(\.so|\.a)
    /usr/local//libcudla(\.so|\.a)
    /usr/lib/x86_64-linux-gnu/nvidia/current//libcudla(\.so|\.a)
    /usr/lib/x86_64-linux-gnu/lib64//libcudla(\.so|\.a)
    /usr/lib/x86_64-linux-gnu/lib//libcudla(\.so|\.a)
    /usr/lib/x86_64-linux-gnu/math_libs/13.2/lib64//libcudla(\.so|\.a)
    /usr/lib/x86_64-linux-gnu/math_libs/lib64//libcudla(\.so|\.a)
    /usr/lib/x86_64-linux-gnu//libcudla(\.so|\.a)
    /usr/lib/nvidia/current//libcudla(\.so|\.a)
    /usr/lib/lib64//libcudla(\.so|\.a)
    /usr/lib/lib//libcudla(\.so|\.a)
    /usr/lib/math_libs/13.2/lib64//libcudla(\.so|\.a)
    /usr/lib/math_libs/lib64//libcudla(\.so|\.a)
    /usr/lib//libcudla(\.so|\.a)
    /usr/nvidia/current//libcudla(\.so|\.a)
    /usr/lib64//libcudla(\.so|\.a)
    /usr/lib//libcudla(\.so|\.a)
    /usr/math_libs/13.2/lib64//libcudla(\.so|\.a)
    /usr/math_libs/lib64//libcudla(\.so|\.a)
    /usr//libcudla(\.so|\.a)
    /lib/x86_64-linux-gnu/nvidia/current//libcudla(\.so|\.a)
    /lib/x86_64-linux-gnu/lib64//libcudla(\.so|\.a)
    /lib/x86_64-linux-gnu/lib//libcudla(\.so|\.a)
    /lib/x86_64-linux-gnu/math_libs/13.2/lib64//libcudla(\.so|\.a)
    /lib/x86_64-linux-gnu/math_libs/lib64//libcudla(\.so|\.a)
    /lib/x86_64-linux-gnu//libcudla(\.so|\.a)
    /lib/nvidia/current//libcudla(\.so|\.a)
    /lib/lib64//libcudla(\.so|\.a)
    /lib/lib//libcudla(\.so|\.a)
    /lib/math_libs/13.2/lib64//libcudla(\.so|\.a)
    /lib/math_libs/lib64//libcudla(\.so|\.a)
    /lib//libcudla(\.so|\.a)
    /home/gridtest/opt/cmake-4.4.0-linux-x86_64/lib/x86_64-linux-gnu/nvidia/current//libcudla(\.so|\.a)
    /home/gridtest/opt/cmake-4.4.0-linux-x86_64/lib/x86_64-linux-gnu/lib64//libcudla(\.so|\.a)
    /home/gridtest/opt/cmake-4.4.0-linux-x86_64/lib/x86_64-linux-gnu/lib//libcudla(\.so|\.a)
    /home/gridtest/opt/cmake-4.4.0-linux-x86_64/lib/x86_64-linux-gnu/math_libs/13.2/lib64//libcudla(\.so|\.a)
    /home/gridtest/opt/cmake-4.4.0-linux-x86_64/lib/x86_64-linux-gnu/math_libs/lib64//libcudla(\.so|\.a)
    /home/gridtest/opt/cmake-4.4.0-linux-x86_64/lib/x86_64-linux-gnu//libcudla(\.so|\.a)
    /home/gridtest/opt/cmake-4.4.0-linux-x86_64/lib/nvidia/current//libcudla(\.so|\.a)
    /home/gridtest/opt/cmake-4.4.0-linux-x86_64/lib/lib64//libcudla(\.so|\.a)
    /home/gridtest/opt/cmake-4.4.0-linux-x86_64/lib/lib//libcudla(\.so|\.a)
    /home/gridtest/opt/cmake-4.4.0-linux-x86_64/lib/math_libs/13.2/lib64//libcudla(\.so|\.a)
    /home/gridtest/opt/cmake-4.4.0-linux-x86_64/lib/math_libs/lib64//libcudla(\.so|\.a)
    /home/gridtest/opt/cmake-4.4.0-linux-x86_64/lib//libcudla(\.so|\.a)
    /home/gridtest/opt/cmake-4.4.0-linux-x86_64/nvidia/current//libcudla(\.so|\.a)
    /home/gridtest/opt/cmake-4.4.0-linux-x86_64/lib64//libcudla(\.so|\.a)
    /home/gridtest/opt/cmake-4.4.0-linux-x86_64/lib//libcudla(\.so|\.a)
    /home/gridtest/opt/cmake-4.4.0-linux-x86_64/math_libs/13.2/lib64//libcudla(\.so|\.a)
    /home/gridtest/opt/cmake-4.4.0-linux-x86_64/math_libs/lib64//libcudla(\.so|\.a)
    /home/gridtest/opt/cmake-4.4.0-linux-x86_64//libcudla(\.so|\.a)
    /usr/X11R6/lib/x86_64-linux-gnu/nvidia/current//libcudla(\.so|\.a)
    /usr/X11R6/lib/x86_64-linux-gnu/lib64//libcudla(\.so|\.a)
    /usr/X11R6/lib/x86_64-linux-gnu/lib//libcudla(\.so|\.a)
    /usr/X11R6/lib/x86_64-linux-gnu/math_libs/13.2/lib64//libcudla(\.so|\.a)
    /usr/X11R6/lib/x86_64-linux-gnu/math_libs/lib64//libcudla(\.so|\.a)
    /usr/X11R6/lib/x86_64-linux-gnu//libcudla(\.so|\.a)
    /usr/X11R6/lib/nvidia/current//libcudla(\.so|\.a)
    /usr/X11R6/lib/lib64//libcudla(\.so|\.a)
    /usr/X11R6/lib/lib//libcudla(\.so|\.a)
    /usr/X11R6/lib/math_libs/13.2/lib64//libcudla(\.so|\.a)
    /usr/X11R6/lib/math_libs/lib64//libcudla(\.so|\.a)
    /usr/X11R6/lib//libcudla(\.so|\.a)
    /usr/X11R6/nvidia/current//libcudla(\.so|\.a)
    /usr/X11R6/lib64//libcudla(\.so|\.a)
    /usr/X11R6/lib//libcudla(\.so|\.a)
    /usr/X11R6/math_libs/13.2/lib64//libcudla(\.so|\.a)
    /usr/X11R6/math_libs/lib64//libcudla(\.so|\.a)
    /usr/X11R6//libcudla(\.so|\.a)
    /usr/pkg/lib/x86_64-linux-gnu/nvidia/current//libcudla(\.so|\.a)
    /usr/pkg/lib/x86_64-linux-gnu/lib64//libcudla(\.so|\.a)
    /usr/pkg/lib/x86_64-linux-gnu/lib//libcudla(\.so|\.a)
    /usr/pkg/lib/x86_64-linux-gnu/math_libs/13.2/lib64//libcudla(\.so|\.a)
    /usr/pkg/lib/x86_64-linux-gnu/math_libs/lib64//libcudla(\.so|\.a)
    /usr/pkg/lib/x86_64-linux-gnu//libcudla(\.so|\.a)
    /usr/pkg/lib/nvidia/current//libcudla(\.so|\.a)
    /usr/pkg/lib/lib64//libcudla(\.so|\.a)
    /usr/pkg/lib/lib//libcudla(\.so|\.a)
    /usr/pkg/lib/math_libs/13.2/lib64//libcudla(\.so|\.a)
    /usr/pkg/lib/math_libs/lib64//libcudla(\.so|\.a)
    /usr/pkg/lib//libcudla(\.so|\.a)
    /usr/pkg/nvidia/current//libcudla(\.so|\.a)
    /usr/pkg/lib64//libcudla(\.so|\.a)
    /usr/pkg/lib//libcudla(\.so|\.a)
    /usr/pkg/math_libs/13.2/lib64//libcudla(\.so|\.a)
    /usr/pkg/math_libs/lib64//libcudla(\.so|\.a)
    /usr/pkg//libcudla(\.so|\.a)
    /opt/lib/x86_64-linux-gnu/nvidia/current//libcudla(\.so|\.a)
    /opt/lib/x86_64-linux-gnu/lib64//libcudla(\.so|\.a)
    /opt/lib/x86_64-linux-gnu/lib//libcudla(\.so|\.a)
    /opt/lib/x86_64-linux-gnu/math_libs/13.2/lib64//libcudla(\.so|\.a)
    /opt/lib/x86_64-linux-gnu/math_libs/lib64//libcudla(\.so|\.a)
    /opt/lib/x86_64-linux-gnu//libcudla(\.so|\.a)
    /opt/lib/nvidia/current//libcudla(\.so|\.a)
    /opt/lib/lib64//libcudla(\.so|\.a)
    /opt/lib/lib//libcudla(\.so|\.a)
    /opt/lib/math_libs/13.2/lib64//libcudla(\.so|\.a)
    /opt/lib/math_libs/lib64//libcudla(\.so|\.a)
    /opt/lib//libcudla(\.so|\.a)
    /opt/nvidia/current//libcudla(\.so|\.a)
    /opt/lib64//libcudla(\.so|\.a)
    /opt/lib//libcudla(\.so|\.a)
    /opt/math_libs/13.2/lib64//libcudla(\.so|\.a)
    /opt/math_libs/lib64//libcudla(\.so|\.a)
    /opt//libcudla(\.so|\.a)
    /usr/lib/X11/nvidia/current//libcudla(\.so|\.a)
    /usr/lib/X11/lib64//libcudla(\.so|\.a)
    /usr/lib/X11/lib//libcudla(\.so|\.a)
    /usr/lib/X11/math_libs/13.2/lib64//libcudla(\.so|\.a)
    /usr/lib/X11/math_libs/lib64//libcudla(\.so|\.a)
    /usr/lib/X11//libcudla(\.so|\.a)

  The item was not found.

Call Stack (most recent call first):
  /home/gridtest/opt/cmake-4.4.0-linux-x86_64/share/cmake-4.4/Modules/FindCUDAToolkit.cmake:1413 (_CUDAToolkit_find_and_add_import_lib)
  CMakeLists.txt:4 (find_package)


CMake Debug Log at /home/gridtest/opt/cmake-4.4.0-linux-x86_64/share/cmake-4.4/Modules/FindCUDAToolkit.cmake:1298 (find_library):
  find_library called with the following settings:

    VAR: CUDA_cudla_LIBRARY
    NAMES: "cudla"
    Documentation: Path to a library.
    Framework
      Only Search Frameworks: 0
      Search Frameworks Last: 0
      Search Frameworks First: 0
    AppBundle
      Only Search AppBundle: 0
      Search AppBundle Last: 0
      Search AppBundle First: 0
    CMAKE_FIND_USE_CMAKE_PATH: 1
    CMAKE_FIND_USE_CMAKE_ENVIRONMENT_PATH: 1
    CMAKE_FIND_USE_SYSTEM_ENVIRONMENT_PATH: 1
    CMAKE_FIND_USE_CMAKE_SYSTEM_PATH: 1
    CMAKE_FIND_USE_INSTALL_PREFIX: 1

  find_library considered the following locations:

    /usr/local/cuda-13.2/targets/x86_64-linux/lib/lib64/stubs//libcudla(\.so|\.a)
    /usr/local/cuda-13.2/targets/x86_64-linux/lib/lib/stubs//libcudla(\.so|\.a)
    /usr/local/cuda-13.2/targets/x86_64-linux/lib/stubs//libcudla(\.so|\.a)
    /usr/local/cuda-13.2/targets/x86_64-linux/lib//libcudla(\.so|\.a)
    /usr/local/cuda-13.2/targets/x86_64-linux/lib/stubs/lib64/stubs//libcudla(\.so|\.a)
    /usr/local/cuda-13.2/targets/x86_64-linux/lib/stubs/lib/stubs//libcudla(\.so|\.a)
    /usr/local/cuda-13.2/targets/x86_64-linux/lib/stubs/stubs//libcudla(\.so|\.a)
    /usr/local/cuda-13.2/targets/x86_64-linux/lib/stubs//libcudla(\.so|\.a)
    /home/gridtest/opt/openmpi-5.0.10/bin/lib64/stubs//libcudla(\.so|\.a)
    /home/gridtest/opt/openmpi-5.0.10/bin/lib/stubs//libcudla(\.so|\.a)
    /home/gridtest/opt/openmpi-5.0.10/bin/stubs//libcudla(\.so|\.a)
    /home/gridtest/opt/openmpi-5.0.10/bin//libcudla(\.so|\.a)
    /home/gridtest/opt/cmake-4.4.0-linux-x86_64/bin/lib64/stubs//libcudla(\.so|\.a)
    /home/gridtest/opt/cmake-4.4.0-linux-x86_64/bin/lib/stubs//libcudla(\.so|\.a)
    /home/gridtest/opt/cmake-4.4.0-linux-x86_64/bin/stubs//libcudla(\.so|\.a)
    /home/gridtest/opt/cmake-4.4.0-linux-x86_64/bin//libcudla(\.so|\.a)
    /usr/local/cuda-13.2/bin/lib64/stubs//libcudla(\.so|\.a)
    /usr/local/cuda-13.2/bin/lib/stubs//libcudla(\.so|\.a)
    /usr/local/cuda-13.2/bin/stubs//libcudla(\.so|\.a)
    /usr/local/cuda-13.2/bin//libcudla(\.so|\.a)
    /usr/local/sbin/lib64/stubs//libcudla(\.so|\.a)
    /usr/local/sbin/lib/stubs//libcudla(\.so|\.a)
    /usr/local/sbin/stubs//libcudla(\.so|\.a)
    /usr/local/sbin//libcudla(\.so|\.a)
    /usr/local/bin/lib64/stubs//libcudla(\.so|\.a)
    /usr/local/bin/lib/stubs//libcudla(\.so|\.a)
    /usr/local/bin/stubs//libcudla(\.so|\.a)
    /usr/local/bin//libcudla(\.so|\.a)
    /usr/sbin/lib64/stubs//libcudla(\.so|\.a)
    /usr/sbin/lib/stubs//libcudla(\.so|\.a)
    /usr/sbin/stubs//libcudla(\.so|\.a)
    /usr/sbin//libcudla(\.so|\.a)
    /usr/bin/lib64/stubs//libcudla(\.so|\.a)
    /usr/bin/lib/stubs//libcudla(\.so|\.a)
    /usr/bin/stubs//libcudla(\.so|\.a)
    /usr/bin//libcudla(\.so|\.a)
    /sbin/lib64/stubs//libcudla(\.so|\.a)
    /sbin/lib/stubs//libcudla(\.so|\.a)
    /sbin/stubs//libcudla(\.so|\.a)
    /sbin//libcudla(\.so|\.a)
    /bin/lib64/stubs//libcudla(\.so|\.a)
    /bin/lib/stubs//libcudla(\.so|\.a)
    /bin/stubs//libcudla(\.so|\.a)
    /bin//libcudla(\.so|\.a)
    /usr/games/lib64/stubs//libcudla(\.so|\.a)
    /usr/games/lib/stubs//libcudla(\.so|\.a)
    /usr/games/stubs//libcudla(\.so|\.a)
    /usr/games//libcudla(\.so|\.a)
    /usr/local/games/lib64/stubs//libcudla(\.so|\.a)
    /usr/local/games/lib/stubs//libcudla(\.so|\.a)
    /usr/local/games/stubs//libcudla(\.so|\.a)
    /usr/local/games//libcudla(\.so|\.a)
    /snap/bin/lib64/stubs//libcudla(\.so|\.a)
    /snap/bin/lib/stubs//libcudla(\.so|\.a)
    /snap/bin/stubs//libcudla(\.so|\.a)
    /snap/bin//libcudla(\.so|\.a)
    /usr/local/lib/x86_64-linux-gnu/lib64/stubs//libcudla(\.so|\.a)
    /usr/local/lib/x86_64-linux-gnu/lib/stubs//libcudla(\.so|\.a)
    /usr/local/lib/x86_64-linux-gnu/stubs//libcudla(\.so|\.a)
    /usr/local/lib/x86_64-linux-gnu//libcudla(\.so|\.a)
    /usr/local/lib/lib64/stubs//libcudla(\.so|\.a)
    /usr/local/lib/lib/stubs//libcudla(\.so|\.a)
    /usr/local/lib/stubs//libcudla(\.so|\.a)
    /usr/local/lib//libcudla(\.so|\.a)
    /usr/local/lib64/stubs//libcudla(\.so|\.a)
    /usr/local/lib/stubs//libcudla(\.so|\.a)
    /usr/local/stubs//libcudla(\.so|\.a)
    /usr/local//libcudla(\.so|\.a)
    /usr/lib/x86_64-linux-gnu/lib64/stubs//libcudla(\.so|\.a)
    /usr/lib/x86_64-linux-gnu/lib/stubs//libcudla(\.so|\.a)
    /usr/lib/x86_64-linux-gnu/stubs//libcudla(\.so|\.a)
    /usr/lib/x86_64-linux-gnu//libcudla(\.so|\.a)
    /usr/lib/lib64/stubs//libcudla(\.so|\.a)
    /usr/lib/lib/stubs//libcudla(\.so|\.a)
    /usr/lib/stubs//libcudla(\.so|\.a)
    /usr/lib//libcudla(\.so|\.a)
    /usr/lib64/stubs//libcudla(\.so|\.a)
    /usr/lib/stubs//libcudla(\.so|\.a)
    /usr/stubs//libcudla(\.so|\.a)
    /usr//libcudla(\.so|\.a)
    /lib/x86_64-linux-gnu/lib64/stubs//libcudla(\.so|\.a)
    /lib/x86_64-linux-gnu/lib/stubs//libcudla(\.so|\.a)
    /lib/x86_64-linux-gnu/stubs//libcudla(\.so|\.a)
    /lib/x86_64-linux-gnu//libcudla(\.so|\.a)
    /lib/lib64/stubs//libcudla(\.so|\.a)
    /lib/lib/stubs//libcudla(\.so|\.a)
    /lib/stubs//libcudla(\.so|\.a)
    /lib//libcudla(\.so|\.a)
    /home/gridtest/opt/cmake-4.4.0-linux-x86_64/lib/x86_64-linux-gnu/lib64/stubs//libcudla(\.so|\.a)
    /home/gridtest/opt/cmake-4.4.0-linux-x86_64/lib/x86_64-linux-gnu/lib/stubs//libcudla(\.so|\.a)
    /home/gridtest/opt/cmake-4.4.0-linux-x86_64/lib/x86_64-linux-gnu/stubs//libcudla(\.so|\.a)
    /home/gridtest/opt/cmake-4.4.0-linux-x86_64/lib/x86_64-linux-gnu//libcudla(\.so|\.a)
    /home/gridtest/opt/cmake-4.4.0-linux-x86_64/lib/lib64/stubs//libcudla(\.so|\.a)
    /home/gridtest/opt/cmake-4.4.0-linux-x86_64/lib/lib/stubs//libcudla(\.so|\.a)
    /home/gridtest/opt/cmake-4.4.0-linux-x86_64/lib/stubs//libcudla(\.so|\.a)
    /home/gridtest/opt/cmake-4.4.0-linux-x86_64/lib//libcudla(\.so|\.a)
    /home/gridtest/opt/cmake-4.4.0-linux-x86_64/lib64/stubs//libcudla(\.so|\.a)
    /home/gridtest/opt/cmake-4.4.0-linux-x86_64/lib/stubs//libcudla(\.so|\.a)
    /home/gridtest/opt/cmake-4.4.0-linux-x86_64/stubs//libcudla(\.so|\.a)
    /home/gridtest/opt/cmake-4.4.0-linux-x86_64//libcudla(\.so|\.a)
    /usr/X11R6/lib/x86_64-linux-gnu/lib64/stubs//libcudla(\.so|\.a)
    /usr/X11R6/lib/x86_64-linux-gnu/lib/stubs//libcudla(\.so|\.a)
    /usr/X11R6/lib/x86_64-linux-gnu/stubs//libcudla(\.so|\.a)
    /usr/X11R6/lib/x86_64-linux-gnu//libcudla(\.so|\.a)
    /usr/X11R6/lib/lib64/stubs//libcudla(\.so|\.a)
    /usr/X11R6/lib/lib/stubs//libcudla(\.so|\.a)
    /usr/X11R6/lib/stubs//libcudla(\.so|\.a)
    /usr/X11R6/lib//libcudla(\.so|\.a)
    /usr/X11R6/lib64/stubs//libcudla(\.so|\.a)
    /usr/X11R6/lib/stubs//libcudla(\.so|\.a)
    /usr/X11R6/stubs//libcudla(\.so|\.a)
    /usr/X11R6//libcudla(\.so|\.a)
    /usr/pkg/lib/x86_64-linux-gnu/lib64/stubs//libcudla(\.so|\.a)
    /usr/pkg/lib/x86_64-linux-gnu/lib/stubs//libcudla(\.so|\.a)
    /usr/pkg/lib/x86_64-linux-gnu/stubs//libcudla(\.so|\.a)
    /usr/pkg/lib/x86_64-linux-gnu//libcudla(\.so|\.a)
    /usr/pkg/lib/lib64/stubs//libcudla(\.so|\.a)
    /usr/pkg/lib/lib/stubs//libcudla(\.so|\.a)
    /usr/pkg/lib/stubs//libcudla(\.so|\.a)
    /usr/pkg/lib//libcudla(\.so|\.a)
    /usr/pkg/lib64/stubs//libcudla(\.so|\.a)
    /usr/pkg/lib/stubs//libcudla(\.so|\.a)
    /usr/pkg/stubs//libcudla(\.so|\.a)
    /usr/pkg//libcudla(\.so|\.a)
    /opt/lib/x86_64-linux-gnu/lib64/stubs//libcudla(\.so|\.a)
    /opt/lib/x86_64-linux-gnu/lib/stubs//libcudla(\.so|\.a)
    /opt/lib/x86_64-linux-gnu/stubs//libcudla(\.so|\.a)
    /opt/lib/x86_64-linux-gnu//libcudla(\.so|\.a)
    /opt/lib/lib64/stubs//libcudla(\.so|\.a)
    /opt/lib/lib/stubs//libcudla(\.so|\.a)
    /opt/lib/stubs//libcudla(\.so|\.a)
    /opt/lib//libcudla(\.so|\.a)
    /opt/lib64/stubs//libcudla(\.so|\.a)
    /opt/lib/stubs//libcudla(\.so|\.a)
    /opt/stubs//libcudla(\.so|\.a)
    /opt//libcudla(\.so|\.a)
    /usr/lib/X11/lib64/stubs//libcudla(\.so|\.a)
    /usr/lib/X11/lib/stubs//libcudla(\.so|\.a)
    /usr/lib/X11/stubs//libcudla(\.so|\.a)
    /usr/lib/X11//libcudla(\.so|\.a)

  The item was not found.

Call Stack (most recent call first):
  /home/gridtest/opt/cmake-4.4.0-linux-x86_64/share/cmake-4.4/Modules/FindCUDAToolkit.cmake:1413 (_CUDAToolkit_find_and_add_import_lib)
  CMakeLists.txt:4 (find_package)


CMake Debug Log at /home/gridtest/opt/cmake-4.4.0-linux-x86_64/share/cmake-4.4/Modules/FindCUDAToolkit.cmake:1283 (find_library):
  find_library called with the following settings:

    VAR: CUDA_cufftw_LIBRARY
    NAMES: "cufftw"
    Documentation: Path to a library.
    Framework
      Only Search Frameworks: 0
      Search Frameworks Last: 0
      Search Frameworks First: 0
    AppBundle
      Only Search AppBundle: 0
      Search AppBundle Last: 0
      Search AppBundle First: 0
    CMAKE_FIND_USE_CMAKE_PATH: 1
    CMAKE_FIND_USE_CMAKE_ENVIRONMENT_PATH: 1
    CMAKE_FIND_USE_SYSTEM_ENVIRONMENT_PATH: 1
    CMAKE_FIND_USE_CMAKE_SYSTEM_PATH: 1
    CMAKE_FIND_USE_INSTALL_PREFIX: 1

  find_library considered the following locations:

    /usr/local/cuda-13.2/targets/x86_64-linux/lib/nvidia/current//libcufftw(\.so|\.a)
    /usr/local/cuda-13.2/targets/x86_64-linux/lib/lib64//libcufftw(\.so|\.a)
    /usr/local/cuda-13.2/targets/x86_64-linux/lib/lib//libcufftw(\.so|\.a)
    /usr/local/cuda-13.2/targets/x86_64-linux/lib/math_libs/13.2/lib64//libcufftw(\.so|\.a)
    /usr/local/cuda-13.2/targets/x86_64-linux/lib/math_libs/lib64//libcufftw(\.so|\.a)

  The item was found at

    /usr/local/cuda-13.2/targets/x86_64-linux/lib/libcufftw.so

Call Stack (most recent call first):
  /home/gridtest/opt/cmake-4.4.0-linux-x86_64/share/cmake-4.4/Modules/FindCUDAToolkit.cmake:1418 (_CUDAToolkit_find_and_add_import_lib)
  CMakeLists.txt:4 (find_package)


CMake Debug Log at /home/gridtest/opt/cmake-4.4.0-linux-x86_64/share/cmake-4.4/Modules/FindCUDAToolkit.cmake:1283 (find_library):
  find_library called with the following settings:

    VAR: CUDA_cufftw_static_LIBRARY
    NAMES: "cufftw_static"
    Documentation: Path to a library.
    Framework
      Only Search Frameworks: 0
      Search Frameworks Last: 0
      Search Frameworks First: 0
    AppBundle
      Only Search AppBundle: 0
      Search AppBundle Last: 0
      Search AppBundle First: 0
    CMAKE_FIND_USE_CMAKE_PATH: 1
    CMAKE_FIND_USE_CMAKE_ENVIRONMENT_PATH: 1
    CMAKE_FIND_USE_SYSTEM_ENVIRONMENT_PATH: 1
    CMAKE_FIND_USE_CMAKE_SYSTEM_PATH: 1
    CMAKE_FIND_USE_INSTALL_PREFIX: 1

  find_library considered the following locations:

    /usr/local/cuda-13.2/targets/x86_64-linux/lib/nvidia/current//libcufftw_static(\.so|\.a)
    /usr/local/cuda-13.2/targets/x86_64-linux/lib/lib64//libcufftw_static(\.so|\.a)
    /usr/local/cuda-13.2/targets/x86_64-linux/lib/lib//libcufftw_static(\.so|\.a)
    /usr/local/cuda-13.2/targets/x86_64-linux/lib/math_libs/13.2/lib64//libcufftw_static(\.so|\.a)
    /usr/local/cuda-13.2/targets/x86_64-linux/lib/math_libs/lib64//libcufftw_static(\.so|\.a)

  The item was found at

    /usr/local/cuda-13.2/targets/x86_64-linux/lib/libcufftw_static.a

Call Stack (most recent call first):
  /home/gridtest/opt/cmake-4.4.0-linux-x86_64/share/cmake-4.4/Modules/FindCUDAToolkit.cmake:1419 (_CUDAToolkit_find_and_add_import_lib)
  CMakeLists.txt:4 (find_package)


CMake Debug Log at /home/gridtest/opt/cmake-4.4.0-linux-x86_64/share/cmake-4.4/Modules/FindCUDAToolkit.cmake:1283 (find_library):
  find_library called with the following settings:

    VAR: CUDA_cufft_static_nocallback_LIBRARY
    NAMES: "cufft_static_nocallback"
    Documentation: Path to a library.
    Framework
      Only Search Frameworks: 0
      Search Frameworks Last: 0
      Search Frameworks First: 0
    AppBundle
      Only Search AppBundle: 0
      Search AppBundle Last: 0
      Search AppBundle First: 0
    CMAKE_FIND_USE_CMAKE_PATH: 1
    CMAKE_FIND_USE_CMAKE_ENVIRONMENT_PATH: 1
    CMAKE_FIND_USE_SYSTEM_ENVIRONMENT_PATH: 1
    CMAKE_FIND_USE_CMAKE_SYSTEM_PATH: 1
    CMAKE_FIND_USE_INSTALL_PREFIX: 1

  find_library considered the following locations:

    /usr/local/cuda-13.2/targets/x86_64-linux/lib/nvidia/current//libcufft_static_nocallback(\.so|\.a)
    /usr/local/cuda-13.2/targets/x86_64-linux/lib/lib64//libcufft_static_nocallback(\.so|\.a)
    /usr/local/cuda-13.2/targets/x86_64-linux/lib/lib//libcufft_static_nocallback(\.so|\.a)
    /usr/local/cuda-13.2/targets/x86_64-linux/lib/math_libs/13.2/lib64//libcufft_static_nocallback(\.so|\.a)
    /usr/local/cuda-13.2/targets/x86_64-linux/lib/math_libs/lib64//libcufft_static_nocallback(\.so|\.a)
    /usr/local/cuda-13.2/targets/x86_64-linux/lib//libcufft_static_nocallback(\.so|\.a)
    /usr/local/cuda-13.2/targets/x86_64-linux/lib/stubs/nvidia/current//libcufft_static_nocallback(\.so|\.a)
    /usr/local/cuda-13.2/targets/x86_64-linux/lib/stubs/lib64//libcufft_static_nocallback(\.so|\.a)
    /usr/local/cuda-13.2/targets/x86_64-linux/lib/stubs/lib//libcufft_static_nocallback(\.so|\.a)
    /usr/local/cuda-13.2/targets/x86_64-linux/lib/stubs/math_libs/13.2/lib64//libcufft_static_nocallback(\.so|\.a)
    /usr/local/cuda-13.2/targets/x86_64-linux/lib/stubs/math_libs/lib64//libcufft_static_nocallback(\.so|\.a)
    /usr/local/cuda-13.2/targets/x86_64-linux/lib/stubs//libcufft_static_nocallback(\.so|\.a)
    /home/gridtest/opt/openmpi-5.0.10/bin/nvidia/current//libcufft_static_nocallback(\.so|\.a)
    /home/gridtest/opt/openmpi-5.0.10/bin/lib64//libcufft_static_nocallback(\.so|\.a)
    /home/gridtest/opt/openmpi-5.0.10/bin/lib//libcufft_static_nocallback(\.so|\.a)
    /home/gridtest/opt/openmpi-5.0.10/bin/math_libs/13.2/lib64//libcufft_static_nocallback(\.so|\.a)
    /home/gridtest/opt/openmpi-5.0.10/bin/math_libs/lib64//libcufft_static_nocallback(\.so|\.a)
    /home/gridtest/opt/openmpi-5.0.10/bin//libcufft_static_nocallback(\.so|\.a)
    /home/gridtest/opt/cmake-4.4.0-linux-x86_64/bin/nvidia/current//libcufft_static_nocallback(\.so|\.a)
    /home/gridtest/opt/cmake-4.4.0-linux-x86_64/bin/lib64//libcufft_static_nocallback(\.so|\.a)
    /home/gridtest/opt/cmake-4.4.0-linux-x86_64/bin/lib//libcufft_static_nocallback(\.so|\.a)
    /home/gridtest/opt/cmake-4.4.0-linux-x86_64/bin/math_libs/13.2/lib64//libcufft_static_nocallback(\.so|\.a)
    /home/gridtest/opt/cmake-4.4.0-linux-x86_64/bin/math_libs/lib64//libcufft_static_nocallback(\.so|\.a)
    /home/gridtest/opt/cmake-4.4.0-linux-x86_64/bin//libcufft_static_nocallback(\.so|\.a)
    /usr/local/cuda-13.2/bin/nvidia/current//libcufft_static_nocallback(\.so|\.a)
    /usr/local/cuda-13.2/bin/lib64//libcufft_static_nocallback(\.so|\.a)
    /usr/local/cuda-13.2/bin/lib//libcufft_static_nocallback(\.so|\.a)
    /usr/local/cuda-13.2/bin/math_libs/13.2/lib64//libcufft_static_nocallback(\.so|\.a)
    /usr/local/cuda-13.2/bin/math_libs/lib64//libcufft_static_nocallback(\.so|\.a)
    /usr/local/cuda-13.2/bin//libcufft_static_nocallback(\.so|\.a)
    /usr/local/sbin/nvidia/current//libcufft_static_nocallback(\.so|\.a)
    /usr/local/sbin/lib64//libcufft_static_nocallback(\.so|\.a)
    /usr/local/sbin/lib//libcufft_static_nocallback(\.so|\.a)
    /usr/local/sbin/math_libs/13.2/lib64//libcufft_static_nocallback(\.so|\.a)
    /usr/local/sbin/math_libs/lib64//libcufft_static_nocallback(\.so|\.a)
    /usr/local/sbin//libcufft_static_nocallback(\.so|\.a)
    /usr/local/bin/nvidia/current//libcufft_static_nocallback(\.so|\.a)
    /usr/local/bin/lib64//libcufft_static_nocallback(\.so|\.a)
    /usr/local/bin/lib//libcufft_static_nocallback(\.so|\.a)
    /usr/local/bin/math_libs/13.2/lib64//libcufft_static_nocallback(\.so|\.a)
    /usr/local/bin/math_libs/lib64//libcufft_static_nocallback(\.so|\.a)
    /usr/local/bin//libcufft_static_nocallback(\.so|\.a)
    /usr/sbin/nvidia/current//libcufft_static_nocallback(\.so|\.a)
    /usr/sbin/lib64//libcufft_static_nocallback(\.so|\.a)
    /usr/sbin/lib//libcufft_static_nocallback(\.so|\.a)
    /usr/sbin/math_libs/13.2/lib64//libcufft_static_nocallback(\.so|\.a)
    /usr/sbin/math_libs/lib64//libcufft_static_nocallback(\.so|\.a)
    /usr/sbin//libcufft_static_nocallback(\.so|\.a)
    /usr/bin/nvidia/current//libcufft_static_nocallback(\.so|\.a)
    /usr/bin/lib64//libcufft_static_nocallback(\.so|\.a)
    /usr/bin/lib//libcufft_static_nocallback(\.so|\.a)
    /usr/bin/math_libs/13.2/lib64//libcufft_static_nocallback(\.so|\.a)
    /usr/bin/math_libs/lib64//libcufft_static_nocallback(\.so|\.a)
    /usr/bin//libcufft_static_nocallback(\.so|\.a)
    /sbin/nvidia/current//libcufft_static_nocallback(\.so|\.a)
    /sbin/lib64//libcufft_static_nocallback(\.so|\.a)
    /sbin/lib//libcufft_static_nocallback(\.so|\.a)
    /sbin/math_libs/13.2/lib64//libcufft_static_nocallback(\.so|\.a)
    /sbin/math_libs/lib64//libcufft_static_nocallback(\.so|\.a)
    /sbin//libcufft_static_nocallback(\.so|\.a)
    /bin/nvidia/current//libcufft_static_nocallback(\.so|\.a)
    /bin/lib64//libcufft_static_nocallback(\.so|\.a)
    /bin/lib//libcufft_static_nocallback(\.so|\.a)
    /bin/math_libs/13.2/lib64//libcufft_static_nocallback(\.so|\.a)
    /bin/math_libs/lib64//libcufft_static_nocallback(\.so|\.a)
    /bin//libcufft_static_nocallback(\.so|\.a)
    /usr/games/nvidia/current//libcufft_static_nocallback(\.so|\.a)
    /usr/games/lib64//libcufft_static_nocallback(\.so|\.a)
    /usr/games/lib//libcufft_static_nocallback(\.so|\.a)
    /usr/games/math_libs/13.2/lib64//libcufft_static_nocallback(\.so|\.a)
    /usr/games/math_libs/lib64//libcufft_static_nocallback(\.so|\.a)
    /usr/games//libcufft_static_nocallback(\.so|\.a)
    /usr/local/games/nvidia/current//libcufft_static_nocallback(\.so|\.a)
    /usr/local/games/lib64//libcufft_static_nocallback(\.so|\.a)
    /usr/local/games/lib//libcufft_static_nocallback(\.so|\.a)
    /usr/local/games/math_libs/13.2/lib64//libcufft_static_nocallback(\.so|\.a)
    /usr/local/games/math_libs/lib64//libcufft_static_nocallback(\.so|\.a)
    /usr/local/games//libcufft_static_nocallback(\.so|\.a)
    /snap/bin/nvidia/current//libcufft_static_nocallback(\.so|\.a)
    /snap/bin/lib64//libcufft_static_nocallback(\.so|\.a)
    /snap/bin/lib//libcufft_static_nocallback(\.so|\.a)
    /snap/bin/math_libs/13.2/lib64//libcufft_static_nocallback(\.so|\.a)
    /snap/bin/math_libs/lib64//libcufft_static_nocallback(\.so|\.a)
    /snap/bin//libcufft_static_nocallback(\.so|\.a)
    /usr/local/lib/x86_64-linux-gnu/nvidia/current//libcufft_static_nocallback(\.so|\.a)
    /usr/local/lib/x86_64-linux-gnu/lib64//libcufft_static_nocallback(\.so|\.a)
    /usr/local/lib/x86_64-linux-gnu/lib//libcufft_static_nocallback(\.so|\.a)
    /usr/local/lib/x86_64-linux-gnu/math_libs/13.2/lib64//libcufft_static_nocallback(\.so|\.a)
    /usr/local/lib/x86_64-linux-gnu/math_libs/lib64//libcufft_static_nocallback(\.so|\.a)
    /usr/local/lib/x86_64-linux-gnu//libcufft_static_nocallback(\.so|\.a)
    /usr/local/lib/nvidia/current//libcufft_static_nocallback(\.so|\.a)
    /usr/local/lib/lib64//libcufft_static_nocallback(\.so|\.a)
    /usr/local/lib/lib//libcufft_static_nocallback(\.so|\.a)
    /usr/local/lib/math_libs/13.2/lib64//libcufft_static_nocallback(\.so|\.a)
    /usr/local/lib/math_libs/lib64//libcufft_static_nocallback(\.so|\.a)
    /usr/local/lib//libcufft_static_nocallback(\.so|\.a)
    /usr/local/nvidia/current//libcufft_static_nocallback(\.so|\.a)
    /usr/local/lib64//libcufft_static_nocallback(\.so|\.a)
    /usr/local/lib//libcufft_static_nocallback(\.so|\.a)
    /usr/local/math_libs/13.2/lib64//libcufft_static_nocallback(\.so|\.a)
    /usr/local/math_libs/lib64//libcufft_static_nocallback(\.so|\.a)
    /usr/local//libcufft_static_nocallback(\.so|\.a)
    /usr/lib/x86_64-linux-gnu/nvidia/current//libcufft_static_nocallback(\.so|\.a)
    /usr/lib/x86_64-linux-gnu/lib64//libcufft_static_nocallback(\.so|\.a)
    /usr/lib/x86_64-linux-gnu/lib//libcufft_static_nocallback(\.so|\.a)
    /usr/lib/x86_64-linux-gnu/math_libs/13.2/lib64//libcufft_static_nocallback(\.so|\.a)
    /usr/lib/x86_64-linux-gnu/math_libs/lib64//libcufft_static_nocallback(\.so|\.a)
    /usr/lib/x86_64-linux-gnu//libcufft_static_nocallback(\.so|\.a)
    /usr/lib/nvidia/current//libcufft_static_nocallback(\.so|\.a)
    /usr/lib/lib64//libcufft_static_nocallback(\.so|\.a)
    /usr/lib/lib//libcufft_static_nocallback(\.so|\.a)
    /usr/lib/math_libs/13.2/lib64//libcufft_static_nocallback(\.so|\.a)
    /usr/lib/math_libs/lib64//libcufft_static_nocallback(\.so|\.a)
    /usr/lib//libcufft_static_nocallback(\.so|\.a)
    /usr/nvidia/current//libcufft_static_nocallback(\.so|\.a)
    /usr/lib64//libcufft_static_nocallback(\.so|\.a)
    /usr/lib//libcufft_static_nocallback(\.so|\.a)
    /usr/math_libs/13.2/lib64//libcufft_static_nocallback(\.so|\.a)
    /usr/math_libs/lib64//libcufft_static_nocallback(\.so|\.a)
    /usr//libcufft_static_nocallback(\.so|\.a)
    /lib/x86_64-linux-gnu/nvidia/current//libcufft_static_nocallback(\.so|\.a)
    /lib/x86_64-linux-gnu/lib64//libcufft_static_nocallback(\.so|\.a)
    /lib/x86_64-linux-gnu/lib//libcufft_static_nocallback(\.so|\.a)
    /lib/x86_64-linux-gnu/math_libs/13.2/lib64//libcufft_static_nocallback(\.so|\.a)
    /lib/x86_64-linux-gnu/math_libs/lib64//libcufft_static_nocallback(\.so|\.a)
    /lib/x86_64-linux-gnu//libcufft_static_nocallback(\.so|\.a)
    /lib/nvidia/current//libcufft_static_nocallback(\.so|\.a)
    /lib/lib64//libcufft_static_nocallback(\.so|\.a)
    /lib/lib//libcufft_static_nocallback(\.so|\.a)
    /lib/math_libs/13.2/lib64//libcufft_static_nocallback(\.so|\.a)
    /lib/math_libs/lib64//libcufft_static_nocallback(\.so|\.a)
    /lib//libcufft_static_nocallback(\.so|\.a)
    /home/gridtest/opt/cmake-4.4.0-linux-x86_64/lib/x86_64-linux-gnu/nvidia/current//libcufft_static_nocallback(\.so|\.a)
    /home/gridtest/opt/cmake-4.4.0-linux-x86_64/lib/x86_64-linux-gnu/lib64//libcufft_static_nocallback(\.so|\.a)
    /home/gridtest/opt/cmake-4.4.0-linux-x86_64/lib/x86_64-linux-gnu/lib//libcufft_static_nocallback(\.so|\.a)
    /home/gridtest/opt/cmake-4.4.0-linux-x86_64/lib/x86_64-linux-gnu/math_libs/13.2/lib64//libcufft_static_nocallback(\.so|\.a)
    /home/gridtest/opt/cmake-4.4.0-linux-x86_64/lib/x86_64-linux-gnu/math_libs/lib64//libcufft_static_nocallback(\.so|\.a)
    /home/gridtest/opt/cmake-4.4.0-linux-x86_64/lib/x86_64-linux-gnu//libcufft_static_nocallback(\.so|\.a)
    /home/gridtest/opt/cmake-4.4.0-linux-x86_64/lib/nvidia/current//libcufft_static_nocallback(\.so|\.a)
    /home/gridtest/opt/cmake-4.4.0-linux-x86_64/lib/lib64//libcufft_static_nocallback(\.so|\.a)
    /home/gridtest/opt/cmake-4.4.0-linux-x86_64/lib/lib//libcufft_static_nocallback(\.so|\.a)
    /home/gridtest/opt/cmake-4.4.0-linux-x86_64/lib/math_libs/13.2/lib64//libcufft_static_nocallback(\.so|\.a)
    /home/gridtest/opt/cmake-4.4.0-linux-x86_64/lib/math_libs/lib64//libcufft_static_nocallback(\.so|\.a)
    /home/gridtest/opt/cmake-4.4.0-linux-x86_64/lib//libcufft_static_nocallback(\.so|\.a)
    /home/gridtest/opt/cmake-4.4.0-linux-x86_64/nvidia/current//libcufft_static_nocallback(\.so|\.a)
    /home/gridtest/opt/cmake-4.4.0-linux-x86_64/lib64//libcufft_static_nocallback(\.so|\.a)
    /home/gridtest/opt/cmake-4.4.0-linux-x86_64/lib//libcufft_static_nocallback(\.so|\.a)
    /home/gridtest/opt/cmake-4.4.0-linux-x86_64/math_libs/13.2/lib64//libcufft_static_nocallback(\.so|\.a)
    /home/gridtest/opt/cmake-4.4.0-linux-x86_64/math_libs/lib64//libcufft_static_nocallback(\.so|\.a)
    /home/gridtest/opt/cmake-4.4.0-linux-x86_64//libcufft_static_nocallback(\.so|\.a)
    /usr/X11R6/lib/x86_64-linux-gnu/nvidia/current//libcufft_static_nocallback(\.so|\.a)
    /usr/X11R6/lib/x86_64-linux-gnu/lib64//libcufft_static_nocallback(\.so|\.a)
    /usr/X11R6/lib/x86_64-linux-gnu/lib//libcufft_static_nocallback(\.so|\.a)
    /usr/X11R6/lib/x86_64-linux-gnu/math_libs/13.2/lib64//libcufft_static_nocallback(\.so|\.a)
    /usr/X11R6/lib/x86_64-linux-gnu/math_libs/lib64//libcufft_static_nocallback(\.so|\.a)
    /usr/X11R6/lib/x86_64-linux-gnu//libcufft_static_nocallback(\.so|\.a)
    /usr/X11R6/lib/nvidia/current//libcufft_static_nocallback(\.so|\.a)
    /usr/X11R6/lib/lib64//libcufft_static_nocallback(\.so|\.a)
    /usr/X11R6/lib/lib//libcufft_static_nocallback(\.so|\.a)
    /usr/X11R6/lib/math_libs/13.2/lib64//libcufft_static_nocallback(\.so|\.a)
    /usr/X11R6/lib/math_libs/lib64//libcufft_static_nocallback(\.so|\.a)
    /usr/X11R6/lib//libcufft_static_nocallback(\.so|\.a)
    /usr/X11R6/nvidia/current//libcufft_static_nocallback(\.so|\.a)
    /usr/X11R6/lib64//libcufft_static_nocallback(\.so|\.a)
    /usr/X11R6/lib//libcufft_static_nocallback(\.so|\.a)
    /usr/X11R6/math_libs/13.2/lib64//libcufft_static_nocallback(\.so|\.a)
    /usr/X11R6/math_libs/lib64//libcufft_static_nocallback(\.so|\.a)
    /usr/X11R6//libcufft_static_nocallback(\.so|\.a)
    /usr/pkg/lib/x86_64-linux-gnu/nvidia/current//libcufft_static_nocallback(\.so|\.a)
    /usr/pkg/lib/x86_64-linux-gnu/lib64//libcufft_static_nocallback(\.so|\.a)
    /usr/pkg/lib/x86_64-linux-gnu/lib//libcufft_static_nocallback(\.so|\.a)
    /usr/pkg/lib/x86_64-linux-gnu/math_libs/13.2/lib64//libcufft_static_nocallback(\.so|\.a)
    /usr/pkg/lib/x86_64-linux-gnu/math_libs/lib64//libcufft_static_nocallback(\.so|\.a)
    /usr/pkg/lib/x86_64-linux-gnu//libcufft_static_nocallback(\.so|\.a)
    /usr/pkg/lib/nvidia/current//libcufft_static_nocallback(\.so|\.a)
    /usr/pkg/lib/lib64//libcufft_static_nocallback(\.so|\.a)
    /usr/pkg/lib/lib//libcufft_static_nocallback(\.so|\.a)
    /usr/pkg/lib/math_libs/13.2/lib64//libcufft_static_nocallback(\.so|\.a)
    /usr/pkg/lib/math_libs/lib64//libcufft_static_nocallback(\.so|\.a)
    /usr/pkg/lib//libcufft_static_nocallback(\.so|\.a)
    /usr/pkg/nvidia/current//libcufft_static_nocallback(\.so|\.a)
    /usr/pkg/lib64//libcufft_static_nocallback(\.so|\.a)
    /usr/pkg/lib//libcufft_static_nocallback(\.so|\.a)
    /usr/pkg/math_libs/13.2/lib64//libcufft_static_nocallback(\.so|\.a)
    /usr/pkg/math_libs/lib64//libcufft_static_nocallback(\.so|\.a)
    /usr/pkg//libcufft_static_nocallback(\.so|\.a)
    /opt/lib/x86_64-linux-gnu/nvidia/current//libcufft_static_nocallback(\.so|\.a)
    /opt/lib/x86_64-linux-gnu/lib64//libcufft_static_nocallback(\.so|\.a)
    /opt/lib/x86_64-linux-gnu/lib//libcufft_static_nocallback(\.so|\.a)
    /opt/lib/x86_64-linux-gnu/math_libs/13.2/lib64//libcufft_static_nocallback(\.so|\.a)
    /opt/lib/x86_64-linux-gnu/math_libs/lib64//libcufft_static_nocallback(\.so|\.a)
    /opt/lib/x86_64-linux-gnu//libcufft_static_nocallback(\.so|\.a)
    /opt/lib/nvidia/current//libcufft_static_nocallback(\.so|\.a)
    /opt/lib/lib64//libcufft_static_nocallback(\.so|\.a)
    /opt/lib/lib//libcufft_static_nocallback(\.so|\.a)
    /opt/lib/math_libs/13.2/lib64//libcufft_static_nocallback(\.so|\.a)
    /opt/lib/math_libs/lib64//libcufft_static_nocallback(\.so|\.a)
    /opt/lib//libcufft_static_nocallback(\.so|\.a)
    /opt/nvidia/current//libcufft_static_nocallback(\.so|\.a)
    /opt/lib64//libcufft_static_nocallback(\.so|\.a)
    /opt/lib//libcufft_static_nocallback(\.so|\.a)
    /opt/math_libs/13.2/lib64//libcufft_static_nocallback(\.so|\.a)
    /opt/math_libs/lib64//libcufft_static_nocallback(\.so|\.a)
    /opt//libcufft_static_nocallback(\.so|\.a)
    /usr/lib/X11/nvidia/current//libcufft_static_nocallback(\.so|\.a)
    /usr/lib/X11/lib64//libcufft_static_nocallback(\.so|\.a)
    /usr/lib/X11/lib//libcufft_static_nocallback(\.so|\.a)
    /usr/lib/X11/math_libs/13.2/lib64//libcufft_static_nocallback(\.so|\.a)
    /usr/lib/X11/math_libs/lib64//libcufft_static_nocallback(\.so|\.a)
    /usr/lib/X11//libcufft_static_nocallback(\.so|\.a)

  The item was not found.

Call Stack (most recent call first):
  /home/gridtest/opt/cmake-4.4.0-linux-x86_64/share/cmake-4.4/Modules/FindCUDAToolkit.cmake:1421 (_CUDAToolkit_find_and_add_import_lib)
  CMakeLists.txt:4 (find_package)


CMake Debug Log at /home/gridtest/opt/cmake-4.4.0-linux-x86_64/share/cmake-4.4/Modules/FindCUDAToolkit.cmake:1298 (find_library):
  find_library called with the following settings:

    VAR: CUDA_cufft_static_nocallback_LIBRARY
    NAMES: "cufft_static_nocallback"
    Documentation: Path to a library.
    Framework
      Only Search Frameworks: 0
      Search Frameworks Last: 0
      Search Frameworks First: 0
    AppBundle
      Only Search AppBundle: 0
      Search AppBundle Last: 0
      Search AppBundle First: 0
    CMAKE_FIND_USE_CMAKE_PATH: 1
    CMAKE_FIND_USE_CMAKE_ENVIRONMENT_PATH: 1
    CMAKE_FIND_USE_SYSTEM_ENVIRONMENT_PATH: 1
    CMAKE_FIND_USE_CMAKE_SYSTEM_PATH: 1
    CMAKE_FIND_USE_INSTALL_PREFIX: 1

  find_library considered the following locations:

    /usr/local/cuda-13.2/targets/x86_64-linux/lib/lib64/stubs//libcufft_static_nocallback(\.so|\.a)
    /usr/local/cuda-13.2/targets/x86_64-linux/lib/lib/stubs//libcufft_static_nocallback(\.so|\.a)
    /usr/local/cuda-13.2/targets/x86_64-linux/lib/stubs//libcufft_static_nocallback(\.so|\.a)
    /usr/local/cuda-13.2/targets/x86_64-linux/lib//libcufft_static_nocallback(\.so|\.a)
    /usr/local/cuda-13.2/targets/x86_64-linux/lib/stubs/lib64/stubs//libcufft_static_nocallback(\.so|\.a)
    /usr/local/cuda-13.2/targets/x86_64-linux/lib/stubs/lib/stubs//libcufft_static_nocallback(\.so|\.a)
    /usr/local/cuda-13.2/targets/x86_64-linux/lib/stubs/stubs//libcufft_static_nocallback(\.so|\.a)
    /usr/local/cuda-13.2/targets/x86_64-linux/lib/stubs//libcufft_static_nocallback(\.so|\.a)
    /home/gridtest/opt/openmpi-5.0.10/bin/lib64/stubs//libcufft_static_nocallback(\.so|\.a)
    /home/gridtest/opt/openmpi-5.0.10/bin/lib/stubs//libcufft_static_nocallback(\.so|\.a)
    /home/gridtest/opt/openmpi-5.0.10/bin/stubs//libcufft_static_nocallback(\.so|\.a)
    /home/gridtest/opt/openmpi-5.0.10/bin//libcufft_static_nocallback(\.so|\.a)
    /home/gridtest/opt/cmake-4.4.0-linux-x86_64/bin/lib64/stubs//libcufft_static_nocallback(\.so|\.a)
    /home/gridtest/opt/cmake-4.4.0-linux-x86_64/bin/lib/stubs//libcufft_static_nocallback(\.so|\.a)
    /home/gridtest/opt/cmake-4.4.0-linux-x86_64/bin/stubs//libcufft_static_nocallback(\.so|\.a)
    /home/gridtest/opt/cmake-4.4.0-linux-x86_64/bin//libcufft_static_nocallback(\.so|\.a)
    /usr/local/cuda-13.2/bin/lib64/stubs//libcufft_static_nocallback(\.so|\.a)
    /usr/local/cuda-13.2/bin/lib/stubs//libcufft_static_nocallback(\.so|\.a)
    /usr/local/cuda-13.2/bin/stubs//libcufft_static_nocallback(\.so|\.a)
    /usr/local/cuda-13.2/bin//libcufft_static_nocallback(\.so|\.a)
    /usr/local/sbin/lib64/stubs//libcufft_static_nocallback(\.so|\.a)
    /usr/local/sbin/lib/stubs//libcufft_static_nocallback(\.so|\.a)
    /usr/local/sbin/stubs//libcufft_static_nocallback(\.so|\.a)
    /usr/local/sbin//libcufft_static_nocallback(\.so|\.a)
    /usr/local/bin/lib64/stubs//libcufft_static_nocallback(\.so|\.a)
    /usr/local/bin/lib/stubs//libcufft_static_nocallback(\.so|\.a)
    /usr/local/bin/stubs//libcufft_static_nocallback(\.so|\.a)
    /usr/local/bin//libcufft_static_nocallback(\.so|\.a)
    /usr/sbin/lib64/stubs//libcufft_static_nocallback(\.so|\.a)
    /usr/sbin/lib/stubs//libcufft_static_nocallback(\.so|\.a)
    /usr/sbin/stubs//libcufft_static_nocallback(\.so|\.a)
    /usr/sbin//libcufft_static_nocallback(\.so|\.a)
    /usr/bin/lib64/stubs//libcufft_static_nocallback(\.so|\.a)
    /usr/bin/lib/stubs//libcufft_static_nocallback(\.so|\.a)
    /usr/bin/stubs//libcufft_static_nocallback(\.so|\.a)
    /usr/bin//libcufft_static_nocallback(\.so|\.a)
    /sbin/lib64/stubs//libcufft_static_nocallback(\.so|\.a)
    /sbin/lib/stubs//libcufft_static_nocallback(\.so|\.a)
    /sbin/stubs//libcufft_static_nocallback(\.so|\.a)
    /sbin//libcufft_static_nocallback(\.so|\.a)
    /bin/lib64/stubs//libcufft_static_nocallback(\.so|\.a)
    /bin/lib/stubs//libcufft_static_nocallback(\.so|\.a)
    /bin/stubs//libcufft_static_nocallback(\.so|\.a)
    /bin//libcufft_static_nocallback(\.so|\.a)
    /usr/games/lib64/stubs//libcufft_static_nocallback(\.so|\.a)
    /usr/games/lib/stubs//libcufft_static_nocallback(\.so|\.a)
    /usr/games/stubs//libcufft_static_nocallback(\.so|\.a)
    /usr/games//libcufft_static_nocallback(\.so|\.a)
    /usr/local/games/lib64/stubs//libcufft_static_nocallback(\.so|\.a)
    /usr/local/games/lib/stubs//libcufft_static_nocallback(\.so|\.a)
    /usr/local/games/stubs//libcufft_static_nocallback(\.so|\.a)
    /usr/local/games//libcufft_static_nocallback(\.so|\.a)
    /snap/bin/lib64/stubs//libcufft_static_nocallback(\.so|\.a)
    /snap/bin/lib/stubs//libcufft_static_nocallback(\.so|\.a)
    /snap/bin/stubs//libcufft_static_nocallback(\.so|\.a)
    /snap/bin//libcufft_static_nocallback(\.so|\.a)
    /usr/local/lib/x86_64-linux-gnu/lib64/stubs//libcufft_static_nocallback(\.so|\.a)
    /usr/local/lib/x86_64-linux-gnu/lib/stubs//libcufft_static_nocallback(\.so|\.a)
    /usr/local/lib/x86_64-linux-gnu/stubs//libcufft_static_nocallback(\.so|\.a)
    /usr/local/lib/x86_64-linux-gnu//libcufft_static_nocallback(\.so|\.a)
    /usr/local/lib/lib64/stubs//libcufft_static_nocallback(\.so|\.a)
    /usr/local/lib/lib/stubs//libcufft_static_nocallback(\.so|\.a)
    /usr/local/lib/stubs//libcufft_static_nocallback(\.so|\.a)
    /usr/local/lib//libcufft_static_nocallback(\.so|\.a)
    /usr/local/lib64/stubs//libcufft_static_nocallback(\.so|\.a)
    /usr/local/lib/stubs//libcufft_static_nocallback(\.so|\.a)
    /usr/local/stubs//libcufft_static_nocallback(\.so|\.a)
    /usr/local//libcufft_static_nocallback(\.so|\.a)
    /usr/lib/x86_64-linux-gnu/lib64/stubs//libcufft_static_nocallback(\.so|\.a)
    /usr/lib/x86_64-linux-gnu/lib/stubs//libcufft_static_nocallback(\.so|\.a)
    /usr/lib/x86_64-linux-gnu/stubs//libcufft_static_nocallback(\.so|\.a)
    /usr/lib/x86_64-linux-gnu//libcufft_static_nocallback(\.so|\.a)
    /usr/lib/lib64/stubs//libcufft_static_nocallback(\.so|\.a)
    /usr/lib/lib/stubs//libcufft_static_nocallback(\.so|\.a)
    /usr/lib/stubs//libcufft_static_nocallback(\.so|\.a)
    /usr/lib//libcufft_static_nocallback(\.so|\.a)
    /usr/lib64/stubs//libcufft_static_nocallback(\.so|\.a)
    /usr/lib/stubs//libcufft_static_nocallback(\.so|\.a)
    /usr/stubs//libcufft_static_nocallback(\.so|\.a)
    /usr//libcufft_static_nocallback(\.so|\.a)
    /lib/x86_64-linux-gnu/lib64/stubs//libcufft_static_nocallback(\.so|\.a)
    /lib/x86_64-linux-gnu/lib/stubs//libcufft_static_nocallback(\.so|\.a)
    /lib/x86_64-linux-gnu/stubs//libcufft_static_nocallback(\.so|\.a)
    /lib/x86_64-linux-gnu//libcufft_static_nocallback(\.so|\.a)
    /lib/lib64/stubs//libcufft_static_nocallback(\.so|\.a)
    /lib/lib/stubs//libcufft_static_nocallback(\.so|\.a)
    /lib/stubs//libcufft_static_nocallback(\.so|\.a)
    /lib//libcufft_static_nocallback(\.so|\.a)
    /home/gridtest/opt/cmake-4.4.0-linux-x86_64/lib/x86_64-linux-gnu/lib64/stubs//libcufft_static_nocallback(\.so|\.a)
    /home/gridtest/opt/cmake-4.4.0-linux-x86_64/lib/x86_64-linux-gnu/lib/stubs//libcufft_static_nocallback(\.so|\.a)
    /home/gridtest/opt/cmake-4.4.0-linux-x86_64/lib/x86_64-linux-gnu/stubs//libcufft_static_nocallback(\.so|\.a)
    /home/gridtest/opt/cmake-4.4.0-linux-x86_64/lib/x86_64-linux-gnu//libcufft_static_nocallback(\.so|\.a)
    /home/gridtest/opt/cmake-4.4.0-linux-x86_64/lib/lib64/stubs//libcufft_static_nocallback(\.so|\.a)
    /home/gridtest/opt/cmake-4.4.0-linux-x86_64/lib/lib/stubs//libcufft_static_nocallback(\.so|\.a)
    /home/gridtest/opt/cmake-4.4.0-linux-x86_64/lib/stubs//libcufft_static_nocallback(\.so|\.a)
    /home/gridtest/opt/cmake-4.4.0-linux-x86_64/lib//libcufft_static_nocallback(\.so|\.a)
    /home/gridtest/opt/cmake-4.4.0-linux-x86_64/lib64/stubs//libcufft_static_nocallback(\.so|\.a)
    /home/gridtest/opt/cmake-4.4.0-linux-x86_64/lib/stubs//libcufft_static_nocallback(\.so|\.a)
    /home/gridtest/opt/cmake-4.4.0-linux-x86_64/stubs//libcufft_static_nocallback(\.so|\.a)
    /home/gridtest/opt/cmake-4.4.0-linux-x86_64//libcufft_static_nocallback(\.so|\.a)
    /usr/X11R6/lib/x86_64-linux-gnu/lib64/stubs//libcufft_static_nocallback(\.so|\.a)
    /usr/X11R6/lib/x86_64-linux-gnu/lib/stubs//libcufft_static_nocallback(\.so|\.a)
    /usr/X11R6/lib/x86_64-linux-gnu/stubs//libcufft_static_nocallback(\.so|\.a)
    /usr/X11R6/lib/x86_64-linux-gnu//libcufft_static_nocallback(\.so|\.a)
    /usr/X11R6/lib/lib64/stubs//libcufft_static_nocallback(\.so|\.a)
    /usr/X11R6/lib/lib/stubs//libcufft_static_nocallback(\.so|\.a)
    /usr/X11R6/lib/stubs//libcufft_static_nocallback(\.so|\.a)
    /usr/X11R6/lib//libcufft_static_nocallback(\.so|\.a)
    /usr/X11R6/lib64/stubs//libcufft_static_nocallback(\.so|\.a)
    /usr/X11R6/lib/stubs//libcufft_static_nocallback(\.so|\.a)
    /usr/X11R6/stubs//libcufft_static_nocallback(\.so|\.a)
    /usr/X11R6//libcufft_static_nocallback(\.so|\.a)
    /usr/pkg/lib/x86_64-linux-gnu/lib64/stubs//libcufft_static_nocallback(\.so|\.a)
    /usr/pkg/lib/x86_64-linux-gnu/lib/stubs//libcufft_static_nocallback(\.so|\.a)
    /usr/pkg/lib/x86_64-linux-gnu/stubs//libcufft_static_nocallback(\.so|\.a)
    /usr/pkg/lib/x86_64-linux-gnu//libcufft_static_nocallback(\.so|\.a)
    /usr/pkg/lib/lib64/stubs//libcufft_static_nocallback(\.so|\.a)
    /usr/pkg/lib/lib/stubs//libcufft_static_nocallback(\.so|\.a)
    /usr/pkg/lib/stubs//libcufft_static_nocallback(\.so|\.a)
    /usr/pkg/lib//libcufft_static_nocallback(\.so|\.a)
    /usr/pkg/lib64/stubs//libcufft_static_nocallback(\.so|\.a)
    /usr/pkg/lib/stubs//libcufft_static_nocallback(\.so|\.a)
    /usr/pkg/stubs//libcufft_static_nocallback(\.so|\.a)
    /usr/pkg//libcufft_static_nocallback(\.so|\.a)
    /opt/lib/x86_64-linux-gnu/lib64/stubs//libcufft_static_nocallback(\.so|\.a)
    /opt/lib/x86_64-linux-gnu/lib/stubs//libcufft_static_nocallback(\.so|\.a)
    /opt/lib/x86_64-linux-gnu/stubs//libcufft_static_nocallback(\.so|\.a)
    /opt/lib/x86_64-linux-gnu//libcufft_static_nocallback(\.so|\.a)
    /opt/lib/lib64/stubs//libcufft_static_nocallback(\.so|\.a)
    /opt/lib/lib/stubs//libcufft_static_nocallback(\.so|\.a)
    /opt/lib/stubs//libcufft_static_nocallback(\.so|\.a)
    /opt/lib//libcufft_static_nocallback(\.so|\.a)
    /opt/lib64/stubs//libcufft_static_nocallback(\.so|\.a)
    /opt/lib/stubs//libcufft_static_nocallback(\.so|\.a)
    /opt/stubs//libcufft_static_nocallback(\.so|\.a)
    /opt//libcufft_static_nocallback(\.so|\.a)
    /usr/lib/X11/lib64/stubs//libcufft_static_nocallback(\.so|\.a)
    /usr/lib/X11/lib/stubs//libcufft_static_nocallback(\.so|\.a)
    /usr/lib/X11/stubs//libcufft_static_nocallback(\.so|\.a)
    /usr/lib/X11//libcufft_static_nocallback(\.so|\.a)

  The item was not found.

Call Stack (most recent call first):
  /home/gridtest/opt/cmake-4.4.0-linux-x86_64/share/cmake-4.4/Modules/FindCUDAToolkit.cmake:1421 (_CUDAToolkit_find_and_add_import_lib)
  CMakeLists.txt:4 (find_package)


CMake Debug Log at /home/gridtest/opt/cmake-4.4.0-linux-x86_64/share/cmake-4.4/Modules/FindCUDAToolkit.cmake:1283 (find_library):
  find_library called with the following settings:

    VAR: CUDA_cusolver_metis_static_LIBRARY
    NAMES: "cusolver_metis_static"
           "metis_static"
    Documentation: Path to a library.
    Framework
      Only Search Frameworks: 0
      Search Frameworks Last: 0
      Search Frameworks First: 0
    AppBundle
      Only Search AppBundle: 0
      Search AppBundle Last: 0
      Search AppBundle First: 0
    CMAKE_FIND_USE_CMAKE_PATH: 1
    CMAKE_FIND_USE_CMAKE_ENVIRONMENT_PATH: 1
    CMAKE_FIND_USE_SYSTEM_ENVIRONMENT_PATH: 1
    CMAKE_FIND_USE_CMAKE_SYSTEM_PATH: 1
    CMAKE_FIND_USE_INSTALL_PREFIX: 1

  find_library considered the following locations:

    /usr/local/cuda-13.2/targets/x86_64-linux/lib/nvidia/current//libcusolver_metis_static(\.so|\.a)
    /usr/local/cuda-13.2/targets/x86_64-linux/lib/lib64//libcusolver_metis_static(\.so|\.a)
    /usr/local/cuda-13.2/targets/x86_64-linux/lib/lib//libcusolver_metis_static(\.so|\.a)
    /usr/local/cuda-13.2/targets/x86_64-linux/lib/math_libs/13.2/lib64//libcusolver_metis_static(\.so|\.a)
    /usr/local/cuda-13.2/targets/x86_64-linux/lib/math_libs/lib64//libcusolver_metis_static(\.so|\.a)

  The item was found at

    /usr/local/cuda-13.2/targets/x86_64-linux/lib/libcusolver_metis_static.a

Call Stack (most recent call first):
  /home/gridtest/opt/cmake-4.4.0-linux-x86_64/share/cmake-4.4/Modules/FindCUDAToolkit.cmake:1431 (_CUDAToolkit_find_and_add_import_lib)
  CMakeLists.txt:4 (find_package)


CMake Debug Log at /home/gridtest/opt/cmake-4.4.0-linux-x86_64/share/cmake-4.4/Modules/FindCUDAToolkit.cmake:1283 (find_library):
  find_library called with the following settings:

    VAR: CUDA_cusolver_lapack_static_LIBRARY
    NAMES: "cusolver_lapack_static"
           "lapack_static"
    Documentation: Path to a library.
    Framework
      Only Search Frameworks: 0
      Search Frameworks Last: 0
      Search Frameworks First: 0
    AppBundle
      Only Search AppBundle: 0
      Search AppBundle Last: 0
      Search AppBundle First: 0
    CMAKE_FIND_USE_CMAKE_PATH: 1
    CMAKE_FIND_USE_CMAKE_ENVIRONMENT_PATH: 1
    CMAKE_FIND_USE_SYSTEM_ENVIRONMENT_PATH: 1
    CMAKE_FIND_USE_CMAKE_SYSTEM_PATH: 1
    CMAKE_FIND_USE_INSTALL_PREFIX: 1

  find_library considered the following locations:

    /usr/local/cuda-13.2/targets/x86_64-linux/lib/nvidia/current//libcusolver_lapack_static(\.so|\.a)
    /usr/local/cuda-13.2/targets/x86_64-linux/lib/lib64//libcusolver_lapack_static(\.so|\.a)
    /usr/local/cuda-13.2/targets/x86_64-linux/lib/lib//libcusolver_lapack_static(\.so|\.a)
    /usr/local/cuda-13.2/targets/x86_64-linux/lib/math_libs/13.2/lib64//libcusolver_lapack_static(\.so|\.a)
    /usr/local/cuda-13.2/targets/x86_64-linux/lib/math_libs/lib64//libcusolver_lapack_static(\.so|\.a)

  The item was found at

    /usr/local/cuda-13.2/targets/x86_64-linux/lib/libcusolver_lapack_static.a

Call Stack (most recent call first):
  /home/gridtest/opt/cmake-4.4.0-linux-x86_64/share/cmake-4.4/Modules/FindCUDAToolkit.cmake:1437 (_CUDAToolkit_find_and_add_import_lib)
  CMakeLists.txt:4 (find_package)


CMake Debug Log at /home/gridtest/opt/cmake-4.4.0-linux-x86_64/share/cmake-4.4/Modules/FindCUDAToolkit.cmake:1283 (find_library):
  find_library called with the following settings:

    VAR: CUDA_cusolver_LIBRARY
    NAMES: "cusolver"
    Documentation: Path to a library.
    Framework
      Only Search Frameworks: 0
      Search Frameworks Last: 0
      Search Frameworks First: 0
    AppBundle
      Only Search AppBundle: 0
      Search AppBundle Last: 0
      Search AppBundle First: 0
    CMAKE_FIND_USE_CMAKE_PATH: 1
    CMAKE_FIND_USE_CMAKE_ENVIRONMENT_PATH: 1
    CMAKE_FIND_USE_SYSTEM_ENVIRONMENT_PATH: 1
    CMAKE_FIND_USE_CMAKE_SYSTEM_PATH: 1
    CMAKE_FIND_USE_INSTALL_PREFIX: 1

  find_library considered the following locations:

    /usr/local/cuda-13.2/targets/x86_64-linux/lib/nvidia/current//libcusolver(\.so|\.a)
    /usr/local/cuda-13.2/targets/x86_64-linux/lib/lib64//libcusolver(\.so|\.a)
    /usr/local/cuda-13.2/targets/x86_64-linux/lib/lib//libcusolver(\.so|\.a)
    /usr/local/cuda-13.2/targets/x86_64-linux/lib/math_libs/13.2/lib64//libcusolver(\.so|\.a)
    /usr/local/cuda-13.2/targets/x86_64-linux/lib/math_libs/lib64//libcusolver(\.so|\.a)

  The item was found at

    /usr/local/cuda-13.2/targets/x86_64-linux/lib/libcusolver.so

Call Stack (most recent call first):
  /home/gridtest/opt/cmake-4.4.0-linux-x86_64/share/cmake-4.4/Modules/FindCUDAToolkit.cmake:1440 (_CUDAToolkit_find_and_add_import_lib)
  CMakeLists.txt:4 (find_package)


CMake Debug Log at /home/gridtest/opt/cmake-4.4.0-linux-x86_64/share/cmake-4.4/Modules/FindCUDAToolkit.cmake:1283 (find_library):
  find_library called with the following settings:

    VAR: CUDA_cusolver_static_LIBRARY
    NAMES: "cusolver_static"
    Documentation: Path to a library.
    Framework
      Only Search Frameworks: 0
      Search Frameworks Last: 0
      Search Frameworks First: 0
    AppBundle
      Only Search AppBundle: 0
      Search AppBundle Last: 0
      Search AppBundle First: 0
    CMAKE_FIND_USE_CMAKE_PATH: 1
    CMAKE_FIND_USE_CMAKE_ENVIRONMENT_PATH: 1
    CMAKE_FIND_USE_SYSTEM_ENVIRONMENT_PATH: 1
    CMAKE_FIND_USE_CMAKE_SYSTEM_PATH: 1
    CMAKE_FIND_USE_INSTALL_PREFIX: 1

  find_library considered the following locations:

    /usr/local/cuda-13.2/targets/x86_64-linux/lib/nvidia/current//libcusolver_static(\.so|\.a)
    /usr/local/cuda-13.2/targets/x86_64-linux/lib/lib64//libcusolver_static(\.so|\.a)
    /usr/local/cuda-13.2/targets/x86_64-linux/lib/lib//libcusolver_static(\.so|\.a)
    /usr/local/cuda-13.2/targets/x86_64-linux/lib/math_libs/13.2/lib64//libcusolver_static(\.so|\.a)
    /usr/local/cuda-13.2/targets/x86_64-linux/lib/math_libs/lib64//libcusolver_static(\.so|\.a)

  The item was found at

    /usr/local/cuda-13.2/targets/x86_64-linux/lib/libcusolver_static.a

Call Stack (most recent call first):
  /home/gridtest/opt/cmake-4.4.0-linux-x86_64/share/cmake-4.4/Modules/FindCUDAToolkit.cmake:1441 (_CUDAToolkit_find_and_add_import_lib)
  CMakeLists.txt:4 (find_package)


CMake Debug Log at /home/gridtest/opt/cmake-4.4.0-linux-x86_64/share/cmake-4.4/Modules/FindCUDAToolkit.cmake:1283 (find_library):
  find_library called with the following settings:

    VAR: CUDA_nvgraph_LIBRARY
    NAMES: "nvgraph"
    Documentation: Path to a library.
    Framework
      Only Search Frameworks: 0
      Search Frameworks Last: 0
      Search Frameworks First: 0
    AppBundle
      Only Search AppBundle: 0
      Search AppBundle Last: 0
      Search AppBundle First: 0
    CMAKE_FIND_USE_CMAKE_PATH: 1
    CMAKE_FIND_USE_CMAKE_ENVIRONMENT_PATH: 1
    CMAKE_FIND_USE_SYSTEM_ENVIRONMENT_PATH: 1
    CMAKE_FIND_USE_CMAKE_SYSTEM_PATH: 1
    CMAKE_FIND_USE_INSTALL_PREFIX: 1

  find_library considered the following locations:

    /usr/local/cuda-13.2/targets/x86_64-linux/lib/nvidia/current//libnvgraph(\.so|\.a)
    /usr/local/cuda-13.2/targets/x86_64-linux/lib/lib64//libnvgraph(\.so|\.a)
    /usr/local/cuda-13.2/targets/x86_64-linux/lib/lib//libnvgraph(\.so|\.a)
    /usr/local/cuda-13.2/targets/x86_64-linux/lib/math_libs/13.2/lib64//libnvgraph(\.so|\.a)
    /usr/local/cuda-13.2/targets/x86_64-linux/lib/math_libs/lib64//libnvgraph(\.so|\.a)
    /usr/local/cuda-13.2/targets/x86_64-linux/lib//libnvgraph(\.so|\.a)
    /usr/local/cuda-13.2/targets/x86_64-linux/lib/stubs/nvidia/current//libnvgraph(\.so|\.a)
    /usr/local/cuda-13.2/targets/x86_64-linux/lib/stubs/lib64//libnvgraph(\.so|\.a)
    /usr/local/cuda-13.2/targets/x86_64-linux/lib/stubs/lib//libnvgraph(\.so|\.a)
    /usr/local/cuda-13.2/targets/x86_64-linux/lib/stubs/math_libs/13.2/lib64//libnvgraph(\.so|\.a)
    /usr/local/cuda-13.2/targets/x86_64-linux/lib/stubs/math_libs/lib64//libnvgraph(\.so|\.a)
    /usr/local/cuda-13.2/targets/x86_64-linux/lib/stubs//libnvgraph(\.so|\.a)
    /home/gridtest/opt/openmpi-5.0.10/bin/nvidia/current//libnvgraph(\.so|\.a)
    /home/gridtest/opt/openmpi-5.0.10/bin/lib64//libnvgraph(\.so|\.a)
    /home/gridtest/opt/openmpi-5.0.10/bin/lib//libnvgraph(\.so|\.a)
    /home/gridtest/opt/openmpi-5.0.10/bin/math_libs/13.2/lib64//libnvgraph(\.so|\.a)
    /home/gridtest/opt/openmpi-5.0.10/bin/math_libs/lib64//libnvgraph(\.so|\.a)
    /home/gridtest/opt/openmpi-5.0.10/bin//libnvgraph(\.so|\.a)
    /home/gridtest/opt/cmake-4.4.0-linux-x86_64/bin/nvidia/current//libnvgraph(\.so|\.a)
    /home/gridtest/opt/cmake-4.4.0-linux-x86_64/bin/lib64//libnvgraph(\.so|\.a)
    /home/gridtest/opt/cmake-4.4.0-linux-x86_64/bin/lib//libnvgraph(\.so|\.a)
    /home/gridtest/opt/cmake-4.4.0-linux-x86_64/bin/math_libs/13.2/lib64//libnvgraph(\.so|\.a)
    /home/gridtest/opt/cmake-4.4.0-linux-x86_64/bin/math_libs/lib64//libnvgraph(\.so|\.a)
    /home/gridtest/opt/cmake-4.4.0-linux-x86_64/bin//libnvgraph(\.so|\.a)
    /usr/local/cuda-13.2/bin/nvidia/current//libnvgraph(\.so|\.a)
    /usr/local/cuda-13.2/bin/lib64//libnvgraph(\.so|\.a)
    /usr/local/cuda-13.2/bin/lib//libnvgraph(\.so|\.a)
    /usr/local/cuda-13.2/bin/math_libs/13.2/lib64//libnvgraph(\.so|\.a)
    /usr/local/cuda-13.2/bin/math_libs/lib64//libnvgraph(\.so|\.a)
    /usr/local/cuda-13.2/bin//libnvgraph(\.so|\.a)
    /usr/local/sbin/nvidia/current//libnvgraph(\.so|\.a)
    /usr/local/sbin/lib64//libnvgraph(\.so|\.a)
    /usr/local/sbin/lib//libnvgraph(\.so|\.a)
    /usr/local/sbin/math_libs/13.2/lib64//libnvgraph(\.so|\.a)
    /usr/local/sbin/math_libs/lib64//libnvgraph(\.so|\.a)
    /usr/local/sbin//libnvgraph(\.so|\.a)
    /usr/local/bin/nvidia/current//libnvgraph(\.so|\.a)
    /usr/local/bin/lib64//libnvgraph(\.so|\.a)
    /usr/local/bin/lib//libnvgraph(\.so|\.a)
    /usr/local/bin/math_libs/13.2/lib64//libnvgraph(\.so|\.a)
    /usr/local/bin/math_libs/lib64//libnvgraph(\.so|\.a)
    /usr/local/bin//libnvgraph(\.so|\.a)
    /usr/sbin/nvidia/current//libnvgraph(\.so|\.a)
    /usr/sbin/lib64//libnvgraph(\.so|\.a)
    /usr/sbin/lib//libnvgraph(\.so|\.a)
    /usr/sbin/math_libs/13.2/lib64//libnvgraph(\.so|\.a)
    /usr/sbin/math_libs/lib64//libnvgraph(\.so|\.a)
    /usr/sbin//libnvgraph(\.so|\.a)
    /usr/bin/nvidia/current//libnvgraph(\.so|\.a)
    /usr/bin/lib64//libnvgraph(\.so|\.a)
    /usr/bin/lib//libnvgraph(\.so|\.a)
    /usr/bin/math_libs/13.2/lib64//libnvgraph(\.so|\.a)
    /usr/bin/math_libs/lib64//libnvgraph(\.so|\.a)
    /usr/bin//libnvgraph(\.so|\.a)
    /sbin/nvidia/current//libnvgraph(\.so|\.a)
    /sbin/lib64//libnvgraph(\.so|\.a)
    /sbin/lib//libnvgraph(\.so|\.a)
    /sbin/math_libs/13.2/lib64//libnvgraph(\.so|\.a)
    /sbin/math_libs/lib64//libnvgraph(\.so|\.a)
    /sbin//libnvgraph(\.so|\.a)
    /bin/nvidia/current//libnvgraph(\.so|\.a)
    /bin/lib64//libnvgraph(\.so|\.a)
    /bin/lib//libnvgraph(\.so|\.a)
    /bin/math_libs/13.2/lib64//libnvgraph(\.so|\.a)
    /bin/math_libs/lib64//libnvgraph(\.so|\.a)
    /bin//libnvgraph(\.so|\.a)
    /usr/games/nvidia/current//libnvgraph(\.so|\.a)
    /usr/games/lib64//libnvgraph(\.so|\.a)
    /usr/games/lib//libnvgraph(\.so|\.a)
    /usr/games/math_libs/13.2/lib64//libnvgraph(\.so|\.a)
    /usr/games/math_libs/lib64//libnvgraph(\.so|\.a)
    /usr/games//libnvgraph(\.so|\.a)
    /usr/local/games/nvidia/current//libnvgraph(\.so|\.a)
    /usr/local/games/lib64//libnvgraph(\.so|\.a)
    /usr/local/games/lib//libnvgraph(\.so|\.a)
    /usr/local/games/math_libs/13.2/lib64//libnvgraph(\.so|\.a)
    /usr/local/games/math_libs/lib64//libnvgraph(\.so|\.a)
    /usr/local/games//libnvgraph(\.so|\.a)
    /snap/bin/nvidia/current//libnvgraph(\.so|\.a)
    /snap/bin/lib64//libnvgraph(\.so|\.a)
    /snap/bin/lib//libnvgraph(\.so|\.a)
    /snap/bin/math_libs/13.2/lib64//libnvgraph(\.so|\.a)
    /snap/bin/math_libs/lib64//libnvgraph(\.so|\.a)
    /snap/bin//libnvgraph(\.so|\.a)
    /usr/local/lib/x86_64-linux-gnu/nvidia/current//libnvgraph(\.so|\.a)
    /usr/local/lib/x86_64-linux-gnu/lib64//libnvgraph(\.so|\.a)
    /usr/local/lib/x86_64-linux-gnu/lib//libnvgraph(\.so|\.a)
    /usr/local/lib/x86_64-linux-gnu/math_libs/13.2/lib64//libnvgraph(\.so|\.a)
    /usr/local/lib/x86_64-linux-gnu/math_libs/lib64//libnvgraph(\.so|\.a)
    /usr/local/lib/x86_64-linux-gnu//libnvgraph(\.so|\.a)
    /usr/local/lib/nvidia/current//libnvgraph(\.so|\.a)
    /usr/local/lib/lib64//libnvgraph(\.so|\.a)
    /usr/local/lib/lib//libnvgraph(\.so|\.a)
    /usr/local/lib/math_libs/13.2/lib64//libnvgraph(\.so|\.a)
    /usr/local/lib/math_libs/lib64//libnvgraph(\.so|\.a)
    /usr/local/lib//libnvgraph(\.so|\.a)
    /usr/local/nvidia/current//libnvgraph(\.so|\.a)
    /usr/local/lib64//libnvgraph(\.so|\.a)
    /usr/local/lib//libnvgraph(\.so|\.a)
    /usr/local/math_libs/13.2/lib64//libnvgraph(\.so|\.a)
    /usr/local/math_libs/lib64//libnvgraph(\.so|\.a)
    /usr/local//libnvgraph(\.so|\.a)
    /usr/lib/x86_64-linux-gnu/nvidia/current//libnvgraph(\.so|\.a)
    /usr/lib/x86_64-linux-gnu/lib64//libnvgraph(\.so|\.a)
    /usr/lib/x86_64-linux-gnu/lib//libnvgraph(\.so|\.a)
    /usr/lib/x86_64-linux-gnu/math_libs/13.2/lib64//libnvgraph(\.so|\.a)
    /usr/lib/x86_64-linux-gnu/math_libs/lib64//libnvgraph(\.so|\.a)
    /usr/lib/x86_64-linux-gnu//libnvgraph(\.so|\.a)
    /usr/lib/nvidia/current//libnvgraph(\.so|\.a)
    /usr/lib/lib64//libnvgraph(\.so|\.a)
    /usr/lib/lib//libnvgraph(\.so|\.a)
    /usr/lib/math_libs/13.2/lib64//libnvgraph(\.so|\.a)
    /usr/lib/math_libs/lib64//libnvgraph(\.so|\.a)
    /usr/lib//libnvgraph(\.so|\.a)
    /usr/nvidia/current//libnvgraph(\.so|\.a)
    /usr/lib64//libnvgraph(\.so|\.a)
    /usr/lib//libnvgraph(\.so|\.a)
    /usr/math_libs/13.2/lib64//libnvgraph(\.so|\.a)
    /usr/math_libs/lib64//libnvgraph(\.so|\.a)
    /usr//libnvgraph(\.so|\.a)
    /lib/x86_64-linux-gnu/nvidia/current//libnvgraph(\.so|\.a)
    /lib/x86_64-linux-gnu/lib64//libnvgraph(\.so|\.a)
    /lib/x86_64-linux-gnu/lib//libnvgraph(\.so|\.a)
    /lib/x86_64-linux-gnu/math_libs/13.2/lib64//libnvgraph(\.so|\.a)
    /lib/x86_64-linux-gnu/math_libs/lib64//libnvgraph(\.so|\.a)
    /lib/x86_64-linux-gnu//libnvgraph(\.so|\.a)
    /lib/nvidia/current//libnvgraph(\.so|\.a)
    /lib/lib64//libnvgraph(\.so|\.a)
    /lib/lib//libnvgraph(\.so|\.a)
    /lib/math_libs/13.2/lib64//libnvgraph(\.so|\.a)
    /lib/math_libs/lib64//libnvgraph(\.so|\.a)
    /lib//libnvgraph(\.so|\.a)
    /home/gridtest/opt/cmake-4.4.0-linux-x86_64/lib/x86_64-linux-gnu/nvidia/current//libnvgraph(\.so|\.a)
    /home/gridtest/opt/cmake-4.4.0-linux-x86_64/lib/x86_64-linux-gnu/lib64//libnvgraph(\.so|\.a)
    /home/gridtest/opt/cmake-4.4.0-linux-x86_64/lib/x86_64-linux-gnu/lib//libnvgraph(\.so|\.a)
    /home/gridtest/opt/cmake-4.4.0-linux-x86_64/lib/x86_64-linux-gnu/math_libs/13.2/lib64//libnvgraph(\.so|\.a)
    /home/gridtest/opt/cmake-4.4.0-linux-x86_64/lib/x86_64-linux-gnu/math_libs/lib64//libnvgraph(\.so|\.a)
    /home/gridtest/opt/cmake-4.4.0-linux-x86_64/lib/x86_64-linux-gnu//libnvgraph(\.so|\.a)
    /home/gridtest/opt/cmake-4.4.0-linux-x86_64/lib/nvidia/current//libnvgraph(\.so|\.a)
    /home/gridtest/opt/cmake-4.4.0-linux-x86_64/lib/lib64//libnvgraph(\.so|\.a)
    /home/gridtest/opt/cmake-4.4.0-linux-x86_64/lib/lib//libnvgraph(\.so|\.a)
    /home/gridtest/opt/cmake-4.4.0-linux-x86_64/lib/math_libs/13.2/lib64//libnvgraph(\.so|\.a)
    /home/gridtest/opt/cmake-4.4.0-linux-x86_64/lib/math_libs/lib64//libnvgraph(\.so|\.a)
    /home/gridtest/opt/cmake-4.4.0-linux-x86_64/lib//libnvgraph(\.so|\.a)
    /home/gridtest/opt/cmake-4.4.0-linux-x86_64/nvidia/current//libnvgraph(\.so|\.a)
    /home/gridtest/opt/cmake-4.4.0-linux-x86_64/lib64//libnvgraph(\.so|\.a)
    /home/gridtest/opt/cmake-4.4.0-linux-x86_64/lib//libnvgraph(\.so|\.a)
    /home/gridtest/opt/cmake-4.4.0-linux-x86_64/math_libs/13.2/lib64//libnvgraph(\.so|\.a)
    /home/gridtest/opt/cmake-4.4.0-linux-x86_64/math_libs/lib64//libnvgraph(\.so|\.a)
    /home/gridtest/opt/cmake-4.4.0-linux-x86_64//libnvgraph(\.so|\.a)
    /usr/X11R6/lib/x86_64-linux-gnu/nvidia/current//libnvgraph(\.so|\.a)
    /usr/X11R6/lib/x86_64-linux-gnu/lib64//libnvgraph(\.so|\.a)
    /usr/X11R6/lib/x86_64-linux-gnu/lib//libnvgraph(\.so|\.a)
    /usr/X11R6/lib/x86_64-linux-gnu/math_libs/13.2/lib64//libnvgraph(\.so|\.a)
    /usr/X11R6/lib/x86_64-linux-gnu/math_libs/lib64//libnvgraph(\.so|\.a)
    /usr/X11R6/lib/x86_64-linux-gnu//libnvgraph(\.so|\.a)
    /usr/X11R6/lib/nvidia/current//libnvgraph(\.so|\.a)
    /usr/X11R6/lib/lib64//libnvgraph(\.so|\.a)
    /usr/X11R6/lib/lib//libnvgraph(\.so|\.a)
    /usr/X11R6/lib/math_libs/13.2/lib64//libnvgraph(\.so|\.a)
    /usr/X11R6/lib/math_libs/lib64//libnvgraph(\.so|\.a)
    /usr/X11R6/lib//libnvgraph(\.so|\.a)
    /usr/X11R6/nvidia/current//libnvgraph(\.so|\.a)
    /usr/X11R6/lib64//libnvgraph(\.so|\.a)
    /usr/X11R6/lib//libnvgraph(\.so|\.a)
    /usr/X11R6/math_libs/13.2/lib64//libnvgraph(\.so|\.a)
    /usr/X11R6/math_libs/lib64//libnvgraph(\.so|\.a)
    /usr/X11R6//libnvgraph(\.so|\.a)
    /usr/pkg/lib/x86_64-linux-gnu/nvidia/current//libnvgraph(\.so|\.a)
    /usr/pkg/lib/x86_64-linux-gnu/lib64//libnvgraph(\.so|\.a)
    /usr/pkg/lib/x86_64-linux-gnu/lib//libnvgraph(\.so|\.a)
    /usr/pkg/lib/x86_64-linux-gnu/math_libs/13.2/lib64//libnvgraph(\.so|\.a)
    /usr/pkg/lib/x86_64-linux-gnu/math_libs/lib64//libnvgraph(\.so|\.a)
    /usr/pkg/lib/x86_64-linux-gnu//libnvgraph(\.so|\.a)
    /usr/pkg/lib/nvidia/current//libnvgraph(\.so|\.a)
    /usr/pkg/lib/lib64//libnvgraph(\.so|\.a)
    /usr/pkg/lib/lib//libnvgraph(\.so|\.a)
    /usr/pkg/lib/math_libs/13.2/lib64//libnvgraph(\.so|\.a)
    /usr/pkg/lib/math_libs/lib64//libnvgraph(\.so|\.a)
    /usr/pkg/lib//libnvgraph(\.so|\.a)
    /usr/pkg/nvidia/current//libnvgraph(\.so|\.a)
    /usr/pkg/lib64//libnvgraph(\.so|\.a)
    /usr/pkg/lib//libnvgraph(\.so|\.a)
    /usr/pkg/math_libs/13.2/lib64//libnvgraph(\.so|\.a)
    /usr/pkg/math_libs/lib64//libnvgraph(\.so|\.a)
    /usr/pkg//libnvgraph(\.so|\.a)
    /opt/lib/x86_64-linux-gnu/nvidia/current//libnvgraph(\.so|\.a)
    /opt/lib/x86_64-linux-gnu/lib64//libnvgraph(\.so|\.a)
    /opt/lib/x86_64-linux-gnu/lib//libnvgraph(\.so|\.a)
    /opt/lib/x86_64-linux-gnu/math_libs/13.2/lib64//libnvgraph(\.so|\.a)
    /opt/lib/x86_64-linux-gnu/math_libs/lib64//libnvgraph(\.so|\.a)
    /opt/lib/x86_64-linux-gnu//libnvgraph(\.so|\.a)
    /opt/lib/nvidia/current//libnvgraph(\.so|\.a)
    /opt/lib/lib64//libnvgraph(\.so|\.a)
    /opt/lib/lib//libnvgraph(\.so|\.a)
    /opt/lib/math_libs/13.2/lib64//libnvgraph(\.so|\.a)
    /opt/lib/math_libs/lib64//libnvgraph(\.so|\.a)
    /opt/lib//libnvgraph(\.so|\.a)
    /opt/nvidia/current//libnvgraph(\.so|\.a)
    /opt/lib64//libnvgraph(\.so|\.a)
    /opt/lib//libnvgraph(\.so|\.a)
    /opt/math_libs/13.2/lib64//libnvgraph(\.so|\.a)
    /opt/math_libs/lib64//libnvgraph(\.so|\.a)
    /opt//libnvgraph(\.so|\.a)
    /usr/lib/X11/nvidia/current//libnvgraph(\.so|\.a)
    /usr/lib/X11/lib64//libnvgraph(\.so|\.a)
    /usr/lib/X11/lib//libnvgraph(\.so|\.a)
    /usr/lib/X11/math_libs/13.2/lib64//libnvgraph(\.so|\.a)
    /usr/lib/X11/math_libs/lib64//libnvgraph(\.so|\.a)
    /usr/lib/X11//libnvgraph(\.so|\.a)

  The item was not found.

Call Stack (most recent call first):
  /home/gridtest/opt/cmake-4.4.0-linux-x86_64/share/cmake-4.4/Modules/FindCUDAToolkit.cmake:1446 (_CUDAToolkit_find_and_add_import_lib)
  CMakeLists.txt:4 (find_package)


CMake Debug Log at /home/gridtest/opt/cmake-4.4.0-linux-x86_64/share/cmake-4.4/Modules/FindCUDAToolkit.cmake:1298 (find_library):
  find_library called with the following settings:

    VAR: CUDA_nvgraph_LIBRARY
    NAMES: "nvgraph"
    Documentation: Path to a library.
    Framework
      Only Search Frameworks: 0
      Search Frameworks Last: 0
      Search Frameworks First: 0
    AppBundle
      Only Search AppBundle: 0
      Search AppBundle Last: 0
      Search AppBundle First: 0
    CMAKE_FIND_USE_CMAKE_PATH: 1
    CMAKE_FIND_USE_CMAKE_ENVIRONMENT_PATH: 1
    CMAKE_FIND_USE_SYSTEM_ENVIRONMENT_PATH: 1
    CMAKE_FIND_USE_CMAKE_SYSTEM_PATH: 1
    CMAKE_FIND_USE_INSTALL_PREFIX: 1

  find_library considered the following locations:

    /usr/local/cuda-13.2/targets/x86_64-linux/lib/lib64/stubs//libnvgraph(\.so|\.a)
    /usr/local/cuda-13.2/targets/x86_64-linux/lib/lib/stubs//libnvgraph(\.so|\.a)
    /usr/local/cuda-13.2/targets/x86_64-linux/lib/stubs//libnvgraph(\.so|\.a)
    /usr/local/cuda-13.2/targets/x86_64-linux/lib//libnvgraph(\.so|\.a)
    /usr/local/cuda-13.2/targets/x86_64-linux/lib/stubs/lib64/stubs//libnvgraph(\.so|\.a)
    /usr/local/cuda-13.2/targets/x86_64-linux/lib/stubs/lib/stubs//libnvgraph(\.so|\.a)
    /usr/local/cuda-13.2/targets/x86_64-linux/lib/stubs/stubs//libnvgraph(\.so|\.a)
    /usr/local/cuda-13.2/targets/x86_64-linux/lib/stubs//libnvgraph(\.so|\.a)
    /home/gridtest/opt/openmpi-5.0.10/bin/lib64/stubs//libnvgraph(\.so|\.a)
    /home/gridtest/opt/openmpi-5.0.10/bin/lib/stubs//libnvgraph(\.so|\.a)
    /home/gridtest/opt/openmpi-5.0.10/bin/stubs//libnvgraph(\.so|\.a)
    /home/gridtest/opt/openmpi-5.0.10/bin//libnvgraph(\.so|\.a)
    /home/gridtest/opt/cmake-4.4.0-linux-x86_64/bin/lib64/stubs//libnvgraph(\.so|\.a)
    /home/gridtest/opt/cmake-4.4.0-linux-x86_64/bin/lib/stubs//libnvgraph(\.so|\.a)
    /home/gridtest/opt/cmake-4.4.0-linux-x86_64/bin/stubs//libnvgraph(\.so|\.a)
    /home/gridtest/opt/cmake-4.4.0-linux-x86_64/bin//libnvgraph(\.so|\.a)
    /usr/local/cuda-13.2/bin/lib64/stubs//libnvgraph(\.so|\.a)
    /usr/local/cuda-13.2/bin/lib/stubs//libnvgraph(\.so|\.a)
    /usr/local/cuda-13.2/bin/stubs//libnvgraph(\.so|\.a)
    /usr/local/cuda-13.2/bin//libnvgraph(\.so|\.a)
    /usr/local/sbin/lib64/stubs//libnvgraph(\.so|\.a)
    /usr/local/sbin/lib/stubs//libnvgraph(\.so|\.a)
    /usr/local/sbin/stubs//libnvgraph(\.so|\.a)
    /usr/local/sbin//libnvgraph(\.so|\.a)
    /usr/local/bin/lib64/stubs//libnvgraph(\.so|\.a)
    /usr/local/bin/lib/stubs//libnvgraph(\.so|\.a)
    /usr/local/bin/stubs//libnvgraph(\.so|\.a)
    /usr/local/bin//libnvgraph(\.so|\.a)
    /usr/sbin/lib64/stubs//libnvgraph(\.so|\.a)
    /usr/sbin/lib/stubs//libnvgraph(\.so|\.a)
    /usr/sbin/stubs//libnvgraph(\.so|\.a)
    /usr/sbin//libnvgraph(\.so|\.a)
    /usr/bin/lib64/stubs//libnvgraph(\.so|\.a)
    /usr/bin/lib/stubs//libnvgraph(\.so|\.a)
    /usr/bin/stubs//libnvgraph(\.so|\.a)
    /usr/bin//libnvgraph(\.so|\.a)
    /sbin/lib64/stubs//libnvgraph(\.so|\.a)
    /sbin/lib/stubs//libnvgraph(\.so|\.a)
    /sbin/stubs//libnvgraph(\.so|\.a)
    /sbin//libnvgraph(\.so|\.a)
    /bin/lib64/stubs//libnvgraph(\.so|\.a)
    /bin/lib/stubs//libnvgraph(\.so|\.a)
    /bin/stubs//libnvgraph(\.so|\.a)
    /bin//libnvgraph(\.so|\.a)
    /usr/games/lib64/stubs//libnvgraph(\.so|\.a)
    /usr/games/lib/stubs//libnvgraph(\.so|\.a)
    /usr/games/stubs//libnvgraph(\.so|\.a)
    /usr/games//libnvgraph(\.so|\.a)
    /usr/local/games/lib64/stubs//libnvgraph(\.so|\.a)
    /usr/local/games/lib/stubs//libnvgraph(\.so|\.a)
    /usr/local/games/stubs//libnvgraph(\.so|\.a)
    /usr/local/games//libnvgraph(\.so|\.a)
    /snap/bin/lib64/stubs//libnvgraph(\.so|\.a)
    /snap/bin/lib/stubs//libnvgraph(\.so|\.a)
    /snap/bin/stubs//libnvgraph(\.so|\.a)
    /snap/bin//libnvgraph(\.so|\.a)
    /usr/local/lib/x86_64-linux-gnu/lib64/stubs//libnvgraph(\.so|\.a)
    /usr/local/lib/x86_64-linux-gnu/lib/stubs//libnvgraph(\.so|\.a)
    /usr/local/lib/x86_64-linux-gnu/stubs//libnvgraph(\.so|\.a)
    /usr/local/lib/x86_64-linux-gnu//libnvgraph(\.so|\.a)
    /usr/local/lib/lib64/stubs//libnvgraph(\.so|\.a)
    /usr/local/lib/lib/stubs//libnvgraph(\.so|\.a)
    /usr/local/lib/stubs//libnvgraph(\.so|\.a)
    /usr/local/lib//libnvgraph(\.so|\.a)
    /usr/local/lib64/stubs//libnvgraph(\.so|\.a)
    /usr/local/lib/stubs//libnvgraph(\.so|\.a)
    /usr/local/stubs//libnvgraph(\.so|\.a)
    /usr/local//libnvgraph(\.so|\.a)
    /usr/lib/x86_64-linux-gnu/lib64/stubs//libnvgraph(\.so|\.a)
    /usr/lib/x86_64-linux-gnu/lib/stubs//libnvgraph(\.so|\.a)
    /usr/lib/x86_64-linux-gnu/stubs//libnvgraph(\.so|\.a)
    /usr/lib/x86_64-linux-gnu//libnvgraph(\.so|\.a)
    /usr/lib/lib64/stubs//libnvgraph(\.so|\.a)
    /usr/lib/lib/stubs//libnvgraph(\.so|\.a)
    /usr/lib/stubs//libnvgraph(\.so|\.a)
    /usr/lib//libnvgraph(\.so|\.a)
    /usr/lib64/stubs//libnvgraph(\.so|\.a)
    /usr/lib/stubs//libnvgraph(\.so|\.a)
    /usr/stubs//libnvgraph(\.so|\.a)
    /usr//libnvgraph(\.so|\.a)
    /lib/x86_64-linux-gnu/lib64/stubs//libnvgraph(\.so|\.a)
    /lib/x86_64-linux-gnu/lib/stubs//libnvgraph(\.so|\.a)
    /lib/x86_64-linux-gnu/stubs//libnvgraph(\.so|\.a)
    /lib/x86_64-linux-gnu//libnvgraph(\.so|\.a)
    /lib/lib64/stubs//libnvgraph(\.so|\.a)
    /lib/lib/stubs//libnvgraph(\.so|\.a)
    /lib/stubs//libnvgraph(\.so|\.a)
    /lib//libnvgraph(\.so|\.a)
    /home/gridtest/opt/cmake-4.4.0-linux-x86_64/lib/x86_64-linux-gnu/lib64/stubs//libnvgraph(\.so|\.a)
    /home/gridtest/opt/cmake-4.4.0-linux-x86_64/lib/x86_64-linux-gnu/lib/stubs//libnvgraph(\.so|\.a)
    /home/gridtest/opt/cmake-4.4.0-linux-x86_64/lib/x86_64-linux-gnu/stubs//libnvgraph(\.so|\.a)
    /home/gridtest/opt/cmake-4.4.0-linux-x86_64/lib/x86_64-linux-gnu//libnvgraph(\.so|\.a)
    /home/gridtest/opt/cmake-4.4.0-linux-x86_64/lib/lib64/stubs//libnvgraph(\.so|\.a)
    /home/gridtest/opt/cmake-4.4.0-linux-x86_64/lib/lib/stubs//libnvgraph(\.so|\.a)
    /home/gridtest/opt/cmake-4.4.0-linux-x86_64/lib/stubs//libnvgraph(\.so|\.a)
    /home/gridtest/opt/cmake-4.4.0-linux-x86_64/lib//libnvgraph(\.so|\.a)
    /home/gridtest/opt/cmake-4.4.0-linux-x86_64/lib64/stubs//libnvgraph(\.so|\.a)
    /home/gridtest/opt/cmake-4.4.0-linux-x86_64/lib/stubs//libnvgraph(\.so|\.a)
    /home/gridtest/opt/cmake-4.4.0-linux-x86_64/stubs//libnvgraph(\.so|\.a)
    /home/gridtest/opt/cmake-4.4.0-linux-x86_64//libnvgraph(\.so|\.a)
    /usr/X11R6/lib/x86_64-linux-gnu/lib64/stubs//libnvgraph(\.so|\.a)
    /usr/X11R6/lib/x86_64-linux-gnu/lib/stubs//libnvgraph(\.so|\.a)
    /usr/X11R6/lib/x86_64-linux-gnu/stubs//libnvgraph(\.so|\.a)
    /usr/X11R6/lib/x86_64-linux-gnu//libnvgraph(\.so|\.a)
    /usr/X11R6/lib/lib64/stubs//libnvgraph(\.so|\.a)
    /usr/X11R6/lib/lib/stubs//libnvgraph(\.so|\.a)
    /usr/X11R6/lib/stubs//libnvgraph(\.so|\.a)
    /usr/X11R6/lib//libnvgraph(\.so|\.a)
    /usr/X11R6/lib64/stubs//libnvgraph(\.so|\.a)
    /usr/X11R6/lib/stubs//libnvgraph(\.so|\.a)
    /usr/X11R6/stubs//libnvgraph(\.so|\.a)
    /usr/X11R6//libnvgraph(\.so|\.a)
    /usr/pkg/lib/x86_64-linux-gnu/lib64/stubs//libnvgraph(\.so|\.a)
    /usr/pkg/lib/x86_64-linux-gnu/lib/stubs//libnvgraph(\.so|\.a)
    /usr/pkg/lib/x86_64-linux-gnu/stubs//libnvgraph(\.so|\.a)
    /usr/pkg/lib/x86_64-linux-gnu//libnvgraph(\.so|\.a)
    /usr/pkg/lib/lib64/stubs//libnvgraph(\.so|\.a)
    /usr/pkg/lib/lib/stubs//libnvgraph(\.so|\.a)
    /usr/pkg/lib/stubs//libnvgraph(\.so|\.a)
    /usr/pkg/lib//libnvgraph(\.so|\.a)
    /usr/pkg/lib64/stubs//libnvgraph(\.so|\.a)
    /usr/pkg/lib/stubs//libnvgraph(\.so|\.a)
    /usr/pkg/stubs//libnvgraph(\.so|\.a)
    /usr/pkg//libnvgraph(\.so|\.a)
    /opt/lib/x86_64-linux-gnu/lib64/stubs//libnvgraph(\.so|\.a)
    /opt/lib/x86_64-linux-gnu/lib/stubs//libnvgraph(\.so|\.a)
    /opt/lib/x86_64-linux-gnu/stubs//libnvgraph(\.so|\.a)
    /opt/lib/x86_64-linux-gnu//libnvgraph(\.so|\.a)
    /opt/lib/lib64/stubs//libnvgraph(\.so|\.a)
    /opt/lib/lib/stubs//libnvgraph(\.so|\.a)
    /opt/lib/stubs//libnvgraph(\.so|\.a)
    /opt/lib//libnvgraph(\.so|\.a)
    /opt/lib64/stubs//libnvgraph(\.so|\.a)
    /opt/lib/stubs//libnvgraph(\.so|\.a)
    /opt/stubs//libnvgraph(\.so|\.a)
    /opt//libnvgraph(\.so|\.a)
    /usr/lib/X11/lib64/stubs//libnvgraph(\.so|\.a)
    /usr/lib/X11/lib/stubs//libnvgraph(\.so|\.a)
    /usr/lib/X11/stubs//libnvgraph(\.so|\.a)
    /usr/lib/X11//libnvgraph(\.so|\.a)

  The item was not found.

Call Stack (most recent call first):
  /home/gridtest/opt/cmake-4.4.0-linux-x86_64/share/cmake-4.4/Modules/FindCUDAToolkit.cmake:1446 (_CUDAToolkit_find_and_add_import_lib)
  CMakeLists.txt:4 (find_package)


CMake Debug Log at /home/gridtest/opt/cmake-4.4.0-linux-x86_64/share/cmake-4.4/Modules/FindCUDAToolkit.cmake:1283 (find_library):
  find_library called with the following settings:

    VAR: CUDA_nvgraph_static_LIBRARY
    NAMES: "nvgraph_static"
    Documentation: Path to a library.
    Framework
      Only Search Frameworks: 0
      Search Frameworks Last: 0
      Search Frameworks First: 0
    AppBundle
      Only Search AppBundle: 0
      Search AppBundle Last: 0
      Search AppBundle First: 0
    CMAKE_FIND_USE_CMAKE_PATH: 1
    CMAKE_FIND_USE_CMAKE_ENVIRONMENT_PATH: 1
    CMAKE_FIND_USE_SYSTEM_ENVIRONMENT_PATH: 1
    CMAKE_FIND_USE_CMAKE_SYSTEM_PATH: 1
    CMAKE_FIND_USE_INSTALL_PREFIX: 1

  find_library considered the following locations:

    /usr/local/cuda-13.2/targets/x86_64-linux/lib/nvidia/current//libnvgraph_static(\.so|\.a)
    /usr/local/cuda-13.2/targets/x86_64-linux/lib/lib64//libnvgraph_static(\.so|\.a)
    /usr/local/cuda-13.2/targets/x86_64-linux/lib/lib//libnvgraph_static(\.so|\.a)
    /usr/local/cuda-13.2/targets/x86_64-linux/lib/math_libs/13.2/lib64//libnvgraph_static(\.so|\.a)
    /usr/local/cuda-13.2/targets/x86_64-linux/lib/math_libs/lib64//libnvgraph_static(\.so|\.a)
    /usr/local/cuda-13.2/targets/x86_64-linux/lib//libnvgraph_static(\.so|\.a)
    /usr/local/cuda-13.2/targets/x86_64-linux/lib/stubs/nvidia/current//libnvgraph_static(\.so|\.a)
    /usr/local/cuda-13.2/targets/x86_64-linux/lib/stubs/lib64//libnvgraph_static(\.so|\.a)
    /usr/local/cuda-13.2/targets/x86_64-linux/lib/stubs/lib//libnvgraph_static(\.so|\.a)
    /usr/local/cuda-13.2/targets/x86_64-linux/lib/stubs/math_libs/13.2/lib64//libnvgraph_static(\.so|\.a)
    /usr/local/cuda-13.2/targets/x86_64-linux/lib/stubs/math_libs/lib64//libnvgraph_static(\.so|\.a)
    /usr/local/cuda-13.2/targets/x86_64-linux/lib/stubs//libnvgraph_static(\.so|\.a)
    /home/gridtest/opt/openmpi-5.0.10/bin/nvidia/current//libnvgraph_static(\.so|\.a)
    /home/gridtest/opt/openmpi-5.0.10/bin/lib64//libnvgraph_static(\.so|\.a)
    /home/gridtest/opt/openmpi-5.0.10/bin/lib//libnvgraph_static(\.so|\.a)
    /home/gridtest/opt/openmpi-5.0.10/bin/math_libs/13.2/lib64//libnvgraph_static(\.so|\.a)
    /home/gridtest/opt/openmpi-5.0.10/bin/math_libs/lib64//libnvgraph_static(\.so|\.a)
    /home/gridtest/opt/openmpi-5.0.10/bin//libnvgraph_static(\.so|\.a)
    /home/gridtest/opt/cmake-4.4.0-linux-x86_64/bin/nvidia/current//libnvgraph_static(\.so|\.a)
    /home/gridtest/opt/cmake-4.4.0-linux-x86_64/bin/lib64//libnvgraph_static(\.so|\.a)
    /home/gridtest/opt/cmake-4.4.0-linux-x86_64/bin/lib//libnvgraph_static(\.so|\.a)
    /home/gridtest/opt/cmake-4.4.0-linux-x86_64/bin/math_libs/13.2/lib64//libnvgraph_static(\.so|\.a)
    /home/gridtest/opt/cmake-4.4.0-linux-x86_64/bin/math_libs/lib64//libnvgraph_static(\.so|\.a)
    /home/gridtest/opt/cmake-4.4.0-linux-x86_64/bin//libnvgraph_static(\.so|\.a)
    /usr/local/cuda-13.2/bin/nvidia/current//libnvgraph_static(\.so|\.a)
    /usr/local/cuda-13.2/bin/lib64//libnvgraph_static(\.so|\.a)
    /usr/local/cuda-13.2/bin/lib//libnvgraph_static(\.so|\.a)
    /usr/local/cuda-13.2/bin/math_libs/13.2/lib64//libnvgraph_static(\.so|\.a)
    /usr/local/cuda-13.2/bin/math_libs/lib64//libnvgraph_static(\.so|\.a)
    /usr/local/cuda-13.2/bin//libnvgraph_static(\.so|\.a)
    /usr/local/sbin/nvidia/current//libnvgraph_static(\.so|\.a)
    /usr/local/sbin/lib64//libnvgraph_static(\.so|\.a)
    /usr/local/sbin/lib//libnvgraph_static(\.so|\.a)
    /usr/local/sbin/math_libs/13.2/lib64//libnvgraph_static(\.so|\.a)
    /usr/local/sbin/math_libs/lib64//libnvgraph_static(\.so|\.a)
    /usr/local/sbin//libnvgraph_static(\.so|\.a)
    /usr/local/bin/nvidia/current//libnvgraph_static(\.so|\.a)
    /usr/local/bin/lib64//libnvgraph_static(\.so|\.a)
    /usr/local/bin/lib//libnvgraph_static(\.so|\.a)
    /usr/local/bin/math_libs/13.2/lib64//libnvgraph_static(\.so|\.a)
    /usr/local/bin/math_libs/lib64//libnvgraph_static(\.so|\.a)
    /usr/local/bin//libnvgraph_static(\.so|\.a)
    /usr/sbin/nvidia/current//libnvgraph_static(\.so|\.a)
    /usr/sbin/lib64//libnvgraph_static(\.so|\.a)
    /usr/sbin/lib//libnvgraph_static(\.so|\.a)
    /usr/sbin/math_libs/13.2/lib64//libnvgraph_static(\.so|\.a)
    /usr/sbin/math_libs/lib64//libnvgraph_static(\.so|\.a)
    /usr/sbin//libnvgraph_static(\.so|\.a)
    /usr/bin/nvidia/current//libnvgraph_static(\.so|\.a)
    /usr/bin/lib64//libnvgraph_static(\.so|\.a)
    /usr/bin/lib//libnvgraph_static(\.so|\.a)
    /usr/bin/math_libs/13.2/lib64//libnvgraph_static(\.so|\.a)
    /usr/bin/math_libs/lib64//libnvgraph_static(\.so|\.a)
    /usr/bin//libnvgraph_static(\.so|\.a)
    /sbin/nvidia/current//libnvgraph_static(\.so|\.a)
    /sbin/lib64//libnvgraph_static(\.so|\.a)
    /sbin/lib//libnvgraph_static(\.so|\.a)
    /sbin/math_libs/13.2/lib64//libnvgraph_static(\.so|\.a)
    /sbin/math_libs/lib64//libnvgraph_static(\.so|\.a)
    /sbin//libnvgraph_static(\.so|\.a)
    /bin/nvidia/current//libnvgraph_static(\.so|\.a)
    /bin/lib64//libnvgraph_static(\.so|\.a)
    /bin/lib//libnvgraph_static(\.so|\.a)
    /bin/math_libs/13.2/lib64//libnvgraph_static(\.so|\.a)
    /bin/math_libs/lib64//libnvgraph_static(\.so|\.a)
    /bin//libnvgraph_static(\.so|\.a)
    /usr/games/nvidia/current//libnvgraph_static(\.so|\.a)
    /usr/games/lib64//libnvgraph_static(\.so|\.a)
    /usr/games/lib//libnvgraph_static(\.so|\.a)
    /usr/games/math_libs/13.2/lib64//libnvgraph_static(\.so|\.a)
    /usr/games/math_libs/lib64//libnvgraph_static(\.so|\.a)
    /usr/games//libnvgraph_static(\.so|\.a)
    /usr/local/games/nvidia/current//libnvgraph_static(\.so|\.a)
    /usr/local/games/lib64//libnvgraph_static(\.so|\.a)
    /usr/local/games/lib//libnvgraph_static(\.so|\.a)
    /usr/local/games/math_libs/13.2/lib64//libnvgraph_static(\.so|\.a)
    /usr/local/games/math_libs/lib64//libnvgraph_static(\.so|\.a)
    /usr/local/games//libnvgraph_static(\.so|\.a)
    /snap/bin/nvidia/current//libnvgraph_static(\.so|\.a)
    /snap/bin/lib64//libnvgraph_static(\.so|\.a)
    /snap/bin/lib//libnvgraph_static(\.so|\.a)
    /snap/bin/math_libs/13.2/lib64//libnvgraph_static(\.so|\.a)
    /snap/bin/math_libs/lib64//libnvgraph_static(\.so|\.a)
    /snap/bin//libnvgraph_static(\.so|\.a)
    /usr/local/lib/x86_64-linux-gnu/nvidia/current//libnvgraph_static(\.so|\.a)
    /usr/local/lib/x86_64-linux-gnu/lib64//libnvgraph_static(\.so|\.a)
    /usr/local/lib/x86_64-linux-gnu/lib//libnvgraph_static(\.so|\.a)
    /usr/local/lib/x86_64-linux-gnu/math_libs/13.2/lib64//libnvgraph_static(\.so|\.a)
    /usr/local/lib/x86_64-linux-gnu/math_libs/lib64//libnvgraph_static(\.so|\.a)
    /usr/local/lib/x86_64-linux-gnu//libnvgraph_static(\.so|\.a)
    /usr/local/lib/nvidia/current//libnvgraph_static(\.so|\.a)
    /usr/local/lib/lib64//libnvgraph_static(\.so|\.a)
    /usr/local/lib/lib//libnvgraph_static(\.so|\.a)
    /usr/local/lib/math_libs/13.2/lib64//libnvgraph_static(\.so|\.a)
    /usr/local/lib/math_libs/lib64//libnvgraph_static(\.so|\.a)
    /usr/local/lib//libnvgraph_static(\.so|\.a)
    /usr/local/nvidia/current//libnvgraph_static(\.so|\.a)
    /usr/local/lib64//libnvgraph_static(\.so|\.a)
    /usr/local/lib//libnvgraph_static(\.so|\.a)
    /usr/local/math_libs/13.2/lib64//libnvgraph_static(\.so|\.a)
    /usr/local/math_libs/lib64//libnvgraph_static(\.so|\.a)
    /usr/local//libnvgraph_static(\.so|\.a)
    /usr/lib/x86_64-linux-gnu/nvidia/current//libnvgraph_static(\.so|\.a)
    /usr/lib/x86_64-linux-gnu/lib64//libnvgraph_static(\.so|\.a)
    /usr/lib/x86_64-linux-gnu/lib//libnvgraph_static(\.so|\.a)
    /usr/lib/x86_64-linux-gnu/math_libs/13.2/lib64//libnvgraph_static(\.so|\.a)
    /usr/lib/x86_64-linux-gnu/math_libs/lib64//libnvgraph_static(\.so|\.a)
    /usr/lib/x86_64-linux-gnu//libnvgraph_static(\.so|\.a)
    /usr/lib/nvidia/current//libnvgraph_static(\.so|\.a)
    /usr/lib/lib64//libnvgraph_static(\.so|\.a)
    /usr/lib/lib//libnvgraph_static(\.so|\.a)
    /usr/lib/math_libs/13.2/lib64//libnvgraph_static(\.so|\.a)
    /usr/lib/math_libs/lib64//libnvgraph_static(\.so|\.a)
    /usr/lib//libnvgraph_static(\.so|\.a)
    /usr/nvidia/current//libnvgraph_static(\.so|\.a)
    /usr/lib64//libnvgraph_static(\.so|\.a)
    /usr/lib//libnvgraph_static(\.so|\.a)
    /usr/math_libs/13.2/lib64//libnvgraph_static(\.so|\.a)
    /usr/math_libs/lib64//libnvgraph_static(\.so|\.a)
    /usr//libnvgraph_static(\.so|\.a)
    /lib/x86_64-linux-gnu/nvidia/current//libnvgraph_static(\.so|\.a)
    /lib/x86_64-linux-gnu/lib64//libnvgraph_static(\.so|\.a)
    /lib/x86_64-linux-gnu/lib//libnvgraph_static(\.so|\.a)
    /lib/x86_64-linux-gnu/math_libs/13.2/lib64//libnvgraph_static(\.so|\.a)
    /lib/x86_64-linux-gnu/math_libs/lib64//libnvgraph_static(\.so|\.a)
    /lib/x86_64-linux-gnu//libnvgraph_static(\.so|\.a)
    /lib/nvidia/current//libnvgraph_static(\.so|\.a)
    /lib/lib64//libnvgraph_static(\.so|\.a)
    /lib/lib//libnvgraph_static(\.so|\.a)
    /lib/math_libs/13.2/lib64//libnvgraph_static(\.so|\.a)
    /lib/math_libs/lib64//libnvgraph_static(\.so|\.a)
    /lib//libnvgraph_static(\.so|\.a)
    /home/gridtest/opt/cmake-4.4.0-linux-x86_64/lib/x86_64-linux-gnu/nvidia/current//libnvgraph_static(\.so|\.a)
    /home/gridtest/opt/cmake-4.4.0-linux-x86_64/lib/x86_64-linux-gnu/lib64//libnvgraph_static(\.so|\.a)
    /home/gridtest/opt/cmake-4.4.0-linux-x86_64/lib/x86_64-linux-gnu/lib//libnvgraph_static(\.so|\.a)
    /home/gridtest/opt/cmake-4.4.0-linux-x86_64/lib/x86_64-linux-gnu/math_libs/13.2/lib64//libnvgraph_static(\.so|\.a)
    /home/gridtest/opt/cmake-4.4.0-linux-x86_64/lib/x86_64-linux-gnu/math_libs/lib64//libnvgraph_static(\.so|\.a)
    /home/gridtest/opt/cmake-4.4.0-linux-x86_64/lib/x86_64-linux-gnu//libnvgraph_static(\.so|\.a)
    /home/gridtest/opt/cmake-4.4.0-linux-x86_64/lib/nvidia/current//libnvgraph_static(\.so|\.a)
    /home/gridtest/opt/cmake-4.4.0-linux-x86_64/lib/lib64//libnvgraph_static(\.so|\.a)
    /home/gridtest/opt/cmake-4.4.0-linux-x86_64/lib/lib//libnvgraph_static(\.so|\.a)
    /home/gridtest/opt/cmake-4.4.0-linux-x86_64/lib/math_libs/13.2/lib64//libnvgraph_static(\.so|\.a)
    /home/gridtest/opt/cmake-4.4.0-linux-x86_64/lib/math_libs/lib64//libnvgraph_static(\.so|\.a)
    /home/gridtest/opt/cmake-4.4.0-linux-x86_64/lib//libnvgraph_static(\.so|\.a)
    /home/gridtest/opt/cmake-4.4.0-linux-x86_64/nvidia/current//libnvgraph_static(\.so|\.a)
    /home/gridtest/opt/cmake-4.4.0-linux-x86_64/lib64//libnvgraph_static(\.so|\.a)
    /home/gridtest/opt/cmake-4.4.0-linux-x86_64/lib//libnvgraph_static(\.so|\.a)
    /home/gridtest/opt/cmake-4.4.0-linux-x86_64/math_libs/13.2/lib64//libnvgraph_static(\.so|\.a)
    /home/gridtest/opt/cmake-4.4.0-linux-x86_64/math_libs/lib64//libnvgraph_static(\.so|\.a)
    /home/gridtest/opt/cmake-4.4.0-linux-x86_64//libnvgraph_static(\.so|\.a)
    /usr/X11R6/lib/x86_64-linux-gnu/nvidia/current//libnvgraph_static(\.so|\.a)
    /usr/X11R6/lib/x86_64-linux-gnu/lib64//libnvgraph_static(\.so|\.a)
    /usr/X11R6/lib/x86_64-linux-gnu/lib//libnvgraph_static(\.so|\.a)
    /usr/X11R6/lib/x86_64-linux-gnu/math_libs/13.2/lib64//libnvgraph_static(\.so|\.a)
    /usr/X11R6/lib/x86_64-linux-gnu/math_libs/lib64//libnvgraph_static(\.so|\.a)
    /usr/X11R6/lib/x86_64-linux-gnu//libnvgraph_static(\.so|\.a)
    /usr/X11R6/lib/nvidia/current//libnvgraph_static(\.so|\.a)
    /usr/X11R6/lib/lib64//libnvgraph_static(\.so|\.a)
    /usr/X11R6/lib/lib//libnvgraph_static(\.so|\.a)
    /usr/X11R6/lib/math_libs/13.2/lib64//libnvgraph_static(\.so|\.a)
    /usr/X11R6/lib/math_libs/lib64//libnvgraph_static(\.so|\.a)
    /usr/X11R6/lib//libnvgraph_static(\.so|\.a)
    /usr/X11R6/nvidia/current//libnvgraph_static(\.so|\.a)
    /usr/X11R6/lib64//libnvgraph_static(\.so|\.a)
    /usr/X11R6/lib//libnvgraph_static(\.so|\.a)
    /usr/X11R6/math_libs/13.2/lib64//libnvgraph_static(\.so|\.a)
    /usr/X11R6/math_libs/lib64//libnvgraph_static(\.so|\.a)
    /usr/X11R6//libnvgraph_static(\.so|\.a)
    /usr/pkg/lib/x86_64-linux-gnu/nvidia/current//libnvgraph_static(\.so|\.a)
    /usr/pkg/lib/x86_64-linux-gnu/lib64//libnvgraph_static(\.so|\.a)
    /usr/pkg/lib/x86_64-linux-gnu/lib//libnvgraph_static(\.so|\.a)
    /usr/pkg/lib/x86_64-linux-gnu/math_libs/13.2/lib64//libnvgraph_static(\.so|\.a)
    /usr/pkg/lib/x86_64-linux-gnu/math_libs/lib64//libnvgraph_static(\.so|\.a)
    /usr/pkg/lib/x86_64-linux-gnu//libnvgraph_static(\.so|\.a)
    /usr/pkg/lib/nvidia/current//libnvgraph_static(\.so|\.a)
    /usr/pkg/lib/lib64//libnvgraph_static(\.so|\.a)
    /usr/pkg/lib/lib//libnvgraph_static(\.so|\.a)
    /usr/pkg/lib/math_libs/13.2/lib64//libnvgraph_static(\.so|\.a)
    /usr/pkg/lib/math_libs/lib64//libnvgraph_static(\.so|\.a)
    /usr/pkg/lib//libnvgraph_static(\.so|\.a)
    /usr/pkg/nvidia/current//libnvgraph_static(\.so|\.a)
    /usr/pkg/lib64//libnvgraph_static(\.so|\.a)
    /usr/pkg/lib//libnvgraph_static(\.so|\.a)
    /usr/pkg/math_libs/13.2/lib64//libnvgraph_static(\.so|\.a)
    /usr/pkg/math_libs/lib64//libnvgraph_static(\.so|\.a)
    /usr/pkg//libnvgraph_static(\.so|\.a)
    /opt/lib/x86_64-linux-gnu/nvidia/current//libnvgraph_static(\.so|\.a)
    /opt/lib/x86_64-linux-gnu/lib64//libnvgraph_static(\.so|\.a)
    /opt/lib/x86_64-linux-gnu/lib//libnvgraph_static(\.so|\.a)
    /opt/lib/x86_64-linux-gnu/math_libs/13.2/lib64//libnvgraph_static(\.so|\.a)
    /opt/lib/x86_64-linux-gnu/math_libs/lib64//libnvgraph_static(\.so|\.a)
    /opt/lib/x86_64-linux-gnu//libnvgraph_static(\.so|\.a)
    /opt/lib/nvidia/current//libnvgraph_static(\.so|\.a)
    /opt/lib/lib64//libnvgraph_static(\.so|\.a)
    /opt/lib/lib//libnvgraph_static(\.so|\.a)
    /opt/lib/math_libs/13.2/lib64//libnvgraph_static(\.so|\.a)
    /opt/lib/math_libs/lib64//libnvgraph_static(\.so|\.a)
    /opt/lib//libnvgraph_static(\.so|\.a)
    /opt/nvidia/current//libnvgraph_static(\.so|\.a)
    /opt/lib64//libnvgraph_static(\.so|\.a)
    /opt/lib//libnvgraph_static(\.so|\.a)
    /opt/math_libs/13.2/lib64//libnvgraph_static(\.so|\.a)
    /opt/math_libs/lib64//libnvgraph_static(\.so|\.a)
    /opt//libnvgraph_static(\.so|\.a)
    /usr/lib/X11/nvidia/current//libnvgraph_static(\.so|\.a)
    /usr/lib/X11/lib64//libnvgraph_static(\.so|\.a)
    /usr/lib/X11/lib//libnvgraph_static(\.so|\.a)
    /usr/lib/X11/math_libs/13.2/lib64//libnvgraph_static(\.so|\.a)
    /usr/lib/X11/math_libs/lib64//libnvgraph_static(\.so|\.a)
    /usr/lib/X11//libnvgraph_static(\.so|\.a)

  The item was not found.

Call Stack (most recent call first):
  /home/gridtest/opt/cmake-4.4.0-linux-x86_64/share/cmake-4.4/Modules/FindCUDAToolkit.cmake:1447 (_CUDAToolkit_find_and_add_import_lib)
  CMakeLists.txt:4 (find_package)


CMake Debug Log at /home/gridtest/opt/cmake-4.4.0-linux-x86_64/share/cmake-4.4/Modules/FindCUDAToolkit.cmake:1298 (find_library):
  find_library called with the following settings:

    VAR: CUDA_nvgraph_static_LIBRARY
    NAMES: "nvgraph_static"
    Documentation: Path to a library.
    Framework
      Only Search Frameworks: 0
      Search Frameworks Last: 0
      Search Frameworks First: 0
    AppBundle
      Only Search AppBundle: 0
      Search AppBundle Last: 0
      Search AppBundle First: 0
    CMAKE_FIND_USE_CMAKE_PATH: 1
    CMAKE_FIND_USE_CMAKE_ENVIRONMENT_PATH: 1
    CMAKE_FIND_USE_SYSTEM_ENVIRONMENT_PATH: 1
    CMAKE_FIND_USE_CMAKE_SYSTEM_PATH: 1
    CMAKE_FIND_USE_INSTALL_PREFIX: 1

  find_library considered the following locations:

    /usr/local/cuda-13.2/targets/x86_64-linux/lib/lib64/stubs//libnvgraph_static(\.so|\.a)
    /usr/local/cuda-13.2/targets/x86_64-linux/lib/lib/stubs//libnvgraph_static(\.so|\.a)
    /usr/local/cuda-13.2/targets/x86_64-linux/lib/stubs//libnvgraph_static(\.so|\.a)
    /usr/local/cuda-13.2/targets/x86_64-linux/lib//libnvgraph_static(\.so|\.a)
    /usr/local/cuda-13.2/targets/x86_64-linux/lib/stubs/lib64/stubs//libnvgraph_static(\.so|\.a)
    /usr/local/cuda-13.2/targets/x86_64-linux/lib/stubs/lib/stubs//libnvgraph_static(\.so|\.a)
    /usr/local/cuda-13.2/targets/x86_64-linux/lib/stubs/stubs//libnvgraph_static(\.so|\.a)
    /usr/local/cuda-13.2/targets/x86_64-linux/lib/stubs//libnvgraph_static(\.so|\.a)
    /home/gridtest/opt/openmpi-5.0.10/bin/lib64/stubs//libnvgraph_static(\.so|\.a)
    /home/gridtest/opt/openmpi-5.0.10/bin/lib/stubs//libnvgraph_static(\.so|\.a)
    /home/gridtest/opt/openmpi-5.0.10/bin/stubs//libnvgraph_static(\.so|\.a)
    /home/gridtest/opt/openmpi-5.0.10/bin//libnvgraph_static(\.so|\.a)
    /home/gridtest/opt/cmake-4.4.0-linux-x86_64/bin/lib64/stubs//libnvgraph_static(\.so|\.a)
    /home/gridtest/opt/cmake-4.4.0-linux-x86_64/bin/lib/stubs//libnvgraph_static(\.so|\.a)
    /home/gridtest/opt/cmake-4.4.0-linux-x86_64/bin/stubs//libnvgraph_static(\.so|\.a)
    /home/gridtest/opt/cmake-4.4.0-linux-x86_64/bin//libnvgraph_static(\.so|\.a)
    /usr/local/cuda-13.2/bin/lib64/stubs//libnvgraph_static(\.so|\.a)
    /usr/local/cuda-13.2/bin/lib/stubs//libnvgraph_static(\.so|\.a)
    /usr/local/cuda-13.2/bin/stubs//libnvgraph_static(\.so|\.a)
    /usr/local/cuda-13.2/bin//libnvgraph_static(\.so|\.a)
    /usr/local/sbin/lib64/stubs//libnvgraph_static(\.so|\.a)
    /usr/local/sbin/lib/stubs//libnvgraph_static(\.so|\.a)
    /usr/local/sbin/stubs//libnvgraph_static(\.so|\.a)
    /usr/local/sbin//libnvgraph_static(\.so|\.a)
    /usr/local/bin/lib64/stubs//libnvgraph_static(\.so|\.a)
    /usr/local/bin/lib/stubs//libnvgraph_static(\.so|\.a)
    /usr/local/bin/stubs//libnvgraph_static(\.so|\.a)
    /usr/local/bin//libnvgraph_static(\.so|\.a)
    /usr/sbin/lib64/stubs//libnvgraph_static(\.so|\.a)
    /usr/sbin/lib/stubs//libnvgraph_static(\.so|\.a)
    /usr/sbin/stubs//libnvgraph_static(\.so|\.a)
    /usr/sbin//libnvgraph_static(\.so|\.a)
    /usr/bin/lib64/stubs//libnvgraph_static(\.so|\.a)
    /usr/bin/lib/stubs//libnvgraph_static(\.so|\.a)
    /usr/bin/stubs//libnvgraph_static(\.so|\.a)
    /usr/bin//libnvgraph_static(\.so|\.a)
    /sbin/lib64/stubs//libnvgraph_static(\.so|\.a)
    /sbin/lib/stubs//libnvgraph_static(\.so|\.a)
    /sbin/stubs//libnvgraph_static(\.so|\.a)
    /sbin//libnvgraph_static(\.so|\.a)
    /bin/lib64/stubs//libnvgraph_static(\.so|\.a)
    /bin/lib/stubs//libnvgraph_static(\.so|\.a)
    /bin/stubs//libnvgraph_static(\.so|\.a)
    /bin//libnvgraph_static(\.so|\.a)
    /usr/games/lib64/stubs//libnvgraph_static(\.so|\.a)
    /usr/games/lib/stubs//libnvgraph_static(\.so|\.a)
    /usr/games/stubs//libnvgraph_static(\.so|\.a)
    /usr/games//libnvgraph_static(\.so|\.a)
    /usr/local/games/lib64/stubs//libnvgraph_static(\.so|\.a)
    /usr/local/games/lib/stubs//libnvgraph_static(\.so|\.a)
    /usr/local/games/stubs//libnvgraph_static(\.so|\.a)
    /usr/local/games//libnvgraph_static(\.so|\.a)
    /snap/bin/lib64/stubs//libnvgraph_static(\.so|\.a)
    /snap/bin/lib/stubs//libnvgraph_static(\.so|\.a)
    /snap/bin/stubs//libnvgraph_static(\.so|\.a)
    /snap/bin//libnvgraph_static(\.so|\.a)
    /usr/local/lib/x86_64-linux-gnu/lib64/stubs//libnvgraph_static(\.so|\.a)
    /usr/local/lib/x86_64-linux-gnu/lib/stubs//libnvgraph_static(\.so|\.a)
    /usr/local/lib/x86_64-linux-gnu/stubs//libnvgraph_static(\.so|\.a)
    /usr/local/lib/x86_64-linux-gnu//libnvgraph_static(\.so|\.a)
    /usr/local/lib/lib64/stubs//libnvgraph_static(\.so|\.a)
    /usr/local/lib/lib/stubs//libnvgraph_static(\.so|\.a)
    /usr/local/lib/stubs//libnvgraph_static(\.so|\.a)
    /usr/local/lib//libnvgraph_static(\.so|\.a)
    /usr/local/lib64/stubs//libnvgraph_static(\.so|\.a)
    /usr/local/lib/stubs//libnvgraph_static(\.so|\.a)
    /usr/local/stubs//libnvgraph_static(\.so|\.a)
    /usr/local//libnvgraph_static(\.so|\.a)
    /usr/lib/x86_64-linux-gnu/lib64/stubs//libnvgraph_static(\.so|\.a)
    /usr/lib/x86_64-linux-gnu/lib/stubs//libnvgraph_static(\.so|\.a)
    /usr/lib/x86_64-linux-gnu/stubs//libnvgraph_static(\.so|\.a)
    /usr/lib/x86_64-linux-gnu//libnvgraph_static(\.so|\.a)
    /usr/lib/lib64/stubs//libnvgraph_static(\.so|\.a)
    /usr/lib/lib/stubs//libnvgraph_static(\.so|\.a)
    /usr/lib/stubs//libnvgraph_static(\.so|\.a)
    /usr/lib//libnvgraph_static(\.so|\.a)
    /usr/lib64/stubs//libnvgraph_static(\.so|\.a)
    /usr/lib/stubs//libnvgraph_static(\.so|\.a)
    /usr/stubs//libnvgraph_static(\.so|\.a)
    /usr//libnvgraph_static(\.so|\.a)
    /lib/x86_64-linux-gnu/lib64/stubs//libnvgraph_static(\.so|\.a)
    /lib/x86_64-linux-gnu/lib/stubs//libnvgraph_static(\.so|\.a)
    /lib/x86_64-linux-gnu/stubs//libnvgraph_static(\.so|\.a)
    /lib/x86_64-linux-gnu//libnvgraph_static(\.so|\.a)
    /lib/lib64/stubs//libnvgraph_static(\.so|\.a)
    /lib/lib/stubs//libnvgraph_static(\.so|\.a)
    /lib/stubs//libnvgraph_static(\.so|\.a)
    /lib//libnvgraph_static(\.so|\.a)
    /home/gridtest/opt/cmake-4.4.0-linux-x86_64/lib/x86_64-linux-gnu/lib64/stubs//libnvgraph_static(\.so|\.a)
    /home/gridtest/opt/cmake-4.4.0-linux-x86_64/lib/x86_64-linux-gnu/lib/stubs//libnvgraph_static(\.so|\.a)
    /home/gridtest/opt/cmake-4.4.0-linux-x86_64/lib/x86_64-linux-gnu/stubs//libnvgraph_static(\.so|\.a)
    /home/gridtest/opt/cmake-4.4.0-linux-x86_64/lib/x86_64-linux-gnu//libnvgraph_static(\.so|\.a)
    /home/gridtest/opt/cmake-4.4.0-linux-x86_64/lib/lib64/stubs//libnvgraph_static(\.so|\.a)
    /home/gridtest/opt/cmake-4.4.0-linux-x86_64/lib/lib/stubs//libnvgraph_static(\.so|\.a)
    /home/gridtest/opt/cmake-4.4.0-linux-x86_64/lib/stubs//libnvgraph_static(\.so|\.a)
    /home/gridtest/opt/cmake-4.4.0-linux-x86_64/lib//libnvgraph_static(\.so|\.a)
    /home/gridtest/opt/cmake-4.4.0-linux-x86_64/lib64/stubs//libnvgraph_static(\.so|\.a)
    /home/gridtest/opt/cmake-4.4.0-linux-x86_64/lib/stubs//libnvgraph_static(\.so|\.a)
    /home/gridtest/opt/cmake-4.4.0-linux-x86_64/stubs//libnvgraph_static(\.so|\.a)
    /home/gridtest/opt/cmake-4.4.0-linux-x86_64//libnvgraph_static(\.so|\.a)
    /usr/X11R6/lib/x86_64-linux-gnu/lib64/stubs//libnvgraph_static(\.so|\.a)
    /usr/X11R6/lib/x86_64-linux-gnu/lib/stubs//libnvgraph_static(\.so|\.a)
    /usr/X11R6/lib/x86_64-linux-gnu/stubs//libnvgraph_static(\.so|\.a)
    /usr/X11R6/lib/x86_64-linux-gnu//libnvgraph_static(\.so|\.a)
    /usr/X11R6/lib/lib64/stubs//libnvgraph_static(\.so|\.a)
    /usr/X11R6/lib/lib/stubs//libnvgraph_static(\.so|\.a)
    /usr/X11R6/lib/stubs//libnvgraph_static(\.so|\.a)
    /usr/X11R6/lib//libnvgraph_static(\.so|\.a)
    /usr/X11R6/lib64/stubs//libnvgraph_static(\.so|\.a)
    /usr/X11R6/lib/stubs//libnvgraph_static(\.so|\.a)
    /usr/X11R6/stubs//libnvgraph_static(\.so|\.a)
    /usr/X11R6//libnvgraph_static(\.so|\.a)
    /usr/pkg/lib/x86_64-linux-gnu/lib64/stubs//libnvgraph_static(\.so|\.a)
    /usr/pkg/lib/x86_64-linux-gnu/lib/stubs//libnvgraph_static(\.so|\.a)
    /usr/pkg/lib/x86_64-linux-gnu/stubs//libnvgraph_static(\.so|\.a)
    /usr/pkg/lib/x86_64-linux-gnu//libnvgraph_static(\.so|\.a)
    /usr/pkg/lib/lib64/stubs//libnvgraph_static(\.so|\.a)
    /usr/pkg/lib/lib/stubs//libnvgraph_static(\.so|\.a)
    /usr/pkg/lib/stubs//libnvgraph_static(\.so|\.a)
    /usr/pkg/lib//libnvgraph_static(\.so|\.a)
    /usr/pkg/lib64/stubs//libnvgraph_static(\.so|\.a)
    /usr/pkg/lib/stubs//libnvgraph_static(\.so|\.a)
    /usr/pkg/stubs//libnvgraph_static(\.so|\.a)
    /usr/pkg//libnvgraph_static(\.so|\.a)
    /opt/lib/x86_64-linux-gnu/lib64/stubs//libnvgraph_static(\.so|\.a)
    /opt/lib/x86_64-linux-gnu/lib/stubs//libnvgraph_static(\.so|\.a)
    /opt/lib/x86_64-linux-gnu/stubs//libnvgraph_static(\.so|\.a)
    /opt/lib/x86_64-linux-gnu//libnvgraph_static(\.so|\.a)
    /opt/lib/lib64/stubs//libnvgraph_static(\.so|\.a)
    /opt/lib/lib/stubs//libnvgraph_static(\.so|\.a)
    /opt/lib/stubs//libnvgraph_static(\.so|\.a)
    /opt/lib//libnvgraph_static(\.so|\.a)
    /opt/lib64/stubs//libnvgraph_static(\.so|\.a)
    /opt/lib/stubs//libnvgraph_static(\.so|\.a)
    /opt/stubs//libnvgraph_static(\.so|\.a)
    /opt//libnvgraph_static(\.so|\.a)
    /usr/lib/X11/lib64/stubs//libnvgraph_static(\.so|\.a)
    /usr/lib/X11/lib/stubs//libnvgraph_static(\.so|\.a)
    /usr/lib/X11/stubs//libnvgraph_static(\.so|\.a)
    /usr/lib/X11//libnvgraph_static(\.so|\.a)

  The item was not found.

Call Stack (most recent call first):
  /home/gridtest/opt/cmake-4.4.0-linux-x86_64/share/cmake-4.4/Modules/FindCUDAToolkit.cmake:1447 (_CUDAToolkit_find_and_add_import_lib)
  CMakeLists.txt:4 (find_package)


CMake Debug Log at /home/gridtest/opt/cmake-4.4.0-linux-x86_64/share/cmake-4.4/Modules/FindCUDAToolkit.cmake:1283 (find_library):
  find_library called with the following settings:

    VAR: CUDA_nppial_LIBRARY
    NAMES: "nppial"
    Documentation: Path to a library.
    Framework
      Only Search Frameworks: 0
      Search Frameworks Last: 0
      Search Frameworks First: 0
    AppBundle
      Only Search AppBundle: 0
      Search AppBundle Last: 0
      Search AppBundle First: 0
    CMAKE_FIND_USE_CMAKE_PATH: 1
    CMAKE_FIND_USE_CMAKE_ENVIRONMENT_PATH: 1
    CMAKE_FIND_USE_SYSTEM_ENVIRONMENT_PATH: 1
    CMAKE_FIND_USE_CMAKE_SYSTEM_PATH: 1
    CMAKE_FIND_USE_INSTALL_PREFIX: 1

  find_library considered the following locations:

    /usr/local/cuda-13.2/targets/x86_64-linux/lib/nvidia/current//libnppial(\.so|\.a)
    /usr/local/cuda-13.2/targets/x86_64-linux/lib/lib64//libnppial(\.so|\.a)
    /usr/local/cuda-13.2/targets/x86_64-linux/lib/lib//libnppial(\.so|\.a)
    /usr/local/cuda-13.2/targets/x86_64-linux/lib/math_libs/13.2/lib64//libnppial(\.so|\.a)
    /usr/local/cuda-13.2/targets/x86_64-linux/lib/math_libs/lib64//libnppial(\.so|\.a)

  The item was found at

    /usr/local/cuda-13.2/targets/x86_64-linux/lib/libnppial.so

Call Stack (most recent call first):
  /home/gridtest/opt/cmake-4.4.0-linux-x86_64/share/cmake-4.4/Modules/FindCUDAToolkit.cmake:1451 (_CUDAToolkit_find_and_add_import_lib)
  CMakeLists.txt:4 (find_package)


CMake Debug Log at /home/gridtest/opt/cmake-4.4.0-linux-x86_64/share/cmake-4.4/Modules/FindCUDAToolkit.cmake:1283 (find_library):
  find_library called with the following settings:

    VAR: CUDA_nppial_static_LIBRARY
    NAMES: "nppial_static"
    Documentation: Path to a library.
    Framework
      Only Search Frameworks: 0
      Search Frameworks Last: 0
      Search Frameworks First: 0
    AppBundle
      Only Search AppBundle: 0
      Search AppBundle Last: 0
      Search AppBundle First: 0
    CMAKE_FIND_USE_CMAKE_PATH: 1
    CMAKE_FIND_USE_CMAKE_ENVIRONMENT_PATH: 1
    CMAKE_FIND_USE_SYSTEM_ENVIRONMENT_PATH: 1
    CMAKE_FIND_USE_CMAKE_SYSTEM_PATH: 1
    CMAKE_FIND_USE_INSTALL_PREFIX: 1

  find_library considered the following locations:

    /usr/local/cuda-13.2/targets/x86_64-linux/lib/nvidia/current//libnppial_static(\.so|\.a)
    /usr/local/cuda-13.2/targets/x86_64-linux/lib/lib64//libnppial_static(\.so|\.a)
    /usr/local/cuda-13.2/targets/x86_64-linux/lib/lib//libnppial_static(\.so|\.a)
    /usr/local/cuda-13.2/targets/x86_64-linux/lib/math_libs/13.2/lib64//libnppial_static(\.so|\.a)
    /usr/local/cuda-13.2/targets/x86_64-linux/lib/math_libs/lib64//libnppial_static(\.so|\.a)

  The item was found at

    /usr/local/cuda-13.2/targets/x86_64-linux/lib/libnppial_static.a

Call Stack (most recent call first):
  /home/gridtest/opt/cmake-4.4.0-linux-x86_64/share/cmake-4.4/Modules/FindCUDAToolkit.cmake:1452 (_CUDAToolkit_find_and_add_import_lib)
  CMakeLists.txt:4 (find_package)


CMake Debug Log at /home/gridtest/opt/cmake-4.4.0-linux-x86_64/share/cmake-4.4/Modules/FindCUDAToolkit.cmake:1283 (find_library):
  find_library called with the following settings:

    VAR: CUDA_nppicc_LIBRARY
    NAMES: "nppicc"
    Documentation: Path to a library.
    Framework
      Only Search Frameworks: 0
      Search Frameworks Last: 0
      Search Frameworks First: 0
    AppBundle
      Only Search AppBundle: 0
      Search AppBundle Last: 0
      Search AppBundle First: 0
    CMAKE_FIND_USE_CMAKE_PATH: 1
    CMAKE_FIND_USE_CMAKE_ENVIRONMENT_PATH: 1
    CMAKE_FIND_USE_SYSTEM_ENVIRONMENT_PATH: 1
    CMAKE_FIND_USE_CMAKE_SYSTEM_PATH: 1
    CMAKE_FIND_USE_INSTALL_PREFIX: 1

  find_library considered the following locations:

    /usr/local/cuda-13.2/targets/x86_64-linux/lib/nvidia/current//libnppicc(\.so|\.a)
    /usr/local/cuda-13.2/targets/x86_64-linux/lib/lib64//libnppicc(\.so|\.a)
    /usr/local/cuda-13.2/targets/x86_64-linux/lib/lib//libnppicc(\.so|\.a)
    /usr/local/cuda-13.2/targets/x86_64-linux/lib/math_libs/13.2/lib64//libnppicc(\.so|\.a)
    /usr/local/cuda-13.2/targets/x86_64-linux/lib/math_libs/lib64//libnppicc(\.so|\.a)

  The item was found at

    /usr/local/cuda-13.2/targets/x86_64-linux/lib/libnppicc.so

Call Stack (most recent call first):
  /home/gridtest/opt/cmake-4.4.0-linux-x86_64/share/cmake-4.4/Modules/FindCUDAToolkit.cmake:1451 (_CUDAToolkit_find_and_add_import_lib)
  CMakeLists.txt:4 (find_package)


CMake Debug Log at /home/gridtest/opt/cmake-4.4.0-linux-x86_64/share/cmake-4.4/Modules/FindCUDAToolkit.cmake:1283 (find_library):
  find_library called with the following settings:

    VAR: CUDA_nppicc_static_LIBRARY
    NAMES: "nppicc_static"
    Documentation: Path to a library.
    Framework
      Only Search Frameworks: 0
      Search Frameworks Last: 0
      Search Frameworks First: 0
    AppBundle
      Only Search AppBundle: 0
      Search AppBundle Last: 0
      Search AppBundle First: 0
    CMAKE_FIND_USE_CMAKE_PATH: 1
    CMAKE_FIND_USE_CMAKE_ENVIRONMENT_PATH: 1
    CMAKE_FIND_USE_SYSTEM_ENVIRONMENT_PATH: 1
    CMAKE_FIND_USE_CMAKE_SYSTEM_PATH: 1
    CMAKE_FIND_USE_INSTALL_PREFIX: 1

  find_library considered the following locations:

    /usr/local/cuda-13.2/targets/x86_64-linux/lib/nvidia/current//libnppicc_static(\.so|\.a)
    /usr/local/cuda-13.2/targets/x86_64-linux/lib/lib64//libnppicc_static(\.so|\.a)
    /usr/local/cuda-13.2/targets/x86_64-linux/lib/lib//libnppicc_static(\.so|\.a)
    /usr/local/cuda-13.2/targets/x86_64-linux/lib/math_libs/13.2/lib64//libnppicc_static(\.so|\.a)
    /usr/local/cuda-13.2/targets/x86_64-linux/lib/math_libs/lib64//libnppicc_static(\.so|\.a)

  The item was found at

    /usr/local/cuda-13.2/targets/x86_64-linux/lib/libnppicc_static.a

Call Stack (most recent call first):
  /home/gridtest/opt/cmake-4.4.0-linux-x86_64/share/cmake-4.4/Modules/FindCUDAToolkit.cmake:1452 (_CUDAToolkit_find_and_add_import_lib)
  CMakeLists.txt:4 (find_package)


CMake Debug Log at /home/gridtest/opt/cmake-4.4.0-linux-x86_64/share/cmake-4.4/Modules/FindCUDAToolkit.cmake:1283 (find_library):
  find_library called with the following settings:

    VAR: CUDA_nppidei_LIBRARY
    NAMES: "nppidei"
    Documentation: Path to a library.
    Framework
      Only Search Frameworks: 0
      Search Frameworks Last: 0
      Search Frameworks First: 0
    AppBundle
      Only Search AppBundle: 0
      Search AppBundle Last: 0
      Search AppBundle First: 0
    CMAKE_FIND_USE_CMAKE_PATH: 1
    CMAKE_FIND_USE_CMAKE_ENVIRONMENT_PATH: 1
    CMAKE_FIND_USE_SYSTEM_ENVIRONMENT_PATH: 1
    CMAKE_FIND_USE_CMAKE_SYSTEM_PATH: 1
    CMAKE_FIND_USE_INSTALL_PREFIX: 1

  find_library considered the following locations:

    /usr/local/cuda-13.2/targets/x86_64-linux/lib/nvidia/current//libnppidei(\.so|\.a)
    /usr/local/cuda-13.2/targets/x86_64-linux/lib/lib64//libnppidei(\.so|\.a)
    /usr/local/cuda-13.2/targets/x86_64-linux/lib/lib//libnppidei(\.so|\.a)
    /usr/local/cuda-13.2/targets/x86_64-linux/lib/math_libs/13.2/lib64//libnppidei(\.so|\.a)
    /usr/local/cuda-13.2/targets/x86_64-linux/lib/math_libs/lib64//libnppidei(\.so|\.a)

  The item was found at

    /usr/local/cuda-13.2/targets/x86_64-linux/lib/libnppidei.so

Call Stack (most recent call first):
  /home/gridtest/opt/cmake-4.4.0-linux-x86_64/share/cmake-4.4/Modules/FindCUDAToolkit.cmake:1451 (_CUDAToolkit_find_and_add_import_lib)
  CMakeLists.txt:4 (find_package)


CMake Debug Log at /home/gridtest/opt/cmake-4.4.0-linux-x86_64/share/cmake-4.4/Modules/FindCUDAToolkit.cmake:1283 (find_library):
  find_library called with the following settings:

    VAR: CUDA_nppidei_static_LIBRARY
    NAMES: "nppidei_static"
    Documentation: Path to a library.
    Framework
      Only Search Frameworks: 0
      Search Frameworks Last: 0
      Search Frameworks First: 0
    AppBundle
      Only Search AppBundle: 0
      Search AppBundle Last: 0
      Search AppBundle First: 0
    CMAKE_FIND_USE_CMAKE_PATH: 1
    CMAKE_FIND_USE_CMAKE_ENVIRONMENT_PATH: 1
    CMAKE_FIND_USE_SYSTEM_ENVIRONMENT_PATH: 1
    CMAKE_FIND_USE_CMAKE_SYSTEM_PATH: 1
    CMAKE_FIND_USE_INSTALL_PREFIX: 1

  find_library considered the following locations:

    /usr/local/cuda-13.2/targets/x86_64-linux/lib/nvidia/current//libnppidei_static(\.so|\.a)
    /usr/local/cuda-13.2/targets/x86_64-linux/lib/lib64//libnppidei_static(\.so|\.a)
    /usr/local/cuda-13.2/targets/x86_64-linux/lib/lib//libnppidei_static(\.so|\.a)
    /usr/local/cuda-13.2/targets/x86_64-linux/lib/math_libs/13.2/lib64//libnppidei_static(\.so|\.a)
    /usr/local/cuda-13.2/targets/x86_64-linux/lib/math_libs/lib64//libnppidei_static(\.so|\.a)

  The item was found at

    /usr/local/cuda-13.2/targets/x86_64-linux/lib/libnppidei_static.a

Call Stack (most recent call first):
  /home/gridtest/opt/cmake-4.4.0-linux-x86_64/share/cmake-4.4/Modules/FindCUDAToolkit.cmake:1452 (_CUDAToolkit_find_and_add_import_lib)
  CMakeLists.txt:4 (find_package)


CMake Debug Log at /home/gridtest/opt/cmake-4.4.0-linux-x86_64/share/cmake-4.4/Modules/FindCUDAToolkit.cmake:1283 (find_library):
  find_library called with the following settings:

    VAR: CUDA_nppif_LIBRARY
    NAMES: "nppif"
    Documentation: Path to a library.
    Framework
      Only Search Frameworks: 0
      Search Frameworks Last: 0
      Search Frameworks First: 0
    AppBundle
      Only Search AppBundle: 0
      Search AppBundle Last: 0
      Search AppBundle First: 0
    CMAKE_FIND_USE_CMAKE_PATH: 1
    CMAKE_FIND_USE_CMAKE_ENVIRONMENT_PATH: 1
    CMAKE_FIND_USE_SYSTEM_ENVIRONMENT_PATH: 1
    CMAKE_FIND_USE_CMAKE_SYSTEM_PATH: 1
    CMAKE_FIND_USE_INSTALL_PREFIX: 1

  find_library considered the following locations:

    /usr/local/cuda-13.2/targets/x86_64-linux/lib/nvidia/current//libnppif(\.so|\.a)
    /usr/local/cuda-13.2/targets/x86_64-linux/lib/lib64//libnppif(\.so|\.a)
    /usr/local/cuda-13.2/targets/x86_64-linux/lib/lib//libnppif(\.so|\.a)
    /usr/local/cuda-13.2/targets/x86_64-linux/lib/math_libs/13.2/lib64//libnppif(\.so|\.a)
    /usr/local/cuda-13.2/targets/x86_64-linux/lib/math_libs/lib64//libnppif(\.so|\.a)

  The item was found at

    /usr/local/cuda-13.2/targets/x86_64-linux/lib/libnppif.so

Call Stack (most recent call first):
  /home/gridtest/opt/cmake-4.4.0-linux-x86_64/share/cmake-4.4/Modules/FindCUDAToolkit.cmake:1451 (_CUDAToolkit_find_and_add_import_lib)
  CMakeLists.txt:4 (find_package)


CMake Debug Log at /home/gridtest/opt/cmake-4.4.0-linux-x86_64/share/cmake-4.4/Modules/FindCUDAToolkit.cmake:1283 (find_library):
  find_library called with the following settings:

    VAR: CUDA_nppif_static_LIBRARY
    NAMES: "nppif_static"
    Documentation: Path to a library.
    Framework
      Only Search Frameworks: 0
      Search Frameworks Last: 0
      Search Frameworks First: 0
    AppBundle
      Only Search AppBundle: 0
      Search AppBundle Last: 0
      Search AppBundle First: 0
    CMAKE_FIND_USE_CMAKE_PATH: 1
    CMAKE_FIND_USE_CMAKE_ENVIRONMENT_PATH: 1
    CMAKE_FIND_USE_SYSTEM_ENVIRONMENT_PATH: 1
    CMAKE_FIND_USE_CMAKE_SYSTEM_PATH: 1
    CMAKE_FIND_USE_INSTALL_PREFIX: 1

  find_library considered the following locations:

    /usr/local/cuda-13.2/targets/x86_64-linux/lib/nvidia/current//libnppif_static(\.so|\.a)
    /usr/local/cuda-13.2/targets/x86_64-linux/lib/lib64//libnppif_static(\.so|\.a)
    /usr/local/cuda-13.2/targets/x86_64-linux/lib/lib//libnppif_static(\.so|\.a)
    /usr/local/cuda-13.2/targets/x86_64-linux/lib/math_libs/13.2/lib64//libnppif_static(\.so|\.a)
    /usr/local/cuda-13.2/targets/x86_64-linux/lib/math_libs/lib64//libnppif_static(\.so|\.a)

  The item was found at

    /usr/local/cuda-13.2/targets/x86_64-linux/lib/libnppif_static.a

Call Stack (most recent call first):
  /home/gridtest/opt/cmake-4.4.0-linux-x86_64/share/cmake-4.4/Modules/FindCUDAToolkit.cmake:1452 (_CUDAToolkit_find_and_add_import_lib)
  CMakeLists.txt:4 (find_package)


CMake Debug Log at /home/gridtest/opt/cmake-4.4.0-linux-x86_64/share/cmake-4.4/Modules/FindCUDAToolkit.cmake:1283 (find_library):
  find_library called with the following settings:

    VAR: CUDA_nppig_LIBRARY
    NAMES: "nppig"
    Documentation: Path to a library.
    Framework
      Only Search Frameworks: 0
      Search Frameworks Last: 0
      Search Frameworks First: 0
    AppBundle
      Only Search AppBundle: 0
      Search AppBundle Last: 0
      Search AppBundle First: 0
    CMAKE_FIND_USE_CMAKE_PATH: 1
    CMAKE_FIND_USE_CMAKE_ENVIRONMENT_PATH: 1
    CMAKE_FIND_USE_SYSTEM_ENVIRONMENT_PATH: 1
    CMAKE_FIND_USE_CMAKE_SYSTEM_PATH: 1
    CMAKE_FIND_USE_INSTALL_PREFIX: 1

  find_library considered the following locations:

    /usr/local/cuda-13.2/targets/x86_64-linux/lib/nvidia/current//libnppig(\.so|\.a)
    /usr/local/cuda-13.2/targets/x86_64-linux/lib/lib64//libnppig(\.so|\.a)
    /usr/local/cuda-13.2/targets/x86_64-linux/lib/lib//libnppig(\.so|\.a)
    /usr/local/cuda-13.2/targets/x86_64-linux/lib/math_libs/13.2/lib64//libnppig(\.so|\.a)
    /usr/local/cuda-13.2/targets/x86_64-linux/lib/math_libs/lib64//libnppig(\.so|\.a)

  The item was found at

    /usr/local/cuda-13.2/targets/x86_64-linux/lib/libnppig.so

Call Stack (most recent call first):
  /home/gridtest/opt/cmake-4.4.0-linux-x86_64/share/cmake-4.4/Modules/FindCUDAToolkit.cmake:1451 (_CUDAToolkit_find_and_add_import_lib)
  CMakeLists.txt:4 (find_package)


CMake Debug Log at /home/gridtest/opt/cmake-4.4.0-linux-x86_64/share/cmake-4.4/Modules/FindCUDAToolkit.cmake:1283 (find_library):
  find_library called with the following settings:

    VAR: CUDA_nppig_static_LIBRARY
    NAMES: "nppig_static"
    Documentation: Path to a library.
    Framework
      Only Search Frameworks: 0
      Search Frameworks Last: 0
      Search Frameworks First: 0
    AppBundle
      Only Search AppBundle: 0
      Search AppBundle Last: 0
      Search AppBundle First: 0
    CMAKE_FIND_USE_CMAKE_PATH: 1
    CMAKE_FIND_USE_CMAKE_ENVIRONMENT_PATH: 1
    CMAKE_FIND_USE_SYSTEM_ENVIRONMENT_PATH: 1
    CMAKE_FIND_USE_CMAKE_SYSTEM_PATH: 1
    CMAKE_FIND_USE_INSTALL_PREFIX: 1

  find_library considered the following locations:

    /usr/local/cuda-13.2/targets/x86_64-linux/lib/nvidia/current//libnppig_static(\.so|\.a)
    /usr/local/cuda-13.2/targets/x86_64-linux/lib/lib64//libnppig_static(\.so|\.a)
    /usr/local/cuda-13.2/targets/x86_64-linux/lib/lib//libnppig_static(\.so|\.a)
    /usr/local/cuda-13.2/targets/x86_64-linux/lib/math_libs/13.2/lib64//libnppig_static(\.so|\.a)
    /usr/local/cuda-13.2/targets/x86_64-linux/lib/math_libs/lib64//libnppig_static(\.so|\.a)

  The item was found at

    /usr/local/cuda-13.2/targets/x86_64-linux/lib/libnppig_static.a

Call Stack (most recent call first):
  /home/gridtest/opt/cmake-4.4.0-linux-x86_64/share/cmake-4.4/Modules/FindCUDAToolkit.cmake:1452 (_CUDAToolkit_find_and_add_import_lib)
  CMakeLists.txt:4 (find_package)


CMake Debug Log at /home/gridtest/opt/cmake-4.4.0-linux-x86_64/share/cmake-4.4/Modules/FindCUDAToolkit.cmake:1283 (find_library):
  find_library called with the following settings:

    VAR: CUDA_nppim_LIBRARY
    NAMES: "nppim"
    Documentation: Path to a library.
    Framework
      Only Search Frameworks: 0
      Search Frameworks Last: 0
      Search Frameworks First: 0
    AppBundle
      Only Search AppBundle: 0
      Search AppBundle Last: 0
      Search AppBundle First: 0
    CMAKE_FIND_USE_CMAKE_PATH: 1
    CMAKE_FIND_USE_CMAKE_ENVIRONMENT_PATH: 1
    CMAKE_FIND_USE_SYSTEM_ENVIRONMENT_PATH: 1
    CMAKE_FIND_USE_CMAKE_SYSTEM_PATH: 1
    CMAKE_FIND_USE_INSTALL_PREFIX: 1

  find_library considered the following locations:

    /usr/local/cuda-13.2/targets/x86_64-linux/lib/nvidia/current//libnppim(\.so|\.a)
    /usr/local/cuda-13.2/targets/x86_64-linux/lib/lib64//libnppim(\.so|\.a)
    /usr/local/cuda-13.2/targets/x86_64-linux/lib/lib//libnppim(\.so|\.a)
    /usr/local/cuda-13.2/targets/x86_64-linux/lib/math_libs/13.2/lib64//libnppim(\.so|\.a)
    /usr/local/cuda-13.2/targets/x86_64-linux/lib/math_libs/lib64//libnppim(\.so|\.a)

  The item was found at

    /usr/local/cuda-13.2/targets/x86_64-linux/lib/libnppim.so

Call Stack (most recent call first):
  /home/gridtest/opt/cmake-4.4.0-linux-x86_64/share/cmake-4.4/Modules/FindCUDAToolkit.cmake:1451 (_CUDAToolkit_find_and_add_import_lib)
  CMakeLists.txt:4 (find_package)


CMake Debug Log at /home/gridtest/opt/cmake-4.4.0-linux-x86_64/share/cmake-4.4/Modules/FindCUDAToolkit.cmake:1283 (find_library):
  find_library called with the following settings:

    VAR: CUDA_nppim_static_LIBRARY
    NAMES: "nppim_static"
    Documentation: Path to a library.
    Framework
      Only Search Frameworks: 0
      Search Frameworks Last: 0
      Search Frameworks First: 0
    AppBundle
      Only Search AppBundle: 0
      Search AppBundle Last: 0
      Search AppBundle First: 0
    CMAKE_FIND_USE_CMAKE_PATH: 1
    CMAKE_FIND_USE_CMAKE_ENVIRONMENT_PATH: 1
    CMAKE_FIND_USE_SYSTEM_ENVIRONMENT_PATH: 1
    CMAKE_FIND_USE_CMAKE_SYSTEM_PATH: 1
    CMAKE_FIND_USE_INSTALL_PREFIX: 1

  find_library considered the following locations:

    /usr/local/cuda-13.2/targets/x86_64-linux/lib/nvidia/current//libnppim_static(\.so|\.a)
    /usr/local/cuda-13.2/targets/x86_64-linux/lib/lib64//libnppim_static(\.so|\.a)
    /usr/local/cuda-13.2/targets/x86_64-linux/lib/lib//libnppim_static(\.so|\.a)
    /usr/local/cuda-13.2/targets/x86_64-linux/lib/math_libs/13.2/lib64//libnppim_static(\.so|\.a)
    /usr/local/cuda-13.2/targets/x86_64-linux/lib/math_libs/lib64//libnppim_static(\.so|\.a)

  The item was found at

    /usr/local/cuda-13.2/targets/x86_64-linux/lib/libnppim_static.a

Call Stack (most recent call first):
  /home/gridtest/opt/cmake-4.4.0-linux-x86_64/share/cmake-4.4/Modules/FindCUDAToolkit.cmake:1452 (_CUDAToolkit_find_and_add_import_lib)
  CMakeLists.txt:4 (find_package)


CMake Debug Log at /home/gridtest/opt/cmake-4.4.0-linux-x86_64/share/cmake-4.4/Modules/FindCUDAToolkit.cmake:1283 (find_library):
  find_library called with the following settings:

    VAR: CUDA_nppist_LIBRARY
    NAMES: "nppist"
    Documentation: Path to a library.
    Framework
      Only Search Frameworks: 0
      Search Frameworks Last: 0
      Search Frameworks First: 0
    AppBundle
      Only Search AppBundle: 0
      Search AppBundle Last: 0
      Search AppBundle First: 0
    CMAKE_FIND_USE_CMAKE_PATH: 1
    CMAKE_FIND_USE_CMAKE_ENVIRONMENT_PATH: 1
    CMAKE_FIND_USE_SYSTEM_ENVIRONMENT_PATH: 1
    CMAKE_FIND_USE_CMAKE_SYSTEM_PATH: 1
    CMAKE_FIND_USE_INSTALL_PREFIX: 1

  find_library considered the following locations:

    /usr/local/cuda-13.2/targets/x86_64-linux/lib/nvidia/current//libnppist(\.so|\.a)
    /usr/local/cuda-13.2/targets/x86_64-linux/lib/lib64//libnppist(\.so|\.a)
    /usr/local/cuda-13.2/targets/x86_64-linux/lib/lib//libnppist(\.so|\.a)
    /usr/local/cuda-13.2/targets/x86_64-linux/lib/math_libs/13.2/lib64//libnppist(\.so|\.a)
    /usr/local/cuda-13.2/targets/x86_64-linux/lib/math_libs/lib64//libnppist(\.so|\.a)

  The item was found at

    /usr/local/cuda-13.2/targets/x86_64-linux/lib/libnppist.so

Call Stack (most recent call first):
  /home/gridtest/opt/cmake-4.4.0-linux-x86_64/share/cmake-4.4/Modules/FindCUDAToolkit.cmake:1451 (_CUDAToolkit_find_and_add_import_lib)
  CMakeLists.txt:4 (find_package)


CMake Debug Log at /home/gridtest/opt/cmake-4.4.0-linux-x86_64/share/cmake-4.4/Modules/FindCUDAToolkit.cmake:1283 (find_library):
  find_library called with the following settings:

    VAR: CUDA_nppist_static_LIBRARY
    NAMES: "nppist_static"
    Documentation: Path to a library.
    Framework
      Only Search Frameworks: 0
      Search Frameworks Last: 0
      Search Frameworks First: 0
    AppBundle
      Only Search AppBundle: 0
      Search AppBundle Last: 0
      Search AppBundle First: 0
    CMAKE_FIND_USE_CMAKE_PATH: 1
    CMAKE_FIND_USE_CMAKE_ENVIRONMENT_PATH: 1
    CMAKE_FIND_USE_SYSTEM_ENVIRONMENT_PATH: 1
    CMAKE_FIND_USE_CMAKE_SYSTEM_PATH: 1
    CMAKE_FIND_USE_INSTALL_PREFIX: 1

  find_library considered the following locations:

    /usr/local/cuda-13.2/targets/x86_64-linux/lib/nvidia/current//libnppist_static(\.so|\.a)
    /usr/local/cuda-13.2/targets/x86_64-linux/lib/lib64//libnppist_static(\.so|\.a)
    /usr/local/cuda-13.2/targets/x86_64-linux/lib/lib//libnppist_static(\.so|\.a)
    /usr/local/cuda-13.2/targets/x86_64-linux/lib/math_libs/13.2/lib64//libnppist_static(\.so|\.a)
    /usr/local/cuda-13.2/targets/x86_64-linux/lib/math_libs/lib64//libnppist_static(\.so|\.a)

  The item was found at

    /usr/local/cuda-13.2/targets/x86_64-linux/lib/libnppist_static.a

Call Stack (most recent call first):
  /home/gridtest/opt/cmake-4.4.0-linux-x86_64/share/cmake-4.4/Modules/FindCUDAToolkit.cmake:1452 (_CUDAToolkit_find_and_add_import_lib)
  CMakeLists.txt:4 (find_package)


CMake Debug Log at /home/gridtest/opt/cmake-4.4.0-linux-x86_64/share/cmake-4.4/Modules/FindCUDAToolkit.cmake:1283 (find_library):
  find_library called with the following settings:

    VAR: CUDA_nppitc_LIBRARY
    NAMES: "nppitc"
    Documentation: Path to a library.
    Framework
      Only Search Frameworks: 0
      Search Frameworks Last: 0
      Search Frameworks First: 0
    AppBundle
      Only Search AppBundle: 0
      Search AppBundle Last: 0
      Search AppBundle First: 0
    CMAKE_FIND_USE_CMAKE_PATH: 1
    CMAKE_FIND_USE_CMAKE_ENVIRONMENT_PATH: 1
    CMAKE_FIND_USE_SYSTEM_ENVIRONMENT_PATH: 1
    CMAKE_FIND_USE_CMAKE_SYSTEM_PATH: 1
    CMAKE_FIND_USE_INSTALL_PREFIX: 1

  find_library considered the following locations:

    /usr/local/cuda-13.2/targets/x86_64-linux/lib/nvidia/current//libnppitc(\.so|\.a)
    /usr/local/cuda-13.2/targets/x86_64-linux/lib/lib64//libnppitc(\.so|\.a)
    /usr/local/cuda-13.2/targets/x86_64-linux/lib/lib//libnppitc(\.so|\.a)
    /usr/local/cuda-13.2/targets/x86_64-linux/lib/math_libs/13.2/lib64//libnppitc(\.so|\.a)
    /usr/local/cuda-13.2/targets/x86_64-linux/lib/math_libs/lib64//libnppitc(\.so|\.a)

  The item was found at

    /usr/local/cuda-13.2/targets/x86_64-linux/lib/libnppitc.so

Call Stack (most recent call first):
  /home/gridtest/opt/cmake-4.4.0-linux-x86_64/share/cmake-4.4/Modules/FindCUDAToolkit.cmake:1451 (_CUDAToolkit_find_and_add_import_lib)
  CMakeLists.txt:4 (find_package)


CMake Debug Log at /home/gridtest/opt/cmake-4.4.0-linux-x86_64/share/cmake-4.4/Modules/FindCUDAToolkit.cmake:1283 (find_library):
  find_library called with the following settings:

    VAR: CUDA_nppitc_static_LIBRARY
    NAMES: "nppitc_static"
    Documentation: Path to a library.
    Framework
      Only Search Frameworks: 0
      Search Frameworks Last: 0
      Search Frameworks First: 0
    AppBundle
      Only Search AppBundle: 0
      Search AppBundle Last: 0
      Search AppBundle First: 0
    CMAKE_FIND_USE_CMAKE_PATH: 1
    CMAKE_FIND_USE_CMAKE_ENVIRONMENT_PATH: 1
    CMAKE_FIND_USE_SYSTEM_ENVIRONMENT_PATH: 1
    CMAKE_FIND_USE_CMAKE_SYSTEM_PATH: 1
    CMAKE_FIND_USE_INSTALL_PREFIX: 1

  find_library considered the following locations:

    /usr/local/cuda-13.2/targets/x86_64-linux/lib/nvidia/current//libnppitc_static(\.so|\.a)
    /usr/local/cuda-13.2/targets/x86_64-linux/lib/lib64//libnppitc_static(\.so|\.a)
    /usr/local/cuda-13.2/targets/x86_64-linux/lib/lib//libnppitc_static(\.so|\.a)
    /usr/local/cuda-13.2/targets/x86_64-linux/lib/math_libs/13.2/lib64//libnppitc_static(\.so|\.a)
    /usr/local/cuda-13.2/targets/x86_64-linux/lib/math_libs/lib64//libnppitc_static(\.so|\.a)

  The item was found at

    /usr/local/cuda-13.2/targets/x86_64-linux/lib/libnppitc_static.a

Call Stack (most recent call first):
  /home/gridtest/opt/cmake-4.4.0-linux-x86_64/share/cmake-4.4/Modules/FindCUDAToolkit.cmake:1452 (_CUDAToolkit_find_and_add_import_lib)
  CMakeLists.txt:4 (find_package)


CMake Debug Log at /home/gridtest/opt/cmake-4.4.0-linux-x86_64/share/cmake-4.4/Modules/FindCUDAToolkit.cmake:1283 (find_library):
  find_library called with the following settings:

    VAR: CUDA_npps_LIBRARY
    NAMES: "npps"
    Documentation: Path to a library.
    Framework
      Only Search Frameworks: 0
      Search Frameworks Last: 0
      Search Frameworks First: 0
    AppBundle
      Only Search AppBundle: 0
      Search AppBundle Last: 0
      Search AppBundle First: 0
    CMAKE_FIND_USE_CMAKE_PATH: 1
    CMAKE_FIND_USE_CMAKE_ENVIRONMENT_PATH: 1
    CMAKE_FIND_USE_SYSTEM_ENVIRONMENT_PATH: 1
    CMAKE_FIND_USE_CMAKE_SYSTEM_PATH: 1
    CMAKE_FIND_USE_INSTALL_PREFIX: 1

  find_library considered the following locations:

    /usr/local/cuda-13.2/targets/x86_64-linux/lib/nvidia/current//libnpps(\.so|\.a)
    /usr/local/cuda-13.2/targets/x86_64-linux/lib/lib64//libnpps(\.so|\.a)
    /usr/local/cuda-13.2/targets/x86_64-linux/lib/lib//libnpps(\.so|\.a)
    /usr/local/cuda-13.2/targets/x86_64-linux/lib/math_libs/13.2/lib64//libnpps(\.so|\.a)
    /usr/local/cuda-13.2/targets/x86_64-linux/lib/math_libs/lib64//libnpps(\.so|\.a)

  The item was found at

    /usr/local/cuda-13.2/targets/x86_64-linux/lib/libnpps.so

Call Stack (most recent call first):
  /home/gridtest/opt/cmake-4.4.0-linux-x86_64/share/cmake-4.4/Modules/FindCUDAToolkit.cmake:1451 (_CUDAToolkit_find_and_add_import_lib)
  CMakeLists.txt:4 (find_package)


CMake Debug Log at /home/gridtest/opt/cmake-4.4.0-linux-x86_64/share/cmake-4.4/Modules/FindCUDAToolkit.cmake:1283 (find_library):
  find_library called with the following settings:

    VAR: CUDA_npps_static_LIBRARY
    NAMES: "npps_static"
    Documentation: Path to a library.
    Framework
      Only Search Frameworks: 0
      Search Frameworks Last: 0
      Search Frameworks First: 0
    AppBundle
      Only Search AppBundle: 0
      Search AppBundle Last: 0
      Search AppBundle First: 0
    CMAKE_FIND_USE_CMAKE_PATH: 1
    CMAKE_FIND_USE_CMAKE_ENVIRONMENT_PATH: 1
    CMAKE_FIND_USE_SYSTEM_ENVIRONMENT_PATH: 1
    CMAKE_FIND_USE_CMAKE_SYSTEM_PATH: 1
    CMAKE_FIND_USE_INSTALL_PREFIX: 1

  find_library considered the following locations:

    /usr/local/cuda-13.2/targets/x86_64-linux/lib/nvidia/current//libnpps_static(\.so|\.a)
    /usr/local/cuda-13.2/targets/x86_64-linux/lib/lib64//libnpps_static(\.so|\.a)
    /usr/local/cuda-13.2/targets/x86_64-linux/lib/lib//libnpps_static(\.so|\.a)
    /usr/local/cuda-13.2/targets/x86_64-linux/lib/math_libs/13.2/lib64//libnpps_static(\.so|\.a)
    /usr/local/cuda-13.2/targets/x86_64-linux/lib/math_libs/lib64//libnpps_static(\.so|\.a)

  The item was found at

    /usr/local/cuda-13.2/targets/x86_64-linux/lib/libnpps_static.a

Call Stack (most recent call first):
  /home/gridtest/opt/cmake-4.4.0-linux-x86_64/share/cmake-4.4/Modules/FindCUDAToolkit.cmake:1452 (_CUDAToolkit_find_and_add_import_lib)
  CMakeLists.txt:4 (find_package)


CMake Debug Log at /home/gridtest/opt/cmake-4.4.0-linux-x86_64/share/cmake-4.4/Modules/FindCUDAToolkit.cmake:1283 (find_library):
  find_library called with the following settings:

    VAR: CUDA_nppicom_LIBRARY
    NAMES: "nppicom"
    Documentation: Path to a library.
    Framework
      Only Search Frameworks: 0
      Search Frameworks Last: 0
      Search Frameworks First: 0
    AppBundle
      Only Search AppBundle: 0
      Search AppBundle Last: 0
      Search AppBundle First: 0
    CMAKE_FIND_USE_CMAKE_PATH: 1
    CMAKE_FIND_USE_CMAKE_ENVIRONMENT_PATH: 1
    CMAKE_FIND_USE_SYSTEM_ENVIRONMENT_PATH: 1
    CMAKE_FIND_USE_CMAKE_SYSTEM_PATH: 1
    CMAKE_FIND_USE_INSTALL_PREFIX: 1

  find_library considered the following locations:

    /usr/local/cuda-13.2/targets/x86_64-linux/lib/nvidia/current//libnppicom(\.so|\.a)
    /usr/local/cuda-13.2/targets/x86_64-linux/lib/lib64//libnppicom(\.so|\.a)
    /usr/local/cuda-13.2/targets/x86_64-linux/lib/lib//libnppicom(\.so|\.a)
    /usr/local/cuda-13.2/targets/x86_64-linux/lib/math_libs/13.2/lib64//libnppicom(\.so|\.a)
    /usr/local/cuda-13.2/targets/x86_64-linux/lib/math_libs/lib64//libnppicom(\.so|\.a)
    /usr/local/cuda-13.2/targets/x86_64-linux/lib//libnppicom(\.so|\.a)
    /usr/local/cuda-13.2/targets/x86_64-linux/lib/stubs/nvidia/current//libnppicom(\.so|\.a)
    /usr/local/cuda-13.2/targets/x86_64-linux/lib/stubs/lib64//libnppicom(\.so|\.a)
    /usr/local/cuda-13.2/targets/x86_64-linux/lib/stubs/lib//libnppicom(\.so|\.a)
    /usr/local/cuda-13.2/targets/x86_64-linux/lib/stubs/math_libs/13.2/lib64//libnppicom(\.so|\.a)
    /usr/local/cuda-13.2/targets/x86_64-linux/lib/stubs/math_libs/lib64//libnppicom(\.so|\.a)
    /usr/local/cuda-13.2/targets/x86_64-linux/lib/stubs//libnppicom(\.so|\.a)
    /home/gridtest/opt/openmpi-5.0.10/bin/nvidia/current//libnppicom(\.so|\.a)
    /home/gridtest/opt/openmpi-5.0.10/bin/lib64//libnppicom(\.so|\.a)
    /home/gridtest/opt/openmpi-5.0.10/bin/lib//libnppicom(\.so|\.a)
    /home/gridtest/opt/openmpi-5.0.10/bin/math_libs/13.2/lib64//libnppicom(\.so|\.a)
    /home/gridtest/opt/openmpi-5.0.10/bin/math_libs/lib64//libnppicom(\.so|\.a)
    /home/gridtest/opt/openmpi-5.0.10/bin//libnppicom(\.so|\.a)
    /home/gridtest/opt/cmake-4.4.0-linux-x86_64/bin/nvidia/current//libnppicom(\.so|\.a)
    /home/gridtest/opt/cmake-4.4.0-linux-x86_64/bin/lib64//libnppicom(\.so|\.a)
    /home/gridtest/opt/cmake-4.4.0-linux-x86_64/bin/lib//libnppicom(\.so|\.a)
    /home/gridtest/opt/cmake-4.4.0-linux-x86_64/bin/math_libs/13.2/lib64//libnppicom(\.so|\.a)
    /home/gridtest/opt/cmake-4.4.0-linux-x86_64/bin/math_libs/lib64//libnppicom(\.so|\.a)
    /home/gridtest/opt/cmake-4.4.0-linux-x86_64/bin//libnppicom(\.so|\.a)
    /usr/local/cuda-13.2/bin/nvidia/current//libnppicom(\.so|\.a)
    /usr/local/cuda-13.2/bin/lib64//libnppicom(\.so|\.a)
    /usr/local/cuda-13.2/bin/lib//libnppicom(\.so|\.a)
    /usr/local/cuda-13.2/bin/math_libs/13.2/lib64//libnppicom(\.so|\.a)
    /usr/local/cuda-13.2/bin/math_libs/lib64//libnppicom(\.so|\.a)
    /usr/local/cuda-13.2/bin//libnppicom(\.so|\.a)
    /usr/local/sbin/nvidia/current//libnppicom(\.so|\.a)
    /usr/local/sbin/lib64//libnppicom(\.so|\.a)
    /usr/local/sbin/lib//libnppicom(\.so|\.a)
    /usr/local/sbin/math_libs/13.2/lib64//libnppicom(\.so|\.a)
    /usr/local/sbin/math_libs/lib64//libnppicom(\.so|\.a)
    /usr/local/sbin//libnppicom(\.so|\.a)
    /usr/local/bin/nvidia/current//libnppicom(\.so|\.a)
    /usr/local/bin/lib64//libnppicom(\.so|\.a)
    /usr/local/bin/lib//libnppicom(\.so|\.a)
    /usr/local/bin/math_libs/13.2/lib64//libnppicom(\.so|\.a)
    /usr/local/bin/math_libs/lib64//libnppicom(\.so|\.a)
    /usr/local/bin//libnppicom(\.so|\.a)
    /usr/sbin/nvidia/current//libnppicom(\.so|\.a)
    /usr/sbin/lib64//libnppicom(\.so|\.a)
    /usr/sbin/lib//libnppicom(\.so|\.a)
    /usr/sbin/math_libs/13.2/lib64//libnppicom(\.so|\.a)
    /usr/sbin/math_libs/lib64//libnppicom(\.so|\.a)
    /usr/sbin//libnppicom(\.so|\.a)
    /usr/bin/nvidia/current//libnppicom(\.so|\.a)
    /usr/bin/lib64//libnppicom(\.so|\.a)
    /usr/bin/lib//libnppicom(\.so|\.a)
    /usr/bin/math_libs/13.2/lib64//libnppicom(\.so|\.a)
    /usr/bin/math_libs/lib64//libnppicom(\.so|\.a)
    /usr/bin//libnppicom(\.so|\.a)
    /sbin/nvidia/current//libnppicom(\.so|\.a)
    /sbin/lib64//libnppicom(\.so|\.a)
    /sbin/lib//libnppicom(\.so|\.a)
    /sbin/math_libs/13.2/lib64//libnppicom(\.so|\.a)
    /sbin/math_libs/lib64//libnppicom(\.so|\.a)
    /sbin//libnppicom(\.so|\.a)
    /bin/nvidia/current//libnppicom(\.so|\.a)
    /bin/lib64//libnppicom(\.so|\.a)
    /bin/lib//libnppicom(\.so|\.a)
    /bin/math_libs/13.2/lib64//libnppicom(\.so|\.a)
    /bin/math_libs/lib64//libnppicom(\.so|\.a)
    /bin//libnppicom(\.so|\.a)
    /usr/games/nvidia/current//libnppicom(\.so|\.a)
    /usr/games/lib64//libnppicom(\.so|\.a)
    /usr/games/lib//libnppicom(\.so|\.a)
    /usr/games/math_libs/13.2/lib64//libnppicom(\.so|\.a)
    /usr/games/math_libs/lib64//libnppicom(\.so|\.a)
    /usr/games//libnppicom(\.so|\.a)
    /usr/local/games/nvidia/current//libnppicom(\.so|\.a)
    /usr/local/games/lib64//libnppicom(\.so|\.a)
    /usr/local/games/lib//libnppicom(\.so|\.a)
    /usr/local/games/math_libs/13.2/lib64//libnppicom(\.so|\.a)
    /usr/local/games/math_libs/lib64//libnppicom(\.so|\.a)
    /usr/local/games//libnppicom(\.so|\.a)
    /snap/bin/nvidia/current//libnppicom(\.so|\.a)
    /snap/bin/lib64//libnppicom(\.so|\.a)
    /snap/bin/lib//libnppicom(\.so|\.a)
    /snap/bin/math_libs/13.2/lib64//libnppicom(\.so|\.a)
    /snap/bin/math_libs/lib64//libnppicom(\.so|\.a)
    /snap/bin//libnppicom(\.so|\.a)
    /usr/local/lib/x86_64-linux-gnu/nvidia/current//libnppicom(\.so|\.a)
    /usr/local/lib/x86_64-linux-gnu/lib64//libnppicom(\.so|\.a)
    /usr/local/lib/x86_64-linux-gnu/lib//libnppicom(\.so|\.a)
    /usr/local/lib/x86_64-linux-gnu/math_libs/13.2/lib64//libnppicom(\.so|\.a)
    /usr/local/lib/x86_64-linux-gnu/math_libs/lib64//libnppicom(\.so|\.a)
    /usr/local/lib/x86_64-linux-gnu//libnppicom(\.so|\.a)
    /usr/local/lib/nvidia/current//libnppicom(\.so|\.a)
    /usr/local/lib/lib64//libnppicom(\.so|\.a)
    /usr/local/lib/lib//libnppicom(\.so|\.a)
    /usr/local/lib/math_libs/13.2/lib64//libnppicom(\.so|\.a)
    /usr/local/lib/math_libs/lib64//libnppicom(\.so|\.a)
    /usr/local/lib//libnppicom(\.so|\.a)
    /usr/local/nvidia/current//libnppicom(\.so|\.a)
    /usr/local/lib64//libnppicom(\.so|\.a)
    /usr/local/lib//libnppicom(\.so|\.a)
    /usr/local/math_libs/13.2/lib64//libnppicom(\.so|\.a)
    /usr/local/math_libs/lib64//libnppicom(\.so|\.a)
    /usr/local//libnppicom(\.so|\.a)
    /usr/lib/x86_64-linux-gnu/nvidia/current//libnppicom(\.so|\.a)
    /usr/lib/x86_64-linux-gnu/lib64//libnppicom(\.so|\.a)
    /usr/lib/x86_64-linux-gnu/lib//libnppicom(\.so|\.a)
    /usr/lib/x86_64-linux-gnu/math_libs/13.2/lib64//libnppicom(\.so|\.a)
    /usr/lib/x86_64-linux-gnu/math_libs/lib64//libnppicom(\.so|\.a)
    /usr/lib/x86_64-linux-gnu//libnppicom(\.so|\.a)
    /usr/lib/nvidia/current//libnppicom(\.so|\.a)
    /usr/lib/lib64//libnppicom(\.so|\.a)
    /usr/lib/lib//libnppicom(\.so|\.a)
    /usr/lib/math_libs/13.2/lib64//libnppicom(\.so|\.a)
    /usr/lib/math_libs/lib64//libnppicom(\.so|\.a)
    /usr/lib//libnppicom(\.so|\.a)
    /usr/nvidia/current//libnppicom(\.so|\.a)
    /usr/lib64//libnppicom(\.so|\.a)
    /usr/lib//libnppicom(\.so|\.a)
    /usr/math_libs/13.2/lib64//libnppicom(\.so|\.a)
    /usr/math_libs/lib64//libnppicom(\.so|\.a)
    /usr//libnppicom(\.so|\.a)
    /lib/x86_64-linux-gnu/nvidia/current//libnppicom(\.so|\.a)
    /lib/x86_64-linux-gnu/lib64//libnppicom(\.so|\.a)
    /lib/x86_64-linux-gnu/lib//libnppicom(\.so|\.a)
    /lib/x86_64-linux-gnu/math_libs/13.2/lib64//libnppicom(\.so|\.a)
    /lib/x86_64-linux-gnu/math_libs/lib64//libnppicom(\.so|\.a)
    /lib/x86_64-linux-gnu//libnppicom(\.so|\.a)
    /lib/nvidia/current//libnppicom(\.so|\.a)
    /lib/lib64//libnppicom(\.so|\.a)
    /lib/lib//libnppicom(\.so|\.a)
    /lib/math_libs/13.2/lib64//libnppicom(\.so|\.a)
    /lib/math_libs/lib64//libnppicom(\.so|\.a)
    /lib//libnppicom(\.so|\.a)
    /home/gridtest/opt/cmake-4.4.0-linux-x86_64/lib/x86_64-linux-gnu/nvidia/current//libnppicom(\.so|\.a)
    /home/gridtest/opt/cmake-4.4.0-linux-x86_64/lib/x86_64-linux-gnu/lib64//libnppicom(\.so|\.a)
    /home/gridtest/opt/cmake-4.4.0-linux-x86_64/lib/x86_64-linux-gnu/lib//libnppicom(\.so|\.a)
    /home/gridtest/opt/cmake-4.4.0-linux-x86_64/lib/x86_64-linux-gnu/math_libs/13.2/lib64//libnppicom(\.so|\.a)
    /home/gridtest/opt/cmake-4.4.0-linux-x86_64/lib/x86_64-linux-gnu/math_libs/lib64//libnppicom(\.so|\.a)
    /home/gridtest/opt/cmake-4.4.0-linux-x86_64/lib/x86_64-linux-gnu//libnppicom(\.so|\.a)
    /home/gridtest/opt/cmake-4.4.0-linux-x86_64/lib/nvidia/current//libnppicom(\.so|\.a)
    /home/gridtest/opt/cmake-4.4.0-linux-x86_64/lib/lib64//libnppicom(\.so|\.a)
    /home/gridtest/opt/cmake-4.4.0-linux-x86_64/lib/lib//libnppicom(\.so|\.a)
    /home/gridtest/opt/cmake-4.4.0-linux-x86_64/lib/math_libs/13.2/lib64//libnppicom(\.so|\.a)
    /home/gridtest/opt/cmake-4.4.0-linux-x86_64/lib/math_libs/lib64//libnppicom(\.so|\.a)
    /home/gridtest/opt/cmake-4.4.0-linux-x86_64/lib//libnppicom(\.so|\.a)
    /home/gridtest/opt/cmake-4.4.0-linux-x86_64/nvidia/current//libnppicom(\.so|\.a)
    /home/gridtest/opt/cmake-4.4.0-linux-x86_64/lib64//libnppicom(\.so|\.a)
    /home/gridtest/opt/cmake-4.4.0-linux-x86_64/lib//libnppicom(\.so|\.a)
    /home/gridtest/opt/cmake-4.4.0-linux-x86_64/math_libs/13.2/lib64//libnppicom(\.so|\.a)
    /home/gridtest/opt/cmake-4.4.0-linux-x86_64/math_libs/lib64//libnppicom(\.so|\.a)
    /home/gridtest/opt/cmake-4.4.0-linux-x86_64//libnppicom(\.so|\.a)
    /usr/X11R6/lib/x86_64-linux-gnu/nvidia/current//libnppicom(\.so|\.a)
    /usr/X11R6/lib/x86_64-linux-gnu/lib64//libnppicom(\.so|\.a)
    /usr/X11R6/lib/x86_64-linux-gnu/lib//libnppicom(\.so|\.a)
    /usr/X11R6/lib/x86_64-linux-gnu/math_libs/13.2/lib64//libnppicom(\.so|\.a)
    /usr/X11R6/lib/x86_64-linux-gnu/math_libs/lib64//libnppicom(\.so|\.a)
    /usr/X11R6/lib/x86_64-linux-gnu//libnppicom(\.so|\.a)
    /usr/X11R6/lib/nvidia/current//libnppicom(\.so|\.a)
    /usr/X11R6/lib/lib64//libnppicom(\.so|\.a)
    /usr/X11R6/lib/lib//libnppicom(\.so|\.a)
    /usr/X11R6/lib/math_libs/13.2/lib64//libnppicom(\.so|\.a)
    /usr/X11R6/lib/math_libs/lib64//libnppicom(\.so|\.a)
    /usr/X11R6/lib//libnppicom(\.so|\.a)
    /usr/X11R6/nvidia/current//libnppicom(\.so|\.a)
    /usr/X11R6/lib64//libnppicom(\.so|\.a)
    /usr/X11R6/lib//libnppicom(\.so|\.a)
    /usr/X11R6/math_libs/13.2/lib64//libnppicom(\.so|\.a)
    /usr/X11R6/math_libs/lib64//libnppicom(\.so|\.a)
    /usr/X11R6//libnppicom(\.so|\.a)
    /usr/pkg/lib/x86_64-linux-gnu/nvidia/current//libnppicom(\.so|\.a)
    /usr/pkg/lib/x86_64-linux-gnu/lib64//libnppicom(\.so|\.a)
    /usr/pkg/lib/x86_64-linux-gnu/lib//libnppicom(\.so|\.a)
    /usr/pkg/lib/x86_64-linux-gnu/math_libs/13.2/lib64//libnppicom(\.so|\.a)
    /usr/pkg/lib/x86_64-linux-gnu/math_libs/lib64//libnppicom(\.so|\.a)
    /usr/pkg/lib/x86_64-linux-gnu//libnppicom(\.so|\.a)
    /usr/pkg/lib/nvidia/current//libnppicom(\.so|\.a)
    /usr/pkg/lib/lib64//libnppicom(\.so|\.a)
    /usr/pkg/lib/lib//libnppicom(\.so|\.a)
    /usr/pkg/lib/math_libs/13.2/lib64//libnppicom(\.so|\.a)
    /usr/pkg/lib/math_libs/lib64//libnppicom(\.so|\.a)
    /usr/pkg/lib//libnppicom(\.so|\.a)
    /usr/pkg/nvidia/current//libnppicom(\.so|\.a)
    /usr/pkg/lib64//libnppicom(\.so|\.a)
    /usr/pkg/lib//libnppicom(\.so|\.a)
    /usr/pkg/math_libs/13.2/lib64//libnppicom(\.so|\.a)
    /usr/pkg/math_libs/lib64//libnppicom(\.so|\.a)
    /usr/pkg//libnppicom(\.so|\.a)
    /opt/lib/x86_64-linux-gnu/nvidia/current//libnppicom(\.so|\.a)
    /opt/lib/x86_64-linux-gnu/lib64//libnppicom(\.so|\.a)
    /opt/lib/x86_64-linux-gnu/lib//libnppicom(\.so|\.a)
    /opt/lib/x86_64-linux-gnu/math_libs/13.2/lib64//libnppicom(\.so|\.a)
    /opt/lib/x86_64-linux-gnu/math_libs/lib64//libnppicom(\.so|\.a)
    /opt/lib/x86_64-linux-gnu//libnppicom(\.so|\.a)
    /opt/lib/nvidia/current//libnppicom(\.so|\.a)
    /opt/lib/lib64//libnppicom(\.so|\.a)
    /opt/lib/lib//libnppicom(\.so|\.a)
    /opt/lib/math_libs/13.2/lib64//libnppicom(\.so|\.a)
    /opt/lib/math_libs/lib64//libnppicom(\.so|\.a)
    /opt/lib//libnppicom(\.so|\.a)
    /opt/nvidia/current//libnppicom(\.so|\.a)
    /opt/lib64//libnppicom(\.so|\.a)
    /opt/lib//libnppicom(\.so|\.a)
    /opt/math_libs/13.2/lib64//libnppicom(\.so|\.a)
    /opt/math_libs/lib64//libnppicom(\.so|\.a)
    /opt//libnppicom(\.so|\.a)
    /usr/lib/X11/nvidia/current//libnppicom(\.so|\.a)
    /usr/lib/X11/lib64//libnppicom(\.so|\.a)
    /usr/lib/X11/lib//libnppicom(\.so|\.a)
    /usr/lib/X11/math_libs/13.2/lib64//libnppicom(\.so|\.a)
    /usr/lib/X11/math_libs/lib64//libnppicom(\.so|\.a)
    /usr/lib/X11//libnppicom(\.so|\.a)

  The item was not found.

Call Stack (most recent call first):
  /home/gridtest/opt/cmake-4.4.0-linux-x86_64/share/cmake-4.4/Modules/FindCUDAToolkit.cmake:1451 (_CUDAToolkit_find_and_add_import_lib)
  CMakeLists.txt:4 (find_package)


CMake Debug Log at /home/gridtest/opt/cmake-4.4.0-linux-x86_64/share/cmake-4.4/Modules/FindCUDAToolkit.cmake:1298 (find_library):
  find_library called with the following settings:

    VAR: CUDA_nppicom_LIBRARY
    NAMES: "nppicom"
    Documentation: Path to a library.
    Framework
      Only Search Frameworks: 0
      Search Frameworks Last: 0
      Search Frameworks First: 0
    AppBundle
      Only Search AppBundle: 0
      Search AppBundle Last: 0
      Search AppBundle First: 0
    CMAKE_FIND_USE_CMAKE_PATH: 1
    CMAKE_FIND_USE_CMAKE_ENVIRONMENT_PATH: 1
    CMAKE_FIND_USE_SYSTEM_ENVIRONMENT_PATH: 1
    CMAKE_FIND_USE_CMAKE_SYSTEM_PATH: 1
    CMAKE_FIND_USE_INSTALL_PREFIX: 1

  find_library considered the following locations:

    /usr/local/cuda-13.2/targets/x86_64-linux/lib/lib64/stubs//libnppicom(\.so|\.a)
    /usr/local/cuda-13.2/targets/x86_64-linux/lib/lib/stubs//libnppicom(\.so|\.a)
    /usr/local/cuda-13.2/targets/x86_64-linux/lib/stubs//libnppicom(\.so|\.a)
    /usr/local/cuda-13.2/targets/x86_64-linux/lib//libnppicom(\.so|\.a)
    /usr/local/cuda-13.2/targets/x86_64-linux/lib/stubs/lib64/stubs//libnppicom(\.so|\.a)
    /usr/local/cuda-13.2/targets/x86_64-linux/lib/stubs/lib/stubs//libnppicom(\.so|\.a)
    /usr/local/cuda-13.2/targets/x86_64-linux/lib/stubs/stubs//libnppicom(\.so|\.a)
    /usr/local/cuda-13.2/targets/x86_64-linux/lib/stubs//libnppicom(\.so|\.a)
    /home/gridtest/opt/openmpi-5.0.10/bin/lib64/stubs//libnppicom(\.so|\.a)
    /home/gridtest/opt/openmpi-5.0.10/bin/lib/stubs//libnppicom(\.so|\.a)
    /home/gridtest/opt/openmpi-5.0.10/bin/stubs//libnppicom(\.so|\.a)
    /home/gridtest/opt/openmpi-5.0.10/bin//libnppicom(\.so|\.a)
    /home/gridtest/opt/cmake-4.4.0-linux-x86_64/bin/lib64/stubs//libnppicom(\.so|\.a)
    /home/gridtest/opt/cmake-4.4.0-linux-x86_64/bin/lib/stubs//libnppicom(\.so|\.a)
    /home/gridtest/opt/cmake-4.4.0-linux-x86_64/bin/stubs//libnppicom(\.so|\.a)
    /home/gridtest/opt/cmake-4.4.0-linux-x86_64/bin//libnppicom(\.so|\.a)
    /usr/local/cuda-13.2/bin/lib64/stubs//libnppicom(\.so|\.a)
    /usr/local/cuda-13.2/bin/lib/stubs//libnppicom(\.so|\.a)
    /usr/local/cuda-13.2/bin/stubs//libnppicom(\.so|\.a)
    /usr/local/cuda-13.2/bin//libnppicom(\.so|\.a)
    /usr/local/sbin/lib64/stubs//libnppicom(\.so|\.a)
    /usr/local/sbin/lib/stubs//libnppicom(\.so|\.a)
    /usr/local/sbin/stubs//libnppicom(\.so|\.a)
    /usr/local/sbin//libnppicom(\.so|\.a)
    /usr/local/bin/lib64/stubs//libnppicom(\.so|\.a)
    /usr/local/bin/lib/stubs//libnppicom(\.so|\.a)
    /usr/local/bin/stubs//libnppicom(\.so|\.a)
    /usr/local/bin//libnppicom(\.so|\.a)
    /usr/sbin/lib64/stubs//libnppicom(\.so|\.a)
    /usr/sbin/lib/stubs//libnppicom(\.so|\.a)
    /usr/sbin/stubs//libnppicom(\.so|\.a)
    /usr/sbin//libnppicom(\.so|\.a)
    /usr/bin/lib64/stubs//libnppicom(\.so|\.a)
    /usr/bin/lib/stubs//libnppicom(\.so|\.a)
    /usr/bin/stubs//libnppicom(\.so|\.a)
    /usr/bin//libnppicom(\.so|\.a)
    /sbin/lib64/stubs//libnppicom(\.so|\.a)
    /sbin/lib/stubs//libnppicom(\.so|\.a)
    /sbin/stubs//libnppicom(\.so|\.a)
    /sbin//libnppicom(\.so|\.a)
    /bin/lib64/stubs//libnppicom(\.so|\.a)
    /bin/lib/stubs//libnppicom(\.so|\.a)
    /bin/stubs//libnppicom(\.so|\.a)
    /bin//libnppicom(\.so|\.a)
    /usr/games/lib64/stubs//libnppicom(\.so|\.a)
    /usr/games/lib/stubs//libnppicom(\.so|\.a)
    /usr/games/stubs//libnppicom(\.so|\.a)
    /usr/games//libnppicom(\.so|\.a)
    /usr/local/games/lib64/stubs//libnppicom(\.so|\.a)
    /usr/local/games/lib/stubs//libnppicom(\.so|\.a)
    /usr/local/games/stubs//libnppicom(\.so|\.a)
    /usr/local/games//libnppicom(\.so|\.a)
    /snap/bin/lib64/stubs//libnppicom(\.so|\.a)
    /snap/bin/lib/stubs//libnppicom(\.so|\.a)
    /snap/bin/stubs//libnppicom(\.so|\.a)
    /snap/bin//libnppicom(\.so|\.a)
    /usr/local/lib/x86_64-linux-gnu/lib64/stubs//libnppicom(\.so|\.a)
    /usr/local/lib/x86_64-linux-gnu/lib/stubs//libnppicom(\.so|\.a)
    /usr/local/lib/x86_64-linux-gnu/stubs//libnppicom(\.so|\.a)
    /usr/local/lib/x86_64-linux-gnu//libnppicom(\.so|\.a)
    /usr/local/lib/lib64/stubs//libnppicom(\.so|\.a)
    /usr/local/lib/lib/stubs//libnppicom(\.so|\.a)
    /usr/local/lib/stubs//libnppicom(\.so|\.a)
    /usr/local/lib//libnppicom(\.so|\.a)
    /usr/local/lib64/stubs//libnppicom(\.so|\.a)
    /usr/local/lib/stubs//libnppicom(\.so|\.a)
    /usr/local/stubs//libnppicom(\.so|\.a)
    /usr/local//libnppicom(\.so|\.a)
    /usr/lib/x86_64-linux-gnu/lib64/stubs//libnppicom(\.so|\.a)
    /usr/lib/x86_64-linux-gnu/lib/stubs//libnppicom(\.so|\.a)
    /usr/lib/x86_64-linux-gnu/stubs//libnppicom(\.so|\.a)
    /usr/lib/x86_64-linux-gnu//libnppicom(\.so|\.a)
    /usr/lib/lib64/stubs//libnppicom(\.so|\.a)
    /usr/lib/lib/stubs//libnppicom(\.so|\.a)
    /usr/lib/stubs//libnppicom(\.so|\.a)
    /usr/lib//libnppicom(\.so|\.a)
    /usr/lib64/stubs//libnppicom(\.so|\.a)
    /usr/lib/stubs//libnppicom(\.so|\.a)
    /usr/stubs//libnppicom(\.so|\.a)
    /usr//libnppicom(\.so|\.a)
    /lib/x86_64-linux-gnu/lib64/stubs//libnppicom(\.so|\.a)
    /lib/x86_64-linux-gnu/lib/stubs//libnppicom(\.so|\.a)
    /lib/x86_64-linux-gnu/stubs//libnppicom(\.so|\.a)
    /lib/x86_64-linux-gnu//libnppicom(\.so|\.a)
    /lib/lib64/stubs//libnppicom(\.so|\.a)
    /lib/lib/stubs//libnppicom(\.so|\.a)
    /lib/stubs//libnppicom(\.so|\.a)
    /lib//libnppicom(\.so|\.a)
    /home/gridtest/opt/cmake-4.4.0-linux-x86_64/lib/x86_64-linux-gnu/lib64/stubs//libnppicom(\.so|\.a)
    /home/gridtest/opt/cmake-4.4.0-linux-x86_64/lib/x86_64-linux-gnu/lib/stubs//libnppicom(\.so|\.a)
    /home/gridtest/opt/cmake-4.4.0-linux-x86_64/lib/x86_64-linux-gnu/stubs//libnppicom(\.so|\.a)
    /home/gridtest/opt/cmake-4.4.0-linux-x86_64/lib/x86_64-linux-gnu//libnppicom(\.so|\.a)
    /home/gridtest/opt/cmake-4.4.0-linux-x86_64/lib/lib64/stubs//libnppicom(\.so|\.a)
    /home/gridtest/opt/cmake-4.4.0-linux-x86_64/lib/lib/stubs//libnppicom(\.so|\.a)
    /home/gridtest/opt/cmake-4.4.0-linux-x86_64/lib/stubs//libnppicom(\.so|\.a)
    /home/gridtest/opt/cmake-4.4.0-linux-x86_64/lib//libnppicom(\.so|\.a)
    /home/gridtest/opt/cmake-4.4.0-linux-x86_64/lib64/stubs//libnppicom(\.so|\.a)
    /home/gridtest/opt/cmake-4.4.0-linux-x86_64/lib/stubs//libnppicom(\.so|\.a)
    /home/gridtest/opt/cmake-4.4.0-linux-x86_64/stubs//libnppicom(\.so|\.a)
    /home/gridtest/opt/cmake-4.4.0-linux-x86_64//libnppicom(\.so|\.a)
    /usr/X11R6/lib/x86_64-linux-gnu/lib64/stubs//libnppicom(\.so|\.a)
    /usr/X11R6/lib/x86_64-linux-gnu/lib/stubs//libnppicom(\.so|\.a)
    /usr/X11R6/lib/x86_64-linux-gnu/stubs//libnppicom(\.so|\.a)
    /usr/X11R6/lib/x86_64-linux-gnu//libnppicom(\.so|\.a)
    /usr/X11R6/lib/lib64/stubs//libnppicom(\.so|\.a)
    /usr/X11R6/lib/lib/stubs//libnppicom(\.so|\.a)
    /usr/X11R6/lib/stubs//libnppicom(\.so|\.a)
    /usr/X11R6/lib//libnppicom(\.so|\.a)
    /usr/X11R6/lib64/stubs//libnppicom(\.so|\.a)
    /usr/X11R6/lib/stubs//libnppicom(\.so|\.a)
    /usr/X11R6/stubs//libnppicom(\.so|\.a)
    /usr/X11R6//libnppicom(\.so|\.a)
    /usr/pkg/lib/x86_64-linux-gnu/lib64/stubs//libnppicom(\.so|\.a)
    /usr/pkg/lib/x86_64-linux-gnu/lib/stubs//libnppicom(\.so|\.a)
    /usr/pkg/lib/x86_64-linux-gnu/stubs//libnppicom(\.so|\.a)
    /usr/pkg/lib/x86_64-linux-gnu//libnppicom(\.so|\.a)
    /usr/pkg/lib/lib64/stubs//libnppicom(\.so|\.a)
    /usr/pkg/lib/lib/stubs//libnppicom(\.so|\.a)
    /usr/pkg/lib/stubs//libnppicom(\.so|\.a)
    /usr/pkg/lib//libnppicom(\.so|\.a)
    /usr/pkg/lib64/stubs//libnppicom(\.so|\.a)
    /usr/pkg/lib/stubs//libnppicom(\.so|\.a)
    /usr/pkg/stubs//libnppicom(\.so|\.a)
    /usr/pkg//libnppicom(\.so|\.a)
    /opt/lib/x86_64-linux-gnu/lib64/stubs//libnppicom(\.so|\.a)
    /opt/lib/x86_64-linux-gnu/lib/stubs//libnppicom(\.so|\.a)
    /opt/lib/x86_64-linux-gnu/stubs//libnppicom(\.so|\.a)
    /opt/lib/x86_64-linux-gnu//libnppicom(\.so|\.a)
    /opt/lib/lib64/stubs//libnppicom(\.so|\.a)
    /opt/lib/lib/stubs//libnppicom(\.so|\.a)
    /opt/lib/stubs//libnppicom(\.so|\.a)
    /opt/lib//libnppicom(\.so|\.a)
    /opt/lib64/stubs//libnppicom(\.so|\.a)
    /opt/lib/stubs//libnppicom(\.so|\.a)
    /opt/stubs//libnppicom(\.so|\.a)
    /opt//libnppicom(\.so|\.a)
    /usr/lib/X11/lib64/stubs//libnppicom(\.so|\.a)
    /usr/lib/X11/lib/stubs//libnppicom(\.so|\.a)
    /usr/lib/X11/stubs//libnppicom(\.so|\.a)
    /usr/lib/X11//libnppicom(\.so|\.a)

  The item was not found.

Call Stack (most recent call first):
  /home/gridtest/opt/cmake-4.4.0-linux-x86_64/share/cmake-4.4/Modules/FindCUDAToolkit.cmake:1451 (_CUDAToolkit_find_and_add_import_lib)
  CMakeLists.txt:4 (find_package)


CMake Debug Log at /home/gridtest/opt/cmake-4.4.0-linux-x86_64/share/cmake-4.4/Modules/FindCUDAToolkit.cmake:1283 (find_library):
  find_library called with the following settings:

    VAR: CUDA_nppicom_static_LIBRARY
    NAMES: "nppicom_static"
    Documentation: Path to a library.
    Framework
      Only Search Frameworks: 0
      Search Frameworks Last: 0
      Search Frameworks First: 0
    AppBundle
      Only Search AppBundle: 0
      Search AppBundle Last: 0
      Search AppBundle First: 0
    CMAKE_FIND_USE_CMAKE_PATH: 1
    CMAKE_FIND_USE_CMAKE_ENVIRONMENT_PATH: 1
    CMAKE_FIND_USE_SYSTEM_ENVIRONMENT_PATH: 1
    CMAKE_FIND_USE_CMAKE_SYSTEM_PATH: 1
    CMAKE_FIND_USE_INSTALL_PREFIX: 1

  find_library considered the following locations:

    /usr/local/cuda-13.2/targets/x86_64-linux/lib/nvidia/current//libnppicom_static(\.so|\.a)
    /usr/local/cuda-13.2/targets/x86_64-linux/lib/lib64//libnppicom_static(\.so|\.a)
    /usr/local/cuda-13.2/targets/x86_64-linux/lib/lib//libnppicom_static(\.so|\.a)
    /usr/local/cuda-13.2/targets/x86_64-linux/lib/math_libs/13.2/lib64//libnppicom_static(\.so|\.a)
    /usr/local/cuda-13.2/targets/x86_64-linux/lib/math_libs/lib64//libnppicom_static(\.so|\.a)
    /usr/local/cuda-13.2/targets/x86_64-linux/lib//libnppicom_static(\.so|\.a)
    /usr/local/cuda-13.2/targets/x86_64-linux/lib/stubs/nvidia/current//libnppicom_static(\.so|\.a)
    /usr/local/cuda-13.2/targets/x86_64-linux/lib/stubs/lib64//libnppicom_static(\.so|\.a)
    /usr/local/cuda-13.2/targets/x86_64-linux/lib/stubs/lib//libnppicom_static(\.so|\.a)
    /usr/local/cuda-13.2/targets/x86_64-linux/lib/stubs/math_libs/13.2/lib64//libnppicom_static(\.so|\.a)
    /usr/local/cuda-13.2/targets/x86_64-linux/lib/stubs/math_libs/lib64//libnppicom_static(\.so|\.a)
    /usr/local/cuda-13.2/targets/x86_64-linux/lib/stubs//libnppicom_static(\.so|\.a)
    /home/gridtest/opt/openmpi-5.0.10/bin/nvidia/current//libnppicom_static(\.so|\.a)
    /home/gridtest/opt/openmpi-5.0.10/bin/lib64//libnppicom_static(\.so|\.a)
    /home/gridtest/opt/openmpi-5.0.10/bin/lib//libnppicom_static(\.so|\.a)
    /home/gridtest/opt/openmpi-5.0.10/bin/math_libs/13.2/lib64//libnppicom_static(\.so|\.a)
    /home/gridtest/opt/openmpi-5.0.10/bin/math_libs/lib64//libnppicom_static(\.so|\.a)
    /home/gridtest/opt/openmpi-5.0.10/bin//libnppicom_static(\.so|\.a)
    /home/gridtest/opt/cmake-4.4.0-linux-x86_64/bin/nvidia/current//libnppicom_static(\.so|\.a)
    /home/gridtest/opt/cmake-4.4.0-linux-x86_64/bin/lib64//libnppicom_static(\.so|\.a)
    /home/gridtest/opt/cmake-4.4.0-linux-x86_64/bin/lib//libnppicom_static(\.so|\.a)
    /home/gridtest/opt/cmake-4.4.0-linux-x86_64/bin/math_libs/13.2/lib64//libnppicom_static(\.so|\.a)
    /home/gridtest/opt/cmake-4.4.0-linux-x86_64/bin/math_libs/lib64//libnppicom_static(\.so|\.a)
    /home/gridtest/opt/cmake-4.4.0-linux-x86_64/bin//libnppicom_static(\.so|\.a)
    /usr/local/cuda-13.2/bin/nvidia/current//libnppicom_static(\.so|\.a)
    /usr/local/cuda-13.2/bin/lib64//libnppicom_static(\.so|\.a)
    /usr/local/cuda-13.2/bin/lib//libnppicom_static(\.so|\.a)
    /usr/local/cuda-13.2/bin/math_libs/13.2/lib64//libnppicom_static(\.so|\.a)
    /usr/local/cuda-13.2/bin/math_libs/lib64//libnppicom_static(\.so|\.a)
    /usr/local/cuda-13.2/bin//libnppicom_static(\.so|\.a)
    /usr/local/sbin/nvidia/current//libnppicom_static(\.so|\.a)
    /usr/local/sbin/lib64//libnppicom_static(\.so|\.a)
    /usr/local/sbin/lib//libnppicom_static(\.so|\.a)
    /usr/local/sbin/math_libs/13.2/lib64//libnppicom_static(\.so|\.a)
    /usr/local/sbin/math_libs/lib64//libnppicom_static(\.so|\.a)
    /usr/local/sbin//libnppicom_static(\.so|\.a)
    /usr/local/bin/nvidia/current//libnppicom_static(\.so|\.a)
    /usr/local/bin/lib64//libnppicom_static(\.so|\.a)
    /usr/local/bin/lib//libnppicom_static(\.so|\.a)
    /usr/local/bin/math_libs/13.2/lib64//libnppicom_static(\.so|\.a)
    /usr/local/bin/math_libs/lib64//libnppicom_static(\.so|\.a)
    /usr/local/bin//libnppicom_static(\.so|\.a)
    /usr/sbin/nvidia/current//libnppicom_static(\.so|\.a)
    /usr/sbin/lib64//libnppicom_static(\.so|\.a)
    /usr/sbin/lib//libnppicom_static(\.so|\.a)
    /usr/sbin/math_libs/13.2/lib64//libnppicom_static(\.so|\.a)
    /usr/sbin/math_libs/lib64//libnppicom_static(\.so|\.a)
    /usr/sbin//libnppicom_static(\.so|\.a)
    /usr/bin/nvidia/current//libnppicom_static(\.so|\.a)
    /usr/bin/lib64//libnppicom_static(\.so|\.a)
    /usr/bin/lib//libnppicom_static(\.so|\.a)
    /usr/bin/math_libs/13.2/lib64//libnppicom_static(\.so|\.a)
    /usr/bin/math_libs/lib64//libnppicom_static(\.so|\.a)
    /usr/bin//libnppicom_static(\.so|\.a)
    /sbin/nvidia/current//libnppicom_static(\.so|\.a)
    /sbin/lib64//libnppicom_static(\.so|\.a)
    /sbin/lib//libnppicom_static(\.so|\.a)
    /sbin/math_libs/13.2/lib64//libnppicom_static(\.so|\.a)
    /sbin/math_libs/lib64//libnppicom_static(\.so|\.a)
    /sbin//libnppicom_static(\.so|\.a)
    /bin/nvidia/current//libnppicom_static(\.so|\.a)
    /bin/lib64//libnppicom_static(\.so|\.a)
    /bin/lib//libnppicom_static(\.so|\.a)
    /bin/math_libs/13.2/lib64//libnppicom_static(\.so|\.a)
    /bin/math_libs/lib64//libnppicom_static(\.so|\.a)
    /bin//libnppicom_static(\.so|\.a)
    /usr/games/nvidia/current//libnppicom_static(\.so|\.a)
    /usr/games/lib64//libnppicom_static(\.so|\.a)
    /usr/games/lib//libnppicom_static(\.so|\.a)
    /usr/games/math_libs/13.2/lib64//libnppicom_static(\.so|\.a)
    /usr/games/math_libs/lib64//libnppicom_static(\.so|\.a)
    /usr/games//libnppicom_static(\.so|\.a)
    /usr/local/games/nvidia/current//libnppicom_static(\.so|\.a)
    /usr/local/games/lib64//libnppicom_static(\.so|\.a)
    /usr/local/games/lib//libnppicom_static(\.so|\.a)
    /usr/local/games/math_libs/13.2/lib64//libnppicom_static(\.so|\.a)
    /usr/local/games/math_libs/lib64//libnppicom_static(\.so|\.a)
    /usr/local/games//libnppicom_static(\.so|\.a)
    /snap/bin/nvidia/current//libnppicom_static(\.so|\.a)
    /snap/bin/lib64//libnppicom_static(\.so|\.a)
    /snap/bin/lib//libnppicom_static(\.so|\.a)
    /snap/bin/math_libs/13.2/lib64//libnppicom_static(\.so|\.a)
    /snap/bin/math_libs/lib64//libnppicom_static(\.so|\.a)
    /snap/bin//libnppicom_static(\.so|\.a)
    /usr/local/lib/x86_64-linux-gnu/nvidia/current//libnppicom_static(\.so|\.a)
    /usr/local/lib/x86_64-linux-gnu/lib64//libnppicom_static(\.so|\.a)
    /usr/local/lib/x86_64-linux-gnu/lib//libnppicom_static(\.so|\.a)
    /usr/local/lib/x86_64-linux-gnu/math_libs/13.2/lib64//libnppicom_static(\.so|\.a)
    /usr/local/lib/x86_64-linux-gnu/math_libs/lib64//libnppicom_static(\.so|\.a)
    /usr/local/lib/x86_64-linux-gnu//libnppicom_static(\.so|\.a)
    /usr/local/lib/nvidia/current//libnppicom_static(\.so|\.a)
    /usr/local/lib/lib64//libnppicom_static(\.so|\.a)
    /usr/local/lib/lib//libnppicom_static(\.so|\.a)
    /usr/local/lib/math_libs/13.2/lib64//libnppicom_static(\.so|\.a)
    /usr/local/lib/math_libs/lib64//libnppicom_static(\.so|\.a)
    /usr/local/lib//libnppicom_static(\.so|\.a)
    /usr/local/nvidia/current//libnppicom_static(\.so|\.a)
    /usr/local/lib64//libnppicom_static(\.so|\.a)
    /usr/local/lib//libnppicom_static(\.so|\.a)
    /usr/local/math_libs/13.2/lib64//libnppicom_static(\.so|\.a)
    /usr/local/math_libs/lib64//libnppicom_static(\.so|\.a)
    /usr/local//libnppicom_static(\.so|\.a)
    /usr/lib/x86_64-linux-gnu/nvidia/current//libnppicom_static(\.so|\.a)
    /usr/lib/x86_64-linux-gnu/lib64//libnppicom_static(\.so|\.a)
    /usr/lib/x86_64-linux-gnu/lib//libnppicom_static(\.so|\.a)
    /usr/lib/x86_64-linux-gnu/math_libs/13.2/lib64//libnppicom_static(\.so|\.a)
    /usr/lib/x86_64-linux-gnu/math_libs/lib64//libnppicom_static(\.so|\.a)
    /usr/lib/x86_64-linux-gnu//libnppicom_static(\.so|\.a)
    /usr/lib/nvidia/current//libnppicom_static(\.so|\.a)
    /usr/lib/lib64//libnppicom_static(\.so|\.a)
    /usr/lib/lib//libnppicom_static(\.so|\.a)
    /usr/lib/math_libs/13.2/lib64//libnppicom_static(\.so|\.a)
    /usr/lib/math_libs/lib64//libnppicom_static(\.so|\.a)
    /usr/lib//libnppicom_static(\.so|\.a)
    /usr/nvidia/current//libnppicom_static(\.so|\.a)
    /usr/lib64//libnppicom_static(\.so|\.a)
    /usr/lib//libnppicom_static(\.so|\.a)
    /usr/math_libs/13.2/lib64//libnppicom_static(\.so|\.a)
    /usr/math_libs/lib64//libnppicom_static(\.so|\.a)
    /usr//libnppicom_static(\.so|\.a)
    /lib/x86_64-linux-gnu/nvidia/current//libnppicom_static(\.so|\.a)
    /lib/x86_64-linux-gnu/lib64//libnppicom_static(\.so|\.a)
    /lib/x86_64-linux-gnu/lib//libnppicom_static(\.so|\.a)
    /lib/x86_64-linux-gnu/math_libs/13.2/lib64//libnppicom_static(\.so|\.a)
    /lib/x86_64-linux-gnu/math_libs/lib64//libnppicom_static(\.so|\.a)
    /lib/x86_64-linux-gnu//libnppicom_static(\.so|\.a)
    /lib/nvidia/current//libnppicom_static(\.so|\.a)
    /lib/lib64//libnppicom_static(\.so|\.a)
    /lib/lib//libnppicom_static(\.so|\.a)
    /lib/math_libs/13.2/lib64//libnppicom_static(\.so|\.a)
    /lib/math_libs/lib64//libnppicom_static(\.so|\.a)
    /lib//libnppicom_static(\.so|\.a)
    /home/gridtest/opt/cmake-4.4.0-linux-x86_64/lib/x86_64-linux-gnu/nvidia/current//libnppicom_static(\.so|\.a)
    /home/gridtest/opt/cmake-4.4.0-linux-x86_64/lib/x86_64-linux-gnu/lib64//libnppicom_static(\.so|\.a)
    /home/gridtest/opt/cmake-4.4.0-linux-x86_64/lib/x86_64-linux-gnu/lib//libnppicom_static(\.so|\.a)
    /home/gridtest/opt/cmake-4.4.0-linux-x86_64/lib/x86_64-linux-gnu/math_libs/13.2/lib64//libnppicom_static(\.so|\.a)
    /home/gridtest/opt/cmake-4.4.0-linux-x86_64/lib/x86_64-linux-gnu/math_libs/lib64//libnppicom_static(\.so|\.a)
    /home/gridtest/opt/cmake-4.4.0-linux-x86_64/lib/x86_64-linux-gnu//libnppicom_static(\.so|\.a)
    /home/gridtest/opt/cmake-4.4.0-linux-x86_64/lib/nvidia/current//libnppicom_static(\.so|\.a)
    /home/gridtest/opt/cmake-4.4.0-linux-x86_64/lib/lib64//libnppicom_static(\.so|\.a)
    /home/gridtest/opt/cmake-4.4.0-linux-x86_64/lib/lib//libnppicom_static(\.so|\.a)
    /home/gridtest/opt/cmake-4.4.0-linux-x86_64/lib/math_libs/13.2/lib64//libnppicom_static(\.so|\.a)
    /home/gridtest/opt/cmake-4.4.0-linux-x86_64/lib/math_libs/lib64//libnppicom_static(\.so|\.a)
    /home/gridtest/opt/cmake-4.4.0-linux-x86_64/lib//libnppicom_static(\.so|\.a)
    /home/gridtest/opt/cmake-4.4.0-linux-x86_64/nvidia/current//libnppicom_static(\.so|\.a)
    /home/gridtest/opt/cmake-4.4.0-linux-x86_64/lib64//libnppicom_static(\.so|\.a)
    /home/gridtest/opt/cmake-4.4.0-linux-x86_64/lib//libnppicom_static(\.so|\.a)
    /home/gridtest/opt/cmake-4.4.0-linux-x86_64/math_libs/13.2/lib64//libnppicom_static(\.so|\.a)
    /home/gridtest/opt/cmake-4.4.0-linux-x86_64/math_libs/lib64//libnppicom_static(\.so|\.a)
    /home/gridtest/opt/cmake-4.4.0-linux-x86_64//libnppicom_static(\.so|\.a)
    /usr/X11R6/lib/x86_64-linux-gnu/nvidia/current//libnppicom_static(\.so|\.a)
    /usr/X11R6/lib/x86_64-linux-gnu/lib64//libnppicom_static(\.so|\.a)
    /usr/X11R6/lib/x86_64-linux-gnu/lib//libnppicom_static(\.so|\.a)
    /usr/X11R6/lib/x86_64-linux-gnu/math_libs/13.2/lib64//libnppicom_static(\.so|\.a)
    /usr/X11R6/lib/x86_64-linux-gnu/math_libs/lib64//libnppicom_static(\.so|\.a)
    /usr/X11R6/lib/x86_64-linux-gnu//libnppicom_static(\.so|\.a)
    /usr/X11R6/lib/nvidia/current//libnppicom_static(\.so|\.a)
    /usr/X11R6/lib/lib64//libnppicom_static(\.so|\.a)
    /usr/X11R6/lib/lib//libnppicom_static(\.so|\.a)
    /usr/X11R6/lib/math_libs/13.2/lib64//libnppicom_static(\.so|\.a)
    /usr/X11R6/lib/math_libs/lib64//libnppicom_static(\.so|\.a)
    /usr/X11R6/lib//libnppicom_static(\.so|\.a)
    /usr/X11R6/nvidia/current//libnppicom_static(\.so|\.a)
    /usr/X11R6/lib64//libnppicom_static(\.so|\.a)
    /usr/X11R6/lib//libnppicom_static(\.so|\.a)
    /usr/X11R6/math_libs/13.2/lib64//libnppicom_static(\.so|\.a)
    /usr/X11R6/math_libs/lib64//libnppicom_static(\.so|\.a)
    /usr/X11R6//libnppicom_static(\.so|\.a)
    /usr/pkg/lib/x86_64-linux-gnu/nvidia/current//libnppicom_static(\.so|\.a)
    /usr/pkg/lib/x86_64-linux-gnu/lib64//libnppicom_static(\.so|\.a)
    /usr/pkg/lib/x86_64-linux-gnu/lib//libnppicom_static(\.so|\.a)
    /usr/pkg/lib/x86_64-linux-gnu/math_libs/13.2/lib64//libnppicom_static(\.so|\.a)
    /usr/pkg/lib/x86_64-linux-gnu/math_libs/lib64//libnppicom_static(\.so|\.a)
    /usr/pkg/lib/x86_64-linux-gnu//libnppicom_static(\.so|\.a)
    /usr/pkg/lib/nvidia/current//libnppicom_static(\.so|\.a)
    /usr/pkg/lib/lib64//libnppicom_static(\.so|\.a)
    /usr/pkg/lib/lib//libnppicom_static(\.so|\.a)
    /usr/pkg/lib/math_libs/13.2/lib64//libnppicom_static(\.so|\.a)
    /usr/pkg/lib/math_libs/lib64//libnppicom_static(\.so|\.a)
    /usr/pkg/lib//libnppicom_static(\.so|\.a)
    /usr/pkg/nvidia/current//libnppicom_static(\.so|\.a)
    /usr/pkg/lib64//libnppicom_static(\.so|\.a)
    /usr/pkg/lib//libnppicom_static(\.so|\.a)
    /usr/pkg/math_libs/13.2/lib64//libnppicom_static(\.so|\.a)
    /usr/pkg/math_libs/lib64//libnppicom_static(\.so|\.a)
    /usr/pkg//libnppicom_static(\.so|\.a)
    /opt/lib/x86_64-linux-gnu/nvidia/current//libnppicom_static(\.so|\.a)
    /opt/lib/x86_64-linux-gnu/lib64//libnppicom_static(\.so|\.a)
    /opt/lib/x86_64-linux-gnu/lib//libnppicom_static(\.so|\.a)
    /opt/lib/x86_64-linux-gnu/math_libs/13.2/lib64//libnppicom_static(\.so|\.a)
    /opt/lib/x86_64-linux-gnu/math_libs/lib64//libnppicom_static(\.so|\.a)
    /opt/lib/x86_64-linux-gnu//libnppicom_static(\.so|\.a)
    /opt/lib/nvidia/current//libnppicom_static(\.so|\.a)
    /opt/lib/lib64//libnppicom_static(\.so|\.a)
    /opt/lib/lib//libnppicom_static(\.so|\.a)
    /opt/lib/math_libs/13.2/lib64//libnppicom_static(\.so|\.a)
    /opt/lib/math_libs/lib64//libnppicom_static(\.so|\.a)
    /opt/lib//libnppicom_static(\.so|\.a)
    /opt/nvidia/current//libnppicom_static(\.so|\.a)
    /opt/lib64//libnppicom_static(\.so|\.a)
    /opt/lib//libnppicom_static(\.so|\.a)
    /opt/math_libs/13.2/lib64//libnppicom_static(\.so|\.a)
    /opt/math_libs/lib64//libnppicom_static(\.so|\.a)
    /opt//libnppicom_static(\.so|\.a)
    /usr/lib/X11/nvidia/current//libnppicom_static(\.so|\.a)
    /usr/lib/X11/lib64//libnppicom_static(\.so|\.a)
    /usr/lib/X11/lib//libnppicom_static(\.so|\.a)
    /usr/lib/X11/math_libs/13.2/lib64//libnppicom_static(\.so|\.a)
    /usr/lib/X11/math_libs/lib64//libnppicom_static(\.so|\.a)
    /usr/lib/X11//libnppicom_static(\.so|\.a)

  The item was not found.

Call Stack (most recent call first):
  /home/gridtest/opt/cmake-4.4.0-linux-x86_64/share/cmake-4.4/Modules/FindCUDAToolkit.cmake:1452 (_CUDAToolkit_find_and_add_import_lib)
  CMakeLists.txt:4 (find_package)


CMake Debug Log at /home/gridtest/opt/cmake-4.4.0-linux-x86_64/share/cmake-4.4/Modules/FindCUDAToolkit.cmake:1298 (find_library):
  find_library called with the following settings:

    VAR: CUDA_nppicom_static_LIBRARY
    NAMES: "nppicom_static"
    Documentation: Path to a library.
    Framework
      Only Search Frameworks: 0
      Search Frameworks Last: 0
      Search Frameworks First: 0
    AppBundle
      Only Search AppBundle: 0
      Search AppBundle Last: 0
      Search AppBundle First: 0
    CMAKE_FIND_USE_CMAKE_PATH: 1
    CMAKE_FIND_USE_CMAKE_ENVIRONMENT_PATH: 1
    CMAKE_FIND_USE_SYSTEM_ENVIRONMENT_PATH: 1
    CMAKE_FIND_USE_CMAKE_SYSTEM_PATH: 1
    CMAKE_FIND_USE_INSTALL_PREFIX: 1

  find_library considered the following locations:

    /usr/local/cuda-13.2/targets/x86_64-linux/lib/lib64/stubs//libnppicom_static(\.so|\.a)
    /usr/local/cuda-13.2/targets/x86_64-linux/lib/lib/stubs//libnppicom_static(\.so|\.a)
    /usr/local/cuda-13.2/targets/x86_64-linux/lib/stubs//libnppicom_static(\.so|\.a)
    /usr/local/cuda-13.2/targets/x86_64-linux/lib//libnppicom_static(\.so|\.a)
    /usr/local/cuda-13.2/targets/x86_64-linux/lib/stubs/lib64/stubs//libnppicom_static(\.so|\.a)
    /usr/local/cuda-13.2/targets/x86_64-linux/lib/stubs/lib/stubs//libnppicom_static(\.so|\.a)
    /usr/local/cuda-13.2/targets/x86_64-linux/lib/stubs/stubs//libnppicom_static(\.so|\.a)
    /usr/local/cuda-13.2/targets/x86_64-linux/lib/stubs//libnppicom_static(\.so|\.a)
    /home/gridtest/opt/openmpi-5.0.10/bin/lib64/stubs//libnppicom_static(\.so|\.a)
    /home/gridtest/opt/openmpi-5.0.10/bin/lib/stubs//libnppicom_static(\.so|\.a)
    /home/gridtest/opt/openmpi-5.0.10/bin/stubs//libnppicom_static(\.so|\.a)
    /home/gridtest/opt/openmpi-5.0.10/bin//libnppicom_static(\.so|\.a)
    /home/gridtest/opt/cmake-4.4.0-linux-x86_64/bin/lib64/stubs//libnppicom_static(\.so|\.a)
    /home/gridtest/opt/cmake-4.4.0-linux-x86_64/bin/lib/stubs//libnppicom_static(\.so|\.a)
    /home/gridtest/opt/cmake-4.4.0-linux-x86_64/bin/stubs//libnppicom_static(\.so|\.a)
    /home/gridtest/opt/cmake-4.4.0-linux-x86_64/bin//libnppicom_static(\.so|\.a)
    /usr/local/cuda-13.2/bin/lib64/stubs//libnppicom_static(\.so|\.a)
    /usr/local/cuda-13.2/bin/lib/stubs//libnppicom_static(\.so|\.a)
    /usr/local/cuda-13.2/bin/stubs//libnppicom_static(\.so|\.a)
    /usr/local/cuda-13.2/bin//libnppicom_static(\.so|\.a)
    /usr/local/sbin/lib64/stubs//libnppicom_static(\.so|\.a)
    /usr/local/sbin/lib/stubs//libnppicom_static(\.so|\.a)
    /usr/local/sbin/stubs//libnppicom_static(\.so|\.a)
    /usr/local/sbin//libnppicom_static(\.so|\.a)
    /usr/local/bin/lib64/stubs//libnppicom_static(\.so|\.a)
    /usr/local/bin/lib/stubs//libnppicom_static(\.so|\.a)
    /usr/local/bin/stubs//libnppicom_static(\.so|\.a)
    /usr/local/bin//libnppicom_static(\.so|\.a)
    /usr/sbin/lib64/stubs//libnppicom_static(\.so|\.a)
    /usr/sbin/lib/stubs//libnppicom_static(\.so|\.a)
    /usr/sbin/stubs//libnppicom_static(\.so|\.a)
    /usr/sbin//libnppicom_static(\.so|\.a)
    /usr/bin/lib64/stubs//libnppicom_static(\.so|\.a)
    /usr/bin/lib/stubs//libnppicom_static(\.so|\.a)
    /usr/bin/stubs//libnppicom_static(\.so|\.a)
    /usr/bin//libnppicom_static(\.so|\.a)
    /sbin/lib64/stubs//libnppicom_static(\.so|\.a)
    /sbin/lib/stubs//libnppicom_static(\.so|\.a)
    /sbin/stubs//libnppicom_static(\.so|\.a)
    /sbin//libnppicom_static(\.so|\.a)
    /bin/lib64/stubs//libnppicom_static(\.so|\.a)
    /bin/lib/stubs//libnppicom_static(\.so|\.a)
    /bin/stubs//libnppicom_static(\.so|\.a)
    /bin//libnppicom_static(\.so|\.a)
    /usr/games/lib64/stubs//libnppicom_static(\.so|\.a)
    /usr/games/lib/stubs//libnppicom_static(\.so|\.a)
    /usr/games/stubs//libnppicom_static(\.so|\.a)
    /usr/games//libnppicom_static(\.so|\.a)
    /usr/local/games/lib64/stubs//libnppicom_static(\.so|\.a)
    /usr/local/games/lib/stubs//libnppicom_static(\.so|\.a)
    /usr/local/games/stubs//libnppicom_static(\.so|\.a)
    /usr/local/games//libnppicom_static(\.so|\.a)
    /snap/bin/lib64/stubs//libnppicom_static(\.so|\.a)
    /snap/bin/lib/stubs//libnppicom_static(\.so|\.a)
    /snap/bin/stubs//libnppicom_static(\.so|\.a)
    /snap/bin//libnppicom_static(\.so|\.a)
    /usr/local/lib/x86_64-linux-gnu/lib64/stubs//libnppicom_static(\.so|\.a)
    /usr/local/lib/x86_64-linux-gnu/lib/stubs//libnppicom_static(\.so|\.a)
    /usr/local/lib/x86_64-linux-gnu/stubs//libnppicom_static(\.so|\.a)
    /usr/local/lib/x86_64-linux-gnu//libnppicom_static(\.so|\.a)
    /usr/local/lib/lib64/stubs//libnppicom_static(\.so|\.a)
    /usr/local/lib/lib/stubs//libnppicom_static(\.so|\.a)
    /usr/local/lib/stubs//libnppicom_static(\.so|\.a)
    /usr/local/lib//libnppicom_static(\.so|\.a)
    /usr/local/lib64/stubs//libnppicom_static(\.so|\.a)
    /usr/local/lib/stubs//libnppicom_static(\.so|\.a)
    /usr/local/stubs//libnppicom_static(\.so|\.a)
    /usr/local//libnppicom_static(\.so|\.a)
    /usr/lib/x86_64-linux-gnu/lib64/stubs//libnppicom_static(\.so|\.a)
    /usr/lib/x86_64-linux-gnu/lib/stubs//libnppicom_static(\.so|\.a)
    /usr/lib/x86_64-linux-gnu/stubs//libnppicom_static(\.so|\.a)
    /usr/lib/x86_64-linux-gnu//libnppicom_static(\.so|\.a)
    /usr/lib/lib64/stubs//libnppicom_static(\.so|\.a)
    /usr/lib/lib/stubs//libnppicom_static(\.so|\.a)
    /usr/lib/stubs//libnppicom_static(\.so|\.a)
    /usr/lib//libnppicom_static(\.so|\.a)
    /usr/lib64/stubs//libnppicom_static(\.so|\.a)
    /usr/lib/stubs//libnppicom_static(\.so|\.a)
    /usr/stubs//libnppicom_static(\.so|\.a)
    /usr//libnppicom_static(\.so|\.a)
    /lib/x86_64-linux-gnu/lib64/stubs//libnppicom_static(\.so|\.a)
    /lib/x86_64-linux-gnu/lib/stubs//libnppicom_static(\.so|\.a)
    /lib/x86_64-linux-gnu/stubs//libnppicom_static(\.so|\.a)
    /lib/x86_64-linux-gnu//libnppicom_static(\.so|\.a)
    /lib/lib64/stubs//libnppicom_static(\.so|\.a)
    /lib/lib/stubs//libnppicom_static(\.so|\.a)
    /lib/stubs//libnppicom_static(\.so|\.a)
    /lib//libnppicom_static(\.so|\.a)
    /home/gridtest/opt/cmake-4.4.0-linux-x86_64/lib/x86_64-linux-gnu/lib64/stubs//libnppicom_static(\.so|\.a)
    /home/gridtest/opt/cmake-4.4.0-linux-x86_64/lib/x86_64-linux-gnu/lib/stubs//libnppicom_static(\.so|\.a)
    /home/gridtest/opt/cmake-4.4.0-linux-x86_64/lib/x86_64-linux-gnu/stubs//libnppicom_static(\.so|\.a)
    /home/gridtest/opt/cmake-4.4.0-linux-x86_64/lib/x86_64-linux-gnu//libnppicom_static(\.so|\.a)
    /home/gridtest/opt/cmake-4.4.0-linux-x86_64/lib/lib64/stubs//libnppicom_static(\.so|\.a)
    /home/gridtest/opt/cmake-4.4.0-linux-x86_64/lib/lib/stubs//libnppicom_static(\.so|\.a)
    /home/gridtest/opt/cmake-4.4.0-linux-x86_64/lib/stubs//libnppicom_static(\.so|\.a)
    /home/gridtest/opt/cmake-4.4.0-linux-x86_64/lib//libnppicom_static(\.so|\.a)
    /home/gridtest/opt/cmake-4.4.0-linux-x86_64/lib64/stubs//libnppicom_static(\.so|\.a)
    /home/gridtest/opt/cmake-4.4.0-linux-x86_64/lib/stubs//libnppicom_static(\.so|\.a)
    /home/gridtest/opt/cmake-4.4.0-linux-x86_64/stubs//libnppicom_static(\.so|\.a)
    /home/gridtest/opt/cmake-4.4.0-linux-x86_64//libnppicom_static(\.so|\.a)
    /usr/X11R6/lib/x86_64-linux-gnu/lib64/stubs//libnppicom_static(\.so|\.a)
    /usr/X11R6/lib/x86_64-linux-gnu/lib/stubs//libnppicom_static(\.so|\.a)
    /usr/X11R6/lib/x86_64-linux-gnu/stubs//libnppicom_static(\.so|\.a)
    /usr/X11R6/lib/x86_64-linux-gnu//libnppicom_static(\.so|\.a)
    /usr/X11R6/lib/lib64/stubs//libnppicom_static(\.so|\.a)
    /usr/X11R6/lib/lib/stubs//libnppicom_static(\.so|\.a)
    /usr/X11R6/lib/stubs//libnppicom_static(\.so|\.a)
    /usr/X11R6/lib//libnppicom_static(\.so|\.a)
    /usr/X11R6/lib64/stubs//libnppicom_static(\.so|\.a)
    /usr/X11R6/lib/stubs//libnppicom_static(\.so|\.a)
    /usr/X11R6/stubs//libnppicom_static(\.so|\.a)
    /usr/X11R6//libnppicom_static(\.so|\.a)
    /usr/pkg/lib/x86_64-linux-gnu/lib64/stubs//libnppicom_static(\.so|\.a)
    /usr/pkg/lib/x86_64-linux-gnu/lib/stubs//libnppicom_static(\.so|\.a)
    /usr/pkg/lib/x86_64-linux-gnu/stubs//libnppicom_static(\.so|\.a)
    /usr/pkg/lib/x86_64-linux-gnu//libnppicom_static(\.so|\.a)
    /usr/pkg/lib/lib64/stubs//libnppicom_static(\.so|\.a)
    /usr/pkg/lib/lib/stubs//libnppicom_static(\.so|\.a)
    /usr/pkg/lib/stubs//libnppicom_static(\.so|\.a)
    /usr/pkg/lib//libnppicom_static(\.so|\.a)
    /usr/pkg/lib64/stubs//libnppicom_static(\.so|\.a)
    /usr/pkg/lib/stubs//libnppicom_static(\.so|\.a)
    /usr/pkg/stubs//libnppicom_static(\.so|\.a)
    /usr/pkg//libnppicom_static(\.so|\.a)
    /opt/lib/x86_64-linux-gnu/lib64/stubs//libnppicom_static(\.so|\.a)
    /opt/lib/x86_64-linux-gnu/lib/stubs//libnppicom_static(\.so|\.a)
    /opt/lib/x86_64-linux-gnu/stubs//libnppicom_static(\.so|\.a)
    /opt/lib/x86_64-linux-gnu//libnppicom_static(\.so|\.a)
    /opt/lib/lib64/stubs//libnppicom_static(\.so|\.a)
    /opt/lib/lib/stubs//libnppicom_static(\.so|\.a)
    /opt/lib/stubs//libnppicom_static(\.so|\.a)
    /opt/lib//libnppicom_static(\.so|\.a)
    /opt/lib64/stubs//libnppicom_static(\.so|\.a)
    /opt/lib/stubs//libnppicom_static(\.so|\.a)
    /opt/stubs//libnppicom_static(\.so|\.a)
    /opt//libnppicom_static(\.so|\.a)
    /usr/lib/X11/lib64/stubs//libnppicom_static(\.so|\.a)
    /usr/lib/X11/lib/stubs//libnppicom_static(\.so|\.a)
    /usr/lib/X11/stubs//libnppicom_static(\.so|\.a)
    /usr/lib/X11//libnppicom_static(\.so|\.a)

  The item was not found.

Call Stack (most recent call first):
  /home/gridtest/opt/cmake-4.4.0-linux-x86_64/share/cmake-4.4/Modules/FindCUDAToolkit.cmake:1452 (_CUDAToolkit_find_and_add_import_lib)
  CMakeLists.txt:4 (find_package)


CMake Debug Log at /home/gridtest/opt/cmake-4.4.0-linux-x86_64/share/cmake-4.4/Modules/FindCUDAToolkit.cmake:1283 (find_library):
  find_library called with the following settings:

    VAR: CUDA_nppisu_LIBRARY
    NAMES: "nppisu"
    Documentation: Path to a library.
    Framework
      Only Search Frameworks: 0
      Search Frameworks Last: 0
      Search Frameworks First: 0
    AppBundle
      Only Search AppBundle: 0
      Search AppBundle Last: 0
      Search AppBundle First: 0
    CMAKE_FIND_USE_CMAKE_PATH: 1
    CMAKE_FIND_USE_CMAKE_ENVIRONMENT_PATH: 1
    CMAKE_FIND_USE_SYSTEM_ENVIRONMENT_PATH: 1
    CMAKE_FIND_USE_CMAKE_SYSTEM_PATH: 1
    CMAKE_FIND_USE_INSTALL_PREFIX: 1

  find_library considered the following locations:

    /usr/local/cuda-13.2/targets/x86_64-linux/lib/nvidia/current//libnppisu(\.so|\.a)
    /usr/local/cuda-13.2/targets/x86_64-linux/lib/lib64//libnppisu(\.so|\.a)
    /usr/local/cuda-13.2/targets/x86_64-linux/lib/lib//libnppisu(\.so|\.a)
    /usr/local/cuda-13.2/targets/x86_64-linux/lib/math_libs/13.2/lib64//libnppisu(\.so|\.a)
    /usr/local/cuda-13.2/targets/x86_64-linux/lib/math_libs/lib64//libnppisu(\.so|\.a)

  The item was found at

    /usr/local/cuda-13.2/targets/x86_64-linux/lib/libnppisu.so

Call Stack (most recent call first):
  /home/gridtest/opt/cmake-4.4.0-linux-x86_64/share/cmake-4.4/Modules/FindCUDAToolkit.cmake:1451 (_CUDAToolkit_find_and_add_import_lib)
  CMakeLists.txt:4 (find_package)


CMake Debug Log at /home/gridtest/opt/cmake-4.4.0-linux-x86_64/share/cmake-4.4/Modules/FindCUDAToolkit.cmake:1283 (find_library):
  find_library called with the following settings:

    VAR: CUDA_nppisu_static_LIBRARY
    NAMES: "nppisu_static"
    Documentation: Path to a library.
    Framework
      Only Search Frameworks: 0
      Search Frameworks Last: 0
      Search Frameworks First: 0
    AppBundle
      Only Search AppBundle: 0
      Search AppBundle Last: 0
      Search AppBundle First: 0
    CMAKE_FIND_USE_CMAKE_PATH: 1
    CMAKE_FIND_USE_CMAKE_ENVIRONMENT_PATH: 1
    CMAKE_FIND_USE_SYSTEM_ENVIRONMENT_PATH: 1
    CMAKE_FIND_USE_CMAKE_SYSTEM_PATH: 1
    CMAKE_FIND_USE_INSTALL_PREFIX: 1

  find_library considered the following locations:

    /usr/local/cuda-13.2/targets/x86_64-linux/lib/nvidia/current//libnppisu_static(\.so|\.a)
    /usr/local/cuda-13.2/targets/x86_64-linux/lib/lib64//libnppisu_static(\.so|\.a)
    /usr/local/cuda-13.2/targets/x86_64-linux/lib/lib//libnppisu_static(\.so|\.a)
    /usr/local/cuda-13.2/targets/x86_64-linux/lib/math_libs/13.2/lib64//libnppisu_static(\.so|\.a)
    /usr/local/cuda-13.2/targets/x86_64-linux/lib/math_libs/lib64//libnppisu_static(\.so|\.a)

  The item was found at

    /usr/local/cuda-13.2/targets/x86_64-linux/lib/libnppisu_static.a

Call Stack (most recent call first):
  /home/gridtest/opt/cmake-4.4.0-linux-x86_64/share/cmake-4.4/Modules/FindCUDAToolkit.cmake:1452 (_CUDAToolkit_find_and_add_import_lib)
  CMakeLists.txt:4 (find_package)


CMake Debug Log at /home/gridtest/opt/cmake-4.4.0-linux-x86_64/share/cmake-4.4/Modules/FindCUDAToolkit.cmake:1455 (find_path):
  find_path called with the following settings:

    VAR: CUDAToolkit_CUPTI_INCLUDE_DIR
    NAMES: "cupti.h"
    Documentation: Path to a file.
    Framework
      Only Search Frameworks: 0
      Search Frameworks Last: 0
      Search Frameworks First: 0
    AppBundle
      Only Search AppBundle: 0
      Search AppBundle Last: 0
      Search AppBundle First: 0
    NO_DEFAULT_PATH Enabled

  find_path considered the following locations:

    /extras/CUPTI/include/../extras/CUPTI/include/cupti.h
    /extras/CUPTI/include/../../../extras/CUPTI/include/cupti.h
    /extras/CUPTI/include/cupti.h
    /usr/local/cuda-13.2/targets/x86_64-linux/include/../extras/CUPTI/include/cupti.h

  The item was found at

    /usr/local/cuda-13.2/targets/x86_64-linux/include/../../../extras/CUPTI/include/

Call Stack (most recent call first):
  CMakeLists.txt:4 (find_package)


CMake Debug Log at /home/gridtest/opt/cmake-4.4.0-linux-x86_64/share/cmake-4.4/Modules/FindCUDAToolkit.cmake:1283 (find_library):
  find_library called with the following settings:

    VAR: CUDA_cupti_LIBRARY
    NAMES: "cupti"
    Documentation: Path to a library.
    Framework
      Only Search Frameworks: 0
      Search Frameworks Last: 0
      Search Frameworks First: 0
    AppBundle
      Only Search AppBundle: 0
      Search AppBundle Last: 0
      Search AppBundle First: 0
    CMAKE_FIND_USE_CMAKE_PATH: 1
    CMAKE_FIND_USE_CMAKE_ENVIRONMENT_PATH: 1
    CMAKE_FIND_USE_SYSTEM_ENVIRONMENT_PATH: 1
    CMAKE_FIND_USE_CMAKE_SYSTEM_PATH: 1
    CMAKE_FIND_USE_INSTALL_PREFIX: 1

  find_library considered the following locations:

    /usr/local/cuda-13.2/targets/x86_64-linux/lib/nvidia/current//libcupti(\.so|\.a)
    /usr/local/cuda-13.2/targets/x86_64-linux/lib/lib64//libcupti(\.so|\.a)
    /usr/local/cuda-13.2/targets/x86_64-linux/lib/lib//libcupti(\.so|\.a)
    /usr/local/cuda-13.2/targets/x86_64-linux/lib/math_libs/13.2/lib64//libcupti(\.so|\.a)
    /usr/local/cuda-13.2/targets/x86_64-linux/lib/math_libs/lib64//libcupti(\.so|\.a)
    /usr/local/cuda-13.2/targets/x86_64-linux/lib/extras/CUPTI/lib64//libcupti(\.so|\.a)
    /usr/local/cuda-13.2/targets/x86_64-linux/lib/extras/CUPTI/lib//libcupti(\.so|\.a)
    /usr/local/cuda-13.2/targets/x86_64-linux/lib/../extras/CUPTI/lib64//libcupti(\.so|\.a)
    /usr/local/cuda-13.2/targets/x86_64-linux/lib/../extras/CUPTI/lib//libcupti(\.so|\.a)

  The item was found at

    /usr/local/cuda-13.2/extras/CUPTI/lib64/libcupti.so

Call Stack (most recent call first):
  /home/gridtest/opt/cmake-4.4.0-linux-x86_64/share/cmake-4.4/Modules/FindCUDAToolkit.cmake:1470 (_CUDAToolkit_find_and_add_import_lib)
  CMakeLists.txt:4 (find_package)


CMake Debug Log at /home/gridtest/opt/cmake-4.4.0-linux-x86_64/share/cmake-4.4/Modules/FindCUDAToolkit.cmake:1283 (find_library):
  find_library called with the following settings:

    VAR: CUDA_cupti_static_LIBRARY
    NAMES: "cupti_static"
    Documentation: Path to a library.
    Framework
      Only Search Frameworks: 0
      Search Frameworks Last: 0
      Search Frameworks First: 0
    AppBundle
      Only Search AppBundle: 0
      Search AppBundle Last: 0
      Search AppBundle First: 0
    CMAKE_FIND_USE_CMAKE_PATH: 1
    CMAKE_FIND_USE_CMAKE_ENVIRONMENT_PATH: 1
    CMAKE_FIND_USE_SYSTEM_ENVIRONMENT_PATH: 1
    CMAKE_FIND_USE_CMAKE_SYSTEM_PATH: 1
    CMAKE_FIND_USE_INSTALL_PREFIX: 1

  find_library considered the following locations:

    /usr/local/cuda-13.2/targets/x86_64-linux/lib/nvidia/current//libcupti_static(\.so|\.a)
    /usr/local/cuda-13.2/targets/x86_64-linux/lib/lib64//libcupti_static(\.so|\.a)
    /usr/local/cuda-13.2/targets/x86_64-linux/lib/lib//libcupti_static(\.so|\.a)
    /usr/local/cuda-13.2/targets/x86_64-linux/lib/math_libs/13.2/lib64//libcupti_static(\.so|\.a)
    /usr/local/cuda-13.2/targets/x86_64-linux/lib/math_libs/lib64//libcupti_static(\.so|\.a)
    /usr/local/cuda-13.2/targets/x86_64-linux/lib/extras/CUPTI/lib64//libcupti_static(\.so|\.a)
    /usr/local/cuda-13.2/targets/x86_64-linux/lib/extras/CUPTI/lib//libcupti_static(\.so|\.a)
    /usr/local/cuda-13.2/targets/x86_64-linux/lib/../extras/CUPTI/lib64//libcupti_static(\.so|\.a)
    /usr/local/cuda-13.2/targets/x86_64-linux/lib/../extras/CUPTI/lib//libcupti_static(\.so|\.a)

  The item was found at

    /usr/local/cuda-13.2/extras/CUPTI/lib64/libcupti_static.a

Call Stack (most recent call first):
  /home/gridtest/opt/cmake-4.4.0-linux-x86_64/share/cmake-4.4/Modules/FindCUDAToolkit.cmake:1473 (_CUDAToolkit_find_and_add_import_lib)
  CMakeLists.txt:4 (find_package)


CMake Debug Log at /home/gridtest/opt/cmake-4.4.0-linux-x86_64/share/cmake-4.4/Modules/FindCUDAToolkit.cmake:1283 (find_library):
  find_library called with the following settings:

    VAR: CUDA_nvperf_host_LIBRARY
    NAMES: "nvperf_host"
    Documentation: Path to a library.
    Framework
      Only Search Frameworks: 0
      Search Frameworks Last: 0
      Search Frameworks First: 0
    AppBundle
      Only Search AppBundle: 0
      Search AppBundle Last: 0
      Search AppBundle First: 0
    CMAKE_FIND_USE_CMAKE_PATH: 1
    CMAKE_FIND_USE_CMAKE_ENVIRONMENT_PATH: 1
    CMAKE_FIND_USE_SYSTEM_ENVIRONMENT_PATH: 1
    CMAKE_FIND_USE_CMAKE_SYSTEM_PATH: 1
    CMAKE_FIND_USE_INSTALL_PREFIX: 1

  find_library considered the following locations:

    /usr/local/cuda-13.2/targets/x86_64-linux/lib/nvidia/current//libnvperf_host(\.so|\.a)
    /usr/local/cuda-13.2/targets/x86_64-linux/lib/lib64//libnvperf_host(\.so|\.a)
    /usr/local/cuda-13.2/targets/x86_64-linux/lib/lib//libnvperf_host(\.so|\.a)
    /usr/local/cuda-13.2/targets/x86_64-linux/lib/math_libs/13.2/lib64//libnvperf_host(\.so|\.a)
    /usr/local/cuda-13.2/targets/x86_64-linux/lib/math_libs/lib64//libnvperf_host(\.so|\.a)
    /usr/local/cuda-13.2/targets/x86_64-linux/lib/extras/CUPTI/lib64//libnvperf_host(\.so|\.a)
    /usr/local/cuda-13.2/targets/x86_64-linux/lib/extras/CUPTI/lib//libnvperf_host(\.so|\.a)
    /usr/local/cuda-13.2/targets/x86_64-linux/lib/../extras/CUPTI/lib64//libnvperf_host(\.so|\.a)
    /usr/local/cuda-13.2/targets/x86_64-linux/lib/../extras/CUPTI/lib//libnvperf_host(\.so|\.a)

  The item was found at

    /usr/local/cuda-13.2/extras/CUPTI/lib64/libnvperf_host.so

Call Stack (most recent call first):
  /home/gridtest/opt/cmake-4.4.0-linux-x86_64/share/cmake-4.4/Modules/FindCUDAToolkit.cmake:1477 (_CUDAToolkit_find_and_add_import_lib)
  CMakeLists.txt:4 (find_package)


CMake Debug Log at /home/gridtest/opt/cmake-4.4.0-linux-x86_64/share/cmake-4.4/Modules/FindCUDAToolkit.cmake:1283 (find_library):
  find_library called with the following settings:

    VAR: CUDA_nvperf_host_static_LIBRARY
    NAMES: "nvperf_host_static"
    Documentation: Path to a library.
    Framework
      Only Search Frameworks: 0
      Search Frameworks Last: 0
      Search Frameworks First: 0
    AppBundle
      Only Search AppBundle: 0
      Search AppBundle Last: 0
      Search AppBundle First: 0
    CMAKE_FIND_USE_CMAKE_PATH: 1
    CMAKE_FIND_USE_CMAKE_ENVIRONMENT_PATH: 1
    CMAKE_FIND_USE_SYSTEM_ENVIRONMENT_PATH: 1
    CMAKE_FIND_USE_CMAKE_SYSTEM_PATH: 1
    CMAKE_FIND_USE_INSTALL_PREFIX: 1

  find_library considered the following locations:

    /usr/local/cuda-13.2/targets/x86_64-linux/lib/nvidia/current//libnvperf_host_static(\.so|\.a)
    /usr/local/cuda-13.2/targets/x86_64-linux/lib/lib64//libnvperf_host_static(\.so|\.a)
    /usr/local/cuda-13.2/targets/x86_64-linux/lib/lib//libnvperf_host_static(\.so|\.a)
    /usr/local/cuda-13.2/targets/x86_64-linux/lib/math_libs/13.2/lib64//libnvperf_host_static(\.so|\.a)
    /usr/local/cuda-13.2/targets/x86_64-linux/lib/math_libs/lib64//libnvperf_host_static(\.so|\.a)
    /usr/local/cuda-13.2/targets/x86_64-linux/lib/extras/CUPTI/lib64//libnvperf_host_static(\.so|\.a)
    /usr/local/cuda-13.2/targets/x86_64-linux/lib/extras/CUPTI/lib//libnvperf_host_static(\.so|\.a)
    /usr/local/cuda-13.2/targets/x86_64-linux/lib/../extras/CUPTI/lib64//libnvperf_host_static(\.so|\.a)
    /usr/local/cuda-13.2/targets/x86_64-linux/lib/../extras/CUPTI/lib//libnvperf_host_static(\.so|\.a)

  The item was found at

    /usr/local/cuda-13.2/extras/CUPTI/lib64/libnvperf_host_static.a

Call Stack (most recent call first):
  /home/gridtest/opt/cmake-4.4.0-linux-x86_64/share/cmake-4.4/Modules/FindCUDAToolkit.cmake:1480 (_CUDAToolkit_find_and_add_import_lib)
  CMakeLists.txt:4 (find_package)


CMake Debug Log at /home/gridtest/opt/cmake-4.4.0-linux-x86_64/share/cmake-4.4/Modules/FindCUDAToolkit.cmake:1283 (find_library):
  find_library called with the following settings:

    VAR: CUDA_nvperf_target_LIBRARY
    NAMES: "nvperf_target"
    Documentation: Path to a library.
    Framework
      Only Search Frameworks: 0
      Search Frameworks Last: 0
      Search Frameworks First: 0
    AppBundle
      Only Search AppBundle: 0
      Search AppBundle Last: 0
      Search AppBundle First: 0
    CMAKE_FIND_USE_CMAKE_PATH: 1
    CMAKE_FIND_USE_CMAKE_ENVIRONMENT_PATH: 1
    CMAKE_FIND_USE_SYSTEM_ENVIRONMENT_PATH: 1
    CMAKE_FIND_USE_CMAKE_SYSTEM_PATH: 1
    CMAKE_FIND_USE_INSTALL_PREFIX: 1

  find_library considered the following locations:

    /usr/local/cuda-13.2/targets/x86_64-linux/lib/nvidia/current//libnvperf_target(\.so|\.a)
    /usr/local/cuda-13.2/targets/x86_64-linux/lib/lib64//libnvperf_target(\.so|\.a)
    /usr/local/cuda-13.2/targets/x86_64-linux/lib/lib//libnvperf_target(\.so|\.a)
    /usr/local/cuda-13.2/targets/x86_64-linux/lib/math_libs/13.2/lib64//libnvperf_target(\.so|\.a)
    /usr/local/cuda-13.2/targets/x86_64-linux/lib/math_libs/lib64//libnvperf_target(\.so|\.a)
    /usr/local/cuda-13.2/targets/x86_64-linux/lib/extras/CUPTI/lib64//libnvperf_target(\.so|\.a)
    /usr/local/cuda-13.2/targets/x86_64-linux/lib/extras/CUPTI/lib//libnvperf_target(\.so|\.a)
    /usr/local/cuda-13.2/targets/x86_64-linux/lib/../extras/CUPTI/lib64//libnvperf_target(\.so|\.a)
    /usr/local/cuda-13.2/targets/x86_64-linux/lib/../extras/CUPTI/lib//libnvperf_target(\.so|\.a)

  The item was found at

    /usr/local/cuda-13.2/extras/CUPTI/lib64/libnvperf_target.so

Call Stack (most recent call first):
  /home/gridtest/opt/cmake-4.4.0-linux-x86_64/share/cmake-4.4/Modules/FindCUDAToolkit.cmake:1483 (_CUDAToolkit_find_and_add_import_lib)
  CMakeLists.txt:4 (find_package)


CMake Debug Log at /home/gridtest/opt/cmake-4.4.0-linux-x86_64/share/cmake-4.4/Modules/FindCUDAToolkit.cmake:1283 (find_library):
  find_library called with the following settings:

    VAR: CUDA_pcsamplingutil_LIBRARY
    NAMES: "pcsamplingutil"
    Documentation: Path to a library.
    Framework
      Only Search Frameworks: 0
      Search Frameworks Last: 0
      Search Frameworks First: 0
    AppBundle
      Only Search AppBundle: 0
      Search AppBundle Last: 0
      Search AppBundle First: 0
    CMAKE_FIND_USE_CMAKE_PATH: 1
    CMAKE_FIND_USE_CMAKE_ENVIRONMENT_PATH: 1
    CMAKE_FIND_USE_SYSTEM_ENVIRONMENT_PATH: 1
    CMAKE_FIND_USE_CMAKE_SYSTEM_PATH: 1
    CMAKE_FIND_USE_INSTALL_PREFIX: 1

  find_library considered the following locations:

    /usr/local/cuda-13.2/targets/x86_64-linux/lib/nvidia/current//libpcsamplingutil(\.so|\.a)
    /usr/local/cuda-13.2/targets/x86_64-linux/lib/lib64//libpcsamplingutil(\.so|\.a)
    /usr/local/cuda-13.2/targets/x86_64-linux/lib/lib//libpcsamplingutil(\.so|\.a)
    /usr/local/cuda-13.2/targets/x86_64-linux/lib/math_libs/13.2/lib64//libpcsamplingutil(\.so|\.a)
    /usr/local/cuda-13.2/targets/x86_64-linux/lib/math_libs/lib64//libpcsamplingutil(\.so|\.a)
    /usr/local/cuda-13.2/targets/x86_64-linux/lib/extras/CUPTI/lib64//libpcsamplingutil(\.so|\.a)
    /usr/local/cuda-13.2/targets/x86_64-linux/lib/extras/CUPTI/lib//libpcsamplingutil(\.so|\.a)
    /usr/local/cuda-13.2/targets/x86_64-linux/lib/../extras/CUPTI/lib64//libpcsamplingutil(\.so|\.a)
    /usr/local/cuda-13.2/targets/x86_64-linux/lib/../extras/CUPTI/lib//libpcsamplingutil(\.so|\.a)

  The item was found at

    /usr/local/cuda-13.2/extras/CUPTI/lib64/libpcsamplingutil.so

Call Stack (most recent call first):
  /home/gridtest/opt/cmake-4.4.0-linux-x86_64/share/cmake-4.4/Modules/FindCUDAToolkit.cmake:1488 (_CUDAToolkit_find_and_add_import_lib)
  CMakeLists.txt:4 (find_package)


CMake Debug Log at /home/gridtest/opt/cmake-4.4.0-linux-x86_64/share/cmake-4.4/Modules/FindCUDAToolkit.cmake:1283 (find_library):
  find_library called with the following settings:

    VAR: CUDA_nvptxcompiler_static_LIBRARY
    NAMES: "nvptxcompiler_static"
    Documentation: Path to a library.
    Framework
      Only Search Frameworks: 0
      Search Frameworks Last: 0
      Search Frameworks First: 0
    AppBundle
      Only Search AppBundle: 0
      Search AppBundle Last: 0
      Search AppBundle First: 0
    CMAKE_FIND_USE_CMAKE_PATH: 1
    CMAKE_FIND_USE_CMAKE_ENVIRONMENT_PATH: 1
    CMAKE_FIND_USE_SYSTEM_ENVIRONMENT_PATH: 1
    CMAKE_FIND_USE_CMAKE_SYSTEM_PATH: 1
    CMAKE_FIND_USE_INSTALL_PREFIX: 1

  find_library considered the following locations:

    /usr/local/cuda-13.2/targets/x86_64-linux/lib/nvidia/current//libnvptxcompiler_static(\.so|\.a)
    /usr/local/cuda-13.2/targets/x86_64-linux/lib/lib64//libnvptxcompiler_static(\.so|\.a)
    /usr/local/cuda-13.2/targets/x86_64-linux/lib/lib//libnvptxcompiler_static(\.so|\.a)
    /usr/local/cuda-13.2/targets/x86_64-linux/lib/math_libs/13.2/lib64//libnvptxcompiler_static(\.so|\.a)
    /usr/local/cuda-13.2/targets/x86_64-linux/lib/math_libs/lib64//libnvptxcompiler_static(\.so|\.a)

  The item was found at

    /usr/local/cuda-13.2/targets/x86_64-linux/lib/libnvptxcompiler_static.a

Call Stack (most recent call first):
  /home/gridtest/opt/cmake-4.4.0-linux-x86_64/share/cmake-4.4/Modules/FindCUDAToolkit.cmake:1496 (_CUDAToolkit_find_and_add_import_lib)
  CMakeLists.txt:4 (find_package)


CMake Debug Log at /home/gridtest/opt/cmake-4.4.0-linux-x86_64/share/cmake-4.4/Modules/FindCUDAToolkit.cmake:1283 (find_library):
  find_library called with the following settings:

    VAR: CUDA_nvrtc_builtins_LIBRARY
    NAMES: "nvrtc_builtins"
           "nvrtc-builtins"
    Documentation: Path to a library.
    Framework
      Only Search Frameworks: 0
      Search Frameworks Last: 0
      Search Frameworks First: 0
    AppBundle
      Only Search AppBundle: 0
      Search AppBundle Last: 0
      Search AppBundle First: 0
    CMAKE_FIND_USE_CMAKE_PATH: 1
    CMAKE_FIND_USE_CMAKE_ENVIRONMENT_PATH: 1
    CMAKE_FIND_USE_SYSTEM_ENVIRONMENT_PATH: 1
    CMAKE_FIND_USE_CMAKE_SYSTEM_PATH: 1
    CMAKE_FIND_USE_INSTALL_PREFIX: 1

  find_library considered the following locations:

    /usr/local/cuda-13.2/targets/x86_64-linux/lib/nvidia/current//libnvrtc_builtins(\.so|\.a)
    /usr/local/cuda-13.2/targets/x86_64-linux/lib/lib64//libnvrtc_builtins(\.so|\.a)
    /usr/local/cuda-13.2/targets/x86_64-linux/lib/lib//libnvrtc_builtins(\.so|\.a)
    /usr/local/cuda-13.2/targets/x86_64-linux/lib/math_libs/13.2/lib64//libnvrtc_builtins(\.so|\.a)
    /usr/local/cuda-13.2/targets/x86_64-linux/lib/math_libs/lib64//libnvrtc_builtins(\.so|\.a)
    /usr/local/cuda-13.2/targets/x86_64-linux/lib//libnvrtc_builtins(\.so|\.a)
    /usr/local/cuda-13.2/targets/x86_64-linux/lib/stubs/nvidia/current//libnvrtc_builtins(\.so|\.a)
    /usr/local/cuda-13.2/targets/x86_64-linux/lib/stubs/lib64//libnvrtc_builtins(\.so|\.a)
    /usr/local/cuda-13.2/targets/x86_64-linux/lib/stubs/lib//libnvrtc_builtins(\.so|\.a)
    /usr/local/cuda-13.2/targets/x86_64-linux/lib/stubs/math_libs/13.2/lib64//libnvrtc_builtins(\.so|\.a)
    /usr/local/cuda-13.2/targets/x86_64-linux/lib/stubs/math_libs/lib64//libnvrtc_builtins(\.so|\.a)
    /usr/local/cuda-13.2/targets/x86_64-linux/lib/stubs//libnvrtc_builtins(\.so|\.a)
    /home/gridtest/opt/openmpi-5.0.10/bin/nvidia/current//libnvrtc_builtins(\.so|\.a)
    /home/gridtest/opt/openmpi-5.0.10/bin/lib64//libnvrtc_builtins(\.so|\.a)
    /home/gridtest/opt/openmpi-5.0.10/bin/lib//libnvrtc_builtins(\.so|\.a)
    /home/gridtest/opt/openmpi-5.0.10/bin/math_libs/13.2/lib64//libnvrtc_builtins(\.so|\.a)
    /home/gridtest/opt/openmpi-5.0.10/bin/math_libs/lib64//libnvrtc_builtins(\.so|\.a)
    /home/gridtest/opt/openmpi-5.0.10/bin//libnvrtc_builtins(\.so|\.a)
    /home/gridtest/opt/cmake-4.4.0-linux-x86_64/bin/nvidia/current//libnvrtc_builtins(\.so|\.a)
    /home/gridtest/opt/cmake-4.4.0-linux-x86_64/bin/lib64//libnvrtc_builtins(\.so|\.a)
    /home/gridtest/opt/cmake-4.4.0-linux-x86_64/bin/lib//libnvrtc_builtins(\.so|\.a)
    /home/gridtest/opt/cmake-4.4.0-linux-x86_64/bin/math_libs/13.2/lib64//libnvrtc_builtins(\.so|\.a)
    /home/gridtest/opt/cmake-4.4.0-linux-x86_64/bin/math_libs/lib64//libnvrtc_builtins(\.so|\.a)
    /home/gridtest/opt/cmake-4.4.0-linux-x86_64/bin//libnvrtc_builtins(\.so|\.a)
    /usr/local/cuda-13.2/bin/nvidia/current//libnvrtc_builtins(\.so|\.a)
    /usr/local/cuda-13.2/bin/lib64//libnvrtc_builtins(\.so|\.a)
    /usr/local/cuda-13.2/bin/lib//libnvrtc_builtins(\.so|\.a)
    /usr/local/cuda-13.2/bin/math_libs/13.2/lib64//libnvrtc_builtins(\.so|\.a)
    /usr/local/cuda-13.2/bin/math_libs/lib64//libnvrtc_builtins(\.so|\.a)
    /usr/local/cuda-13.2/bin//libnvrtc_builtins(\.so|\.a)
    /usr/local/sbin/nvidia/current//libnvrtc_builtins(\.so|\.a)
    /usr/local/sbin/lib64//libnvrtc_builtins(\.so|\.a)
    /usr/local/sbin/lib//libnvrtc_builtins(\.so|\.a)
    /usr/local/sbin/math_libs/13.2/lib64//libnvrtc_builtins(\.so|\.a)
    /usr/local/sbin/math_libs/lib64//libnvrtc_builtins(\.so|\.a)
    /usr/local/sbin//libnvrtc_builtins(\.so|\.a)
    /usr/local/bin/nvidia/current//libnvrtc_builtins(\.so|\.a)
    /usr/local/bin/lib64//libnvrtc_builtins(\.so|\.a)
    /usr/local/bin/lib//libnvrtc_builtins(\.so|\.a)
    /usr/local/bin/math_libs/13.2/lib64//libnvrtc_builtins(\.so|\.a)
    /usr/local/bin/math_libs/lib64//libnvrtc_builtins(\.so|\.a)
    /usr/local/bin//libnvrtc_builtins(\.so|\.a)
    /usr/sbin/nvidia/current//libnvrtc_builtins(\.so|\.a)
    /usr/sbin/lib64//libnvrtc_builtins(\.so|\.a)
    /usr/sbin/lib//libnvrtc_builtins(\.so|\.a)
    /usr/sbin/math_libs/13.2/lib64//libnvrtc_builtins(\.so|\.a)
    /usr/sbin/math_libs/lib64//libnvrtc_builtins(\.so|\.a)
    /usr/sbin//libnvrtc_builtins(\.so|\.a)
    /usr/bin/nvidia/current//libnvrtc_builtins(\.so|\.a)
    /usr/bin/lib64//libnvrtc_builtins(\.so|\.a)
    /usr/bin/lib//libnvrtc_builtins(\.so|\.a)
    /usr/bin/math_libs/13.2/lib64//libnvrtc_builtins(\.so|\.a)
    /usr/bin/math_libs/lib64//libnvrtc_builtins(\.so|\.a)
    /usr/bin//libnvrtc_builtins(\.so|\.a)
    /sbin/nvidia/current//libnvrtc_builtins(\.so|\.a)
    /sbin/lib64//libnvrtc_builtins(\.so|\.a)
    /sbin/lib//libnvrtc_builtins(\.so|\.a)
    /sbin/math_libs/13.2/lib64//libnvrtc_builtins(\.so|\.a)
    /sbin/math_libs/lib64//libnvrtc_builtins(\.so|\.a)
    /sbin//libnvrtc_builtins(\.so|\.a)
    /bin/nvidia/current//libnvrtc_builtins(\.so|\.a)
    /bin/lib64//libnvrtc_builtins(\.so|\.a)
    /bin/lib//libnvrtc_builtins(\.so|\.a)
    /bin/math_libs/13.2/lib64//libnvrtc_builtins(\.so|\.a)
    /bin/math_libs/lib64//libnvrtc_builtins(\.so|\.a)
    /bin//libnvrtc_builtins(\.so|\.a)
    /usr/games/nvidia/current//libnvrtc_builtins(\.so|\.a)
    /usr/games/lib64//libnvrtc_builtins(\.so|\.a)
    /usr/games/lib//libnvrtc_builtins(\.so|\.a)
    /usr/games/math_libs/13.2/lib64//libnvrtc_builtins(\.so|\.a)
    /usr/games/math_libs/lib64//libnvrtc_builtins(\.so|\.a)
    /usr/games//libnvrtc_builtins(\.so|\.a)
    /usr/local/games/nvidia/current//libnvrtc_builtins(\.so|\.a)
    /usr/local/games/lib64//libnvrtc_builtins(\.so|\.a)
    /usr/local/games/lib//libnvrtc_builtins(\.so|\.a)
    /usr/local/games/math_libs/13.2/lib64//libnvrtc_builtins(\.so|\.a)
    /usr/local/games/math_libs/lib64//libnvrtc_builtins(\.so|\.a)
    /usr/local/games//libnvrtc_builtins(\.so|\.a)
    /snap/bin/nvidia/current//libnvrtc_builtins(\.so|\.a)
    /snap/bin/lib64//libnvrtc_builtins(\.so|\.a)
    /snap/bin/lib//libnvrtc_builtins(\.so|\.a)
    /snap/bin/math_libs/13.2/lib64//libnvrtc_builtins(\.so|\.a)
    /snap/bin/math_libs/lib64//libnvrtc_builtins(\.so|\.a)
    /snap/bin//libnvrtc_builtins(\.so|\.a)
    /usr/local/lib/x86_64-linux-gnu/nvidia/current//libnvrtc_builtins(\.so|\.a)
    /usr/local/lib/x86_64-linux-gnu/lib64//libnvrtc_builtins(\.so|\.a)
    /usr/local/lib/x86_64-linux-gnu/lib//libnvrtc_builtins(\.so|\.a)
    /usr/local/lib/x86_64-linux-gnu/math_libs/13.2/lib64//libnvrtc_builtins(\.so|\.a)
    /usr/local/lib/x86_64-linux-gnu/math_libs/lib64//libnvrtc_builtins(\.so|\.a)
    /usr/local/lib/x86_64-linux-gnu//libnvrtc_builtins(\.so|\.a)
    /usr/local/lib/nvidia/current//libnvrtc_builtins(\.so|\.a)
    /usr/local/lib/lib64//libnvrtc_builtins(\.so|\.a)
    /usr/local/lib/lib//libnvrtc_builtins(\.so|\.a)
    /usr/local/lib/math_libs/13.2/lib64//libnvrtc_builtins(\.so|\.a)
    /usr/local/lib/math_libs/lib64//libnvrtc_builtins(\.so|\.a)
    /usr/local/lib//libnvrtc_builtins(\.so|\.a)
    /usr/local/nvidia/current//libnvrtc_builtins(\.so|\.a)
    /usr/local/lib64//libnvrtc_builtins(\.so|\.a)
    /usr/local/lib//libnvrtc_builtins(\.so|\.a)
    /usr/local/math_libs/13.2/lib64//libnvrtc_builtins(\.so|\.a)
    /usr/local/math_libs/lib64//libnvrtc_builtins(\.so|\.a)
    /usr/local//libnvrtc_builtins(\.so|\.a)
    /usr/lib/x86_64-linux-gnu/nvidia/current//libnvrtc_builtins(\.so|\.a)
    /usr/lib/x86_64-linux-gnu/lib64//libnvrtc_builtins(\.so|\.a)
    /usr/lib/x86_64-linux-gnu/lib//libnvrtc_builtins(\.so|\.a)
    /usr/lib/x86_64-linux-gnu/math_libs/13.2/lib64//libnvrtc_builtins(\.so|\.a)
    /usr/lib/x86_64-linux-gnu/math_libs/lib64//libnvrtc_builtins(\.so|\.a)
    /usr/lib/x86_64-linux-gnu//libnvrtc_builtins(\.so|\.a)
    /usr/lib/nvidia/current//libnvrtc_builtins(\.so|\.a)
    /usr/lib/lib64//libnvrtc_builtins(\.so|\.a)
    /usr/lib/lib//libnvrtc_builtins(\.so|\.a)
    /usr/lib/math_libs/13.2/lib64//libnvrtc_builtins(\.so|\.a)
    /usr/lib/math_libs/lib64//libnvrtc_builtins(\.so|\.a)
    /usr/lib//libnvrtc_builtins(\.so|\.a)
    /usr/nvidia/current//libnvrtc_builtins(\.so|\.a)
    /usr/lib64//libnvrtc_builtins(\.so|\.a)
    /usr/lib//libnvrtc_builtins(\.so|\.a)
    /usr/math_libs/13.2/lib64//libnvrtc_builtins(\.so|\.a)
    /usr/math_libs/lib64//libnvrtc_builtins(\.so|\.a)
    /usr//libnvrtc_builtins(\.so|\.a)
    /lib/x86_64-linux-gnu/nvidia/current//libnvrtc_builtins(\.so|\.a)
    /lib/x86_64-linux-gnu/lib64//libnvrtc_builtins(\.so|\.a)
    /lib/x86_64-linux-gnu/lib//libnvrtc_builtins(\.so|\.a)
    /lib/x86_64-linux-gnu/math_libs/13.2/lib64//libnvrtc_builtins(\.so|\.a)
    /lib/x86_64-linux-gnu/math_libs/lib64//libnvrtc_builtins(\.so|\.a)
    /lib/x86_64-linux-gnu//libnvrtc_builtins(\.so|\.a)
    /lib/nvidia/current//libnvrtc_builtins(\.so|\.a)
    /lib/lib64//libnvrtc_builtins(\.so|\.a)
    /lib/lib//libnvrtc_builtins(\.so|\.a)
    /lib/math_libs/13.2/lib64//libnvrtc_builtins(\.so|\.a)
    /lib/math_libs/lib64//libnvrtc_builtins(\.so|\.a)
    /lib//libnvrtc_builtins(\.so|\.a)
    /home/gridtest/opt/cmake-4.4.0-linux-x86_64/lib/x86_64-linux-gnu/nvidia/current//libnvrtc_builtins(\.so|\.a)
    /home/gridtest/opt/cmake-4.4.0-linux-x86_64/lib/x86_64-linux-gnu/lib64//libnvrtc_builtins(\.so|\.a)
    /home/gridtest/opt/cmake-4.4.0-linux-x86_64/lib/x86_64-linux-gnu/lib//libnvrtc_builtins(\.so|\.a)
    /home/gridtest/opt/cmake-4.4.0-linux-x86_64/lib/x86_64-linux-gnu/math_libs/13.2/lib64//libnvrtc_builtins(\.so|\.a)
    /home/gridtest/opt/cmake-4.4.0-linux-x86_64/lib/x86_64-linux-gnu/math_libs/lib64//libnvrtc_builtins(\.so|\.a)
    /home/gridtest/opt/cmake-4.4.0-linux-x86_64/lib/x86_64-linux-gnu//libnvrtc_builtins(\.so|\.a)
    /home/gridtest/opt/cmake-4.4.0-linux-x86_64/lib/nvidia/current//libnvrtc_builtins(\.so|\.a)
    /home/gridtest/opt/cmake-4.4.0-linux-x86_64/lib/lib64//libnvrtc_builtins(\.so|\.a)
    /home/gridtest/opt/cmake-4.4.0-linux-x86_64/lib/lib//libnvrtc_builtins(\.so|\.a)
    /home/gridtest/opt/cmake-4.4.0-linux-x86_64/lib/math_libs/13.2/lib64//libnvrtc_builtins(\.so|\.a)
    /home/gridtest/opt/cmake-4.4.0-linux-x86_64/lib/math_libs/lib64//libnvrtc_builtins(\.so|\.a)
    /home/gridtest/opt/cmake-4.4.0-linux-x86_64/lib//libnvrtc_builtins(\.so|\.a)
    /home/gridtest/opt/cmake-4.4.0-linux-x86_64/nvidia/current//libnvrtc_builtins(\.so|\.a)
    /home/gridtest/opt/cmake-4.4.0-linux-x86_64/lib64//libnvrtc_builtins(\.so|\.a)
    /home/gridtest/opt/cmake-4.4.0-linux-x86_64/lib//libnvrtc_builtins(\.so|\.a)
    /home/gridtest/opt/cmake-4.4.0-linux-x86_64/math_libs/13.2/lib64//libnvrtc_builtins(\.so|\.a)
    /home/gridtest/opt/cmake-4.4.0-linux-x86_64/math_libs/lib64//libnvrtc_builtins(\.so|\.a)
    /home/gridtest/opt/cmake-4.4.0-linux-x86_64//libnvrtc_builtins(\.so|\.a)
    /usr/X11R6/lib/x86_64-linux-gnu/nvidia/current//libnvrtc_builtins(\.so|\.a)
    /usr/X11R6/lib/x86_64-linux-gnu/lib64//libnvrtc_builtins(\.so|\.a)
    /usr/X11R6/lib/x86_64-linux-gnu/lib//libnvrtc_builtins(\.so|\.a)
    /usr/X11R6/lib/x86_64-linux-gnu/math_libs/13.2/lib64//libnvrtc_builtins(\.so|\.a)
    /usr/X11R6/lib/x86_64-linux-gnu/math_libs/lib64//libnvrtc_builtins(\.so|\.a)
    /usr/X11R6/lib/x86_64-linux-gnu//libnvrtc_builtins(\.so|\.a)
    /usr/X11R6/lib/nvidia/current//libnvrtc_builtins(\.so|\.a)
    /usr/X11R6/lib/lib64//libnvrtc_builtins(\.so|\.a)
    /usr/X11R6/lib/lib//libnvrtc_builtins(\.so|\.a)
    /usr/X11R6/lib/math_libs/13.2/lib64//libnvrtc_builtins(\.so|\.a)
    /usr/X11R6/lib/math_libs/lib64//libnvrtc_builtins(\.so|\.a)
    /usr/X11R6/lib//libnvrtc_builtins(\.so|\.a)
    /usr/X11R6/nvidia/current//libnvrtc_builtins(\.so|\.a)
    /usr/X11R6/lib64//libnvrtc_builtins(\.so|\.a)
    /usr/X11R6/lib//libnvrtc_builtins(\.so|\.a)
    /usr/X11R6/math_libs/13.2/lib64//libnvrtc_builtins(\.so|\.a)
    /usr/X11R6/math_libs/lib64//libnvrtc_builtins(\.so|\.a)
    /usr/X11R6//libnvrtc_builtins(\.so|\.a)
    /usr/pkg/lib/x86_64-linux-gnu/nvidia/current//libnvrtc_builtins(\.so|\.a)
    /usr/pkg/lib/x86_64-linux-gnu/lib64//libnvrtc_builtins(\.so|\.a)
    /usr/pkg/lib/x86_64-linux-gnu/lib//libnvrtc_builtins(\.so|\.a)
    /usr/pkg/lib/x86_64-linux-gnu/math_libs/13.2/lib64//libnvrtc_builtins(\.so|\.a)
    /usr/pkg/lib/x86_64-linux-gnu/math_libs/lib64//libnvrtc_builtins(\.so|\.a)
    /usr/pkg/lib/x86_64-linux-gnu//libnvrtc_builtins(\.so|\.a)
    /usr/pkg/lib/nvidia/current//libnvrtc_builtins(\.so|\.a)
    /usr/pkg/lib/lib64//libnvrtc_builtins(\.so|\.a)
    /usr/pkg/lib/lib//libnvrtc_builtins(\.so|\.a)
    /usr/pkg/lib/math_libs/13.2/lib64//libnvrtc_builtins(\.so|\.a)
    /usr/pkg/lib/math_libs/lib64//libnvrtc_builtins(\.so|\.a)
    /usr/pkg/lib//libnvrtc_builtins(\.so|\.a)
    /usr/pkg/nvidia/current//libnvrtc_builtins(\.so|\.a)
    /usr/pkg/lib64//libnvrtc_builtins(\.so|\.a)
    /usr/pkg/lib//libnvrtc_builtins(\.so|\.a)
    /usr/pkg/math_libs/13.2/lib64//libnvrtc_builtins(\.so|\.a)
    /usr/pkg/math_libs/lib64//libnvrtc_builtins(\.so|\.a)
    /usr/pkg//libnvrtc_builtins(\.so|\.a)
    /opt/lib/x86_64-linux-gnu/nvidia/current//libnvrtc_builtins(\.so|\.a)
    /opt/lib/x86_64-linux-gnu/lib64//libnvrtc_builtins(\.so|\.a)
    /opt/lib/x86_64-linux-gnu/lib//libnvrtc_builtins(\.so|\.a)
    /opt/lib/x86_64-linux-gnu/math_libs/13.2/lib64//libnvrtc_builtins(\.so|\.a)
    /opt/lib/x86_64-linux-gnu/math_libs/lib64//libnvrtc_builtins(\.so|\.a)
    /opt/lib/x86_64-linux-gnu//libnvrtc_builtins(\.so|\.a)
    /opt/lib/nvidia/current//libnvrtc_builtins(\.so|\.a)
    /opt/lib/lib64//libnvrtc_builtins(\.so|\.a)
    /opt/lib/lib//libnvrtc_builtins(\.so|\.a)
    /opt/lib/math_libs/13.2/lib64//libnvrtc_builtins(\.so|\.a)
    /opt/lib/math_libs/lib64//libnvrtc_builtins(\.so|\.a)
    /opt/lib//libnvrtc_builtins(\.so|\.a)
    /opt/nvidia/current//libnvrtc_builtins(\.so|\.a)
    /opt/lib64//libnvrtc_builtins(\.so|\.a)
    /opt/lib//libnvrtc_builtins(\.so|\.a)
    /opt/math_libs/13.2/lib64//libnvrtc_builtins(\.so|\.a)
    /opt/math_libs/lib64//libnvrtc_builtins(\.so|\.a)
    /opt//libnvrtc_builtins(\.so|\.a)
    /usr/lib/X11/nvidia/current//libnvrtc_builtins(\.so|\.a)
    /usr/lib/X11/lib64//libnvrtc_builtins(\.so|\.a)
    /usr/lib/X11/lib//libnvrtc_builtins(\.so|\.a)
    /usr/lib/X11/math_libs/13.2/lib64//libnvrtc_builtins(\.so|\.a)
    /usr/lib/X11/math_libs/lib64//libnvrtc_builtins(\.so|\.a)
    /usr/lib/X11//libnvrtc_builtins(\.so|\.a)
    /usr/local/cuda-13.2/targets/x86_64-linux/lib/nvidia/current//libnvrtc-builtins(\.so|\.a)
    /usr/local/cuda-13.2/targets/x86_64-linux/lib/lib64//libnvrtc-builtins(\.so|\.a)
    /usr/local/cuda-13.2/targets/x86_64-linux/lib/lib//libnvrtc-builtins(\.so|\.a)
    /usr/local/cuda-13.2/targets/x86_64-linux/lib/math_libs/13.2/lib64//libnvrtc-builtins(\.so|\.a)
    /usr/local/cuda-13.2/targets/x86_64-linux/lib/math_libs/lib64//libnvrtc-builtins(\.so|\.a)

  The item was found at

    /usr/local/cuda-13.2/targets/x86_64-linux/lib/libnvrtc-builtins.so

Call Stack (most recent call first):
  /home/gridtest/opt/cmake-4.4.0-linux-x86_64/share/cmake-4.4/Modules/FindCUDAToolkit.cmake:1503 (_CUDAToolkit_find_and_add_import_lib)
  CMakeLists.txt:4 (find_package)


CMake Debug Log at /home/gridtest/opt/cmake-4.4.0-linux-x86_64/share/cmake-4.4/Modules/FindCUDAToolkit.cmake:1283 (find_library):
  find_library called with the following settings:

    VAR: CUDA_nvrtc_LIBRARY
    NAMES: "nvrtc"
    Documentation: Path to a library.
    Framework
      Only Search Frameworks: 0
      Search Frameworks Last: 0
      Search Frameworks First: 0
    AppBundle
      Only Search AppBundle: 0
      Search AppBundle Last: 0
      Search AppBundle First: 0
    CMAKE_FIND_USE_CMAKE_PATH: 1
    CMAKE_FIND_USE_CMAKE_ENVIRONMENT_PATH: 1
    CMAKE_FIND_USE_SYSTEM_ENVIRONMENT_PATH: 1
    CMAKE_FIND_USE_CMAKE_SYSTEM_PATH: 1
    CMAKE_FIND_USE_INSTALL_PREFIX: 1

  find_library considered the following locations:

    /usr/local/cuda-13.2/targets/x86_64-linux/lib/nvidia/current//libnvrtc(\.so|\.a)
    /usr/local/cuda-13.2/targets/x86_64-linux/lib/lib64//libnvrtc(\.so|\.a)
    /usr/local/cuda-13.2/targets/x86_64-linux/lib/lib//libnvrtc(\.so|\.a)
    /usr/local/cuda-13.2/targets/x86_64-linux/lib/math_libs/13.2/lib64//libnvrtc(\.so|\.a)
    /usr/local/cuda-13.2/targets/x86_64-linux/lib/math_libs/lib64//libnvrtc(\.so|\.a)

  The item was found at

    /usr/local/cuda-13.2/targets/x86_64-linux/lib/libnvrtc.so

Call Stack (most recent call first):
  /home/gridtest/opt/cmake-4.4.0-linux-x86_64/share/cmake-4.4/Modules/FindCUDAToolkit.cmake:1504 (_CUDAToolkit_find_and_add_import_lib)
  CMakeLists.txt:4 (find_package)


CMake Debug Log at /home/gridtest/opt/cmake-4.4.0-linux-x86_64/share/cmake-4.4/Modules/FindCUDAToolkit.cmake:1283 (find_library):
  find_library called with the following settings:

    VAR: CUDA_nvrtc_builtins_static_LIBRARY
    NAMES: "nvrtc_builtins_static"
           "nvrtc-builtins_static"
    Documentation: Path to a library.
    Framework
      Only Search Frameworks: 0
      Search Frameworks Last: 0
      Search Frameworks First: 0
    AppBundle
      Only Search AppBundle: 0
      Search AppBundle Last: 0
      Search AppBundle First: 0
    CMAKE_FIND_USE_CMAKE_PATH: 1
    CMAKE_FIND_USE_CMAKE_ENVIRONMENT_PATH: 1
    CMAKE_FIND_USE_SYSTEM_ENVIRONMENT_PATH: 1
    CMAKE_FIND_USE_CMAKE_SYSTEM_PATH: 1
    CMAKE_FIND_USE_INSTALL_PREFIX: 1

  find_library considered the following locations:

    /usr/local/cuda-13.2/targets/x86_64-linux/lib/nvidia/current//libnvrtc_builtins_static(\.so|\.a)
    /usr/local/cuda-13.2/targets/x86_64-linux/lib/lib64//libnvrtc_builtins_static(\.so|\.a)
    /usr/local/cuda-13.2/targets/x86_64-linux/lib/lib//libnvrtc_builtins_static(\.so|\.a)
    /usr/local/cuda-13.2/targets/x86_64-linux/lib/math_libs/13.2/lib64//libnvrtc_builtins_static(\.so|\.a)
    /usr/local/cuda-13.2/targets/x86_64-linux/lib/math_libs/lib64//libnvrtc_builtins_static(\.so|\.a)
    /usr/local/cuda-13.2/targets/x86_64-linux/lib//libnvrtc_builtins_static(\.so|\.a)
    /usr/local/cuda-13.2/targets/x86_64-linux/lib/stubs/nvidia/current//libnvrtc_builtins_static(\.so|\.a)
    /usr/local/cuda-13.2/targets/x86_64-linux/lib/stubs/lib64//libnvrtc_builtins_static(\.so|\.a)
    /usr/local/cuda-13.2/targets/x86_64-linux/lib/stubs/lib//libnvrtc_builtins_static(\.so|\.a)
    /usr/local/cuda-13.2/targets/x86_64-linux/lib/stubs/math_libs/13.2/lib64//libnvrtc_builtins_static(\.so|\.a)
    /usr/local/cuda-13.2/targets/x86_64-linux/lib/stubs/math_libs/lib64//libnvrtc_builtins_static(\.so|\.a)
    /usr/local/cuda-13.2/targets/x86_64-linux/lib/stubs//libnvrtc_builtins_static(\.so|\.a)
    /home/gridtest/opt/openmpi-5.0.10/bin/nvidia/current//libnvrtc_builtins_static(\.so|\.a)
    /home/gridtest/opt/openmpi-5.0.10/bin/lib64//libnvrtc_builtins_static(\.so|\.a)
    /home/gridtest/opt/openmpi-5.0.10/bin/lib//libnvrtc_builtins_static(\.so|\.a)
    /home/gridtest/opt/openmpi-5.0.10/bin/math_libs/13.2/lib64//libnvrtc_builtins_static(\.so|\.a)
    /home/gridtest/opt/openmpi-5.0.10/bin/math_libs/lib64//libnvrtc_builtins_static(\.so|\.a)
    /home/gridtest/opt/openmpi-5.0.10/bin//libnvrtc_builtins_static(\.so|\.a)
    /home/gridtest/opt/cmake-4.4.0-linux-x86_64/bin/nvidia/current//libnvrtc_builtins_static(\.so|\.a)
    /home/gridtest/opt/cmake-4.4.0-linux-x86_64/bin/lib64//libnvrtc_builtins_static(\.so|\.a)
    /home/gridtest/opt/cmake-4.4.0-linux-x86_64/bin/lib//libnvrtc_builtins_static(\.so|\.a)
    /home/gridtest/opt/cmake-4.4.0-linux-x86_64/bin/math_libs/13.2/lib64//libnvrtc_builtins_static(\.so|\.a)
    /home/gridtest/opt/cmake-4.4.0-linux-x86_64/bin/math_libs/lib64//libnvrtc_builtins_static(\.so|\.a)
    /home/gridtest/opt/cmake-4.4.0-linux-x86_64/bin//libnvrtc_builtins_static(\.so|\.a)
    /usr/local/cuda-13.2/bin/nvidia/current//libnvrtc_builtins_static(\.so|\.a)
    /usr/local/cuda-13.2/bin/lib64//libnvrtc_builtins_static(\.so|\.a)
    /usr/local/cuda-13.2/bin/lib//libnvrtc_builtins_static(\.so|\.a)
    /usr/local/cuda-13.2/bin/math_libs/13.2/lib64//libnvrtc_builtins_static(\.so|\.a)
    /usr/local/cuda-13.2/bin/math_libs/lib64//libnvrtc_builtins_static(\.so|\.a)
    /usr/local/cuda-13.2/bin//libnvrtc_builtins_static(\.so|\.a)
    /usr/local/sbin/nvidia/current//libnvrtc_builtins_static(\.so|\.a)
    /usr/local/sbin/lib64//libnvrtc_builtins_static(\.so|\.a)
    /usr/local/sbin/lib//libnvrtc_builtins_static(\.so|\.a)
    /usr/local/sbin/math_libs/13.2/lib64//libnvrtc_builtins_static(\.so|\.a)
    /usr/local/sbin/math_libs/lib64//libnvrtc_builtins_static(\.so|\.a)
    /usr/local/sbin//libnvrtc_builtins_static(\.so|\.a)
    /usr/local/bin/nvidia/current//libnvrtc_builtins_static(\.so|\.a)
    /usr/local/bin/lib64//libnvrtc_builtins_static(\.so|\.a)
    /usr/local/bin/lib//libnvrtc_builtins_static(\.so|\.a)
    /usr/local/bin/math_libs/13.2/lib64//libnvrtc_builtins_static(\.so|\.a)
    /usr/local/bin/math_libs/lib64//libnvrtc_builtins_static(\.so|\.a)
    /usr/local/bin//libnvrtc_builtins_static(\.so|\.a)
    /usr/sbin/nvidia/current//libnvrtc_builtins_static(\.so|\.a)
    /usr/sbin/lib64//libnvrtc_builtins_static(\.so|\.a)
    /usr/sbin/lib//libnvrtc_builtins_static(\.so|\.a)
    /usr/sbin/math_libs/13.2/lib64//libnvrtc_builtins_static(\.so|\.a)
    /usr/sbin/math_libs/lib64//libnvrtc_builtins_static(\.so|\.a)
    /usr/sbin//libnvrtc_builtins_static(\.so|\.a)
    /usr/bin/nvidia/current//libnvrtc_builtins_static(\.so|\.a)
    /usr/bin/lib64//libnvrtc_builtins_static(\.so|\.a)
    /usr/bin/lib//libnvrtc_builtins_static(\.so|\.a)
    /usr/bin/math_libs/13.2/lib64//libnvrtc_builtins_static(\.so|\.a)
    /usr/bin/math_libs/lib64//libnvrtc_builtins_static(\.so|\.a)
    /usr/bin//libnvrtc_builtins_static(\.so|\.a)
    /sbin/nvidia/current//libnvrtc_builtins_static(\.so|\.a)
    /sbin/lib64//libnvrtc_builtins_static(\.so|\.a)
    /sbin/lib//libnvrtc_builtins_static(\.so|\.a)
    /sbin/math_libs/13.2/lib64//libnvrtc_builtins_static(\.so|\.a)
    /sbin/math_libs/lib64//libnvrtc_builtins_static(\.so|\.a)
    /sbin//libnvrtc_builtins_static(\.so|\.a)
    /bin/nvidia/current//libnvrtc_builtins_static(\.so|\.a)
    /bin/lib64//libnvrtc_builtins_static(\.so|\.a)
    /bin/lib//libnvrtc_builtins_static(\.so|\.a)
    /bin/math_libs/13.2/lib64//libnvrtc_builtins_static(\.so|\.a)
    /bin/math_libs/lib64//libnvrtc_builtins_static(\.so|\.a)
    /bin//libnvrtc_builtins_static(\.so|\.a)
    /usr/games/nvidia/current//libnvrtc_builtins_static(\.so|\.a)
    /usr/games/lib64//libnvrtc_builtins_static(\.so|\.a)
    /usr/games/lib//libnvrtc_builtins_static(\.so|\.a)
    /usr/games/math_libs/13.2/lib64//libnvrtc_builtins_static(\.so|\.a)
    /usr/games/math_libs/lib64//libnvrtc_builtins_static(\.so|\.a)
    /usr/games//libnvrtc_builtins_static(\.so|\.a)
    /usr/local/games/nvidia/current//libnvrtc_builtins_static(\.so|\.a)
    /usr/local/games/lib64//libnvrtc_builtins_static(\.so|\.a)
    /usr/local/games/lib//libnvrtc_builtins_static(\.so|\.a)
    /usr/local/games/math_libs/13.2/lib64//libnvrtc_builtins_static(\.so|\.a)
    /usr/local/games/math_libs/lib64//libnvrtc_builtins_static(\.so|\.a)
    /usr/local/games//libnvrtc_builtins_static(\.so|\.a)
    /snap/bin/nvidia/current//libnvrtc_builtins_static(\.so|\.a)
    /snap/bin/lib64//libnvrtc_builtins_static(\.so|\.a)
    /snap/bin/lib//libnvrtc_builtins_static(\.so|\.a)
    /snap/bin/math_libs/13.2/lib64//libnvrtc_builtins_static(\.so|\.a)
    /snap/bin/math_libs/lib64//libnvrtc_builtins_static(\.so|\.a)
    /snap/bin//libnvrtc_builtins_static(\.so|\.a)
    /usr/local/lib/x86_64-linux-gnu/nvidia/current//libnvrtc_builtins_static(\.so|\.a)
    /usr/local/lib/x86_64-linux-gnu/lib64//libnvrtc_builtins_static(\.so|\.a)
    /usr/local/lib/x86_64-linux-gnu/lib//libnvrtc_builtins_static(\.so|\.a)
    /usr/local/lib/x86_64-linux-gnu/math_libs/13.2/lib64//libnvrtc_builtins_static(\.so|\.a)
    /usr/local/lib/x86_64-linux-gnu/math_libs/lib64//libnvrtc_builtins_static(\.so|\.a)
    /usr/local/lib/x86_64-linux-gnu//libnvrtc_builtins_static(\.so|\.a)
    /usr/local/lib/nvidia/current//libnvrtc_builtins_static(\.so|\.a)
    /usr/local/lib/lib64//libnvrtc_builtins_static(\.so|\.a)
    /usr/local/lib/lib//libnvrtc_builtins_static(\.so|\.a)
    /usr/local/lib/math_libs/13.2/lib64//libnvrtc_builtins_static(\.so|\.a)
    /usr/local/lib/math_libs/lib64//libnvrtc_builtins_static(\.so|\.a)
    /usr/local/lib//libnvrtc_builtins_static(\.so|\.a)
    /usr/local/nvidia/current//libnvrtc_builtins_static(\.so|\.a)
    /usr/local/lib64//libnvrtc_builtins_static(\.so|\.a)
    /usr/local/lib//libnvrtc_builtins_static(\.so|\.a)
    /usr/local/math_libs/13.2/lib64//libnvrtc_builtins_static(\.so|\.a)
    /usr/local/math_libs/lib64//libnvrtc_builtins_static(\.so|\.a)
    /usr/local//libnvrtc_builtins_static(\.so|\.a)
    /usr/lib/x86_64-linux-gnu/nvidia/current//libnvrtc_builtins_static(\.so|\.a)
    /usr/lib/x86_64-linux-gnu/lib64//libnvrtc_builtins_static(\.so|\.a)
    /usr/lib/x86_64-linux-gnu/lib//libnvrtc_builtins_static(\.so|\.a)
    /usr/lib/x86_64-linux-gnu/math_libs/13.2/lib64//libnvrtc_builtins_static(\.so|\.a)
    /usr/lib/x86_64-linux-gnu/math_libs/lib64//libnvrtc_builtins_static(\.so|\.a)
    /usr/lib/x86_64-linux-gnu//libnvrtc_builtins_static(\.so|\.a)
    /usr/lib/nvidia/current//libnvrtc_builtins_static(\.so|\.a)
    /usr/lib/lib64//libnvrtc_builtins_static(\.so|\.a)
    /usr/lib/lib//libnvrtc_builtins_static(\.so|\.a)
    /usr/lib/math_libs/13.2/lib64//libnvrtc_builtins_static(\.so|\.a)
    /usr/lib/math_libs/lib64//libnvrtc_builtins_static(\.so|\.a)
    /usr/lib//libnvrtc_builtins_static(\.so|\.a)
    /usr/nvidia/current//libnvrtc_builtins_static(\.so|\.a)
    /usr/lib64//libnvrtc_builtins_static(\.so|\.a)
    /usr/lib//libnvrtc_builtins_static(\.so|\.a)
    /usr/math_libs/13.2/lib64//libnvrtc_builtins_static(\.so|\.a)
    /usr/math_libs/lib64//libnvrtc_builtins_static(\.so|\.a)
    /usr//libnvrtc_builtins_static(\.so|\.a)
    /lib/x86_64-linux-gnu/nvidia/current//libnvrtc_builtins_static(\.so|\.a)
    /lib/x86_64-linux-gnu/lib64//libnvrtc_builtins_static(\.so|\.a)
    /lib/x86_64-linux-gnu/lib//libnvrtc_builtins_static(\.so|\.a)
    /lib/x86_64-linux-gnu/math_libs/13.2/lib64//libnvrtc_builtins_static(\.so|\.a)
    /lib/x86_64-linux-gnu/math_libs/lib64//libnvrtc_builtins_static(\.so|\.a)
    /lib/x86_64-linux-gnu//libnvrtc_builtins_static(\.so|\.a)
    /lib/nvidia/current//libnvrtc_builtins_static(\.so|\.a)
    /lib/lib64//libnvrtc_builtins_static(\.so|\.a)
    /lib/lib//libnvrtc_builtins_static(\.so|\.a)
    /lib/math_libs/13.2/lib64//libnvrtc_builtins_static(\.so|\.a)
    /lib/math_libs/lib64//libnvrtc_builtins_static(\.so|\.a)
    /lib//libnvrtc_builtins_static(\.so|\.a)
    /home/gridtest/opt/cmake-4.4.0-linux-x86_64/lib/x86_64-linux-gnu/nvidia/current//libnvrtc_builtins_static(\.so|\.a)
    /home/gridtest/opt/cmake-4.4.0-linux-x86_64/lib/x86_64-linux-gnu/lib64//libnvrtc_builtins_static(\.so|\.a)
    /home/gridtest/opt/cmake-4.4.0-linux-x86_64/lib/x86_64-linux-gnu/lib//libnvrtc_builtins_static(\.so|\.a)
    /home/gridtest/opt/cmake-4.4.0-linux-x86_64/lib/x86_64-linux-gnu/math_libs/13.2/lib64//libnvrtc_builtins_static(\.so|\.a)
    /home/gridtest/opt/cmake-4.4.0-linux-x86_64/lib/x86_64-linux-gnu/math_libs/lib64//libnvrtc_builtins_static(\.so|\.a)
    /home/gridtest/opt/cmake-4.4.0-linux-x86_64/lib/x86_64-linux-gnu//libnvrtc_builtins_static(\.so|\.a)
    /home/gridtest/opt/cmake-4.4.0-linux-x86_64/lib/nvidia/current//libnvrtc_builtins_static(\.so|\.a)
    /home/gridtest/opt/cmake-4.4.0-linux-x86_64/lib/lib64//libnvrtc_builtins_static(\.so|\.a)
    /home/gridtest/opt/cmake-4.4.0-linux-x86_64/lib/lib//libnvrtc_builtins_static(\.so|\.a)
    /home/gridtest/opt/cmake-4.4.0-linux-x86_64/lib/math_libs/13.2/lib64//libnvrtc_builtins_static(\.so|\.a)
    /home/gridtest/opt/cmake-4.4.0-linux-x86_64/lib/math_libs/lib64//libnvrtc_builtins_static(\.so|\.a)
    /home/gridtest/opt/cmake-4.4.0-linux-x86_64/lib//libnvrtc_builtins_static(\.so|\.a)
    /home/gridtest/opt/cmake-4.4.0-linux-x86_64/nvidia/current//libnvrtc_builtins_static(\.so|\.a)
    /home/gridtest/opt/cmake-4.4.0-linux-x86_64/lib64//libnvrtc_builtins_static(\.so|\.a)
    /home/gridtest/opt/cmake-4.4.0-linux-x86_64/lib//libnvrtc_builtins_static(\.so|\.a)
    /home/gridtest/opt/cmake-4.4.0-linux-x86_64/math_libs/13.2/lib64//libnvrtc_builtins_static(\.so|\.a)
    /home/gridtest/opt/cmake-4.4.0-linux-x86_64/math_libs/lib64//libnvrtc_builtins_static(\.so|\.a)
    /home/gridtest/opt/cmake-4.4.0-linux-x86_64//libnvrtc_builtins_static(\.so|\.a)
    /usr/X11R6/lib/x86_64-linux-gnu/nvidia/current//libnvrtc_builtins_static(\.so|\.a)
    /usr/X11R6/lib/x86_64-linux-gnu/lib64//libnvrtc_builtins_static(\.so|\.a)
    /usr/X11R6/lib/x86_64-linux-gnu/lib//libnvrtc_builtins_static(\.so|\.a)
    /usr/X11R6/lib/x86_64-linux-gnu/math_libs/13.2/lib64//libnvrtc_builtins_static(\.so|\.a)
    /usr/X11R6/lib/x86_64-linux-gnu/math_libs/lib64//libnvrtc_builtins_static(\.so|\.a)
    /usr/X11R6/lib/x86_64-linux-gnu//libnvrtc_builtins_static(\.so|\.a)
    /usr/X11R6/lib/nvidia/current//libnvrtc_builtins_static(\.so|\.a)
    /usr/X11R6/lib/lib64//libnvrtc_builtins_static(\.so|\.a)
    /usr/X11R6/lib/lib//libnvrtc_builtins_static(\.so|\.a)
    /usr/X11R6/lib/math_libs/13.2/lib64//libnvrtc_builtins_static(\.so|\.a)
    /usr/X11R6/lib/math_libs/lib64//libnvrtc_builtins_static(\.so|\.a)
    /usr/X11R6/lib//libnvrtc_builtins_static(\.so|\.a)
    /usr/X11R6/nvidia/current//libnvrtc_builtins_static(\.so|\.a)
    /usr/X11R6/lib64//libnvrtc_builtins_static(\.so|\.a)
    /usr/X11R6/lib//libnvrtc_builtins_static(\.so|\.a)
    /usr/X11R6/math_libs/13.2/lib64//libnvrtc_builtins_static(\.so|\.a)
    /usr/X11R6/math_libs/lib64//libnvrtc_builtins_static(\.so|\.a)
    /usr/X11R6//libnvrtc_builtins_static(\.so|\.a)
    /usr/pkg/lib/x86_64-linux-gnu/nvidia/current//libnvrtc_builtins_static(\.so|\.a)
    /usr/pkg/lib/x86_64-linux-gnu/lib64//libnvrtc_builtins_static(\.so|\.a)
    /usr/pkg/lib/x86_64-linux-gnu/lib//libnvrtc_builtins_static(\.so|\.a)
    /usr/pkg/lib/x86_64-linux-gnu/math_libs/13.2/lib64//libnvrtc_builtins_static(\.so|\.a)
    /usr/pkg/lib/x86_64-linux-gnu/math_libs/lib64//libnvrtc_builtins_static(\.so|\.a)
    /usr/pkg/lib/x86_64-linux-gnu//libnvrtc_builtins_static(\.so|\.a)
    /usr/pkg/lib/nvidia/current//libnvrtc_builtins_static(\.so|\.a)
    /usr/pkg/lib/lib64//libnvrtc_builtins_static(\.so|\.a)
    /usr/pkg/lib/lib//libnvrtc_builtins_static(\.so|\.a)
    /usr/pkg/lib/math_libs/13.2/lib64//libnvrtc_builtins_static(\.so|\.a)
    /usr/pkg/lib/math_libs/lib64//libnvrtc_builtins_static(\.so|\.a)
    /usr/pkg/lib//libnvrtc_builtins_static(\.so|\.a)
    /usr/pkg/nvidia/current//libnvrtc_builtins_static(\.so|\.a)
    /usr/pkg/lib64//libnvrtc_builtins_static(\.so|\.a)
    /usr/pkg/lib//libnvrtc_builtins_static(\.so|\.a)
    /usr/pkg/math_libs/13.2/lib64//libnvrtc_builtins_static(\.so|\.a)
    /usr/pkg/math_libs/lib64//libnvrtc_builtins_static(\.so|\.a)
    /usr/pkg//libnvrtc_builtins_static(\.so|\.a)
    /opt/lib/x86_64-linux-gnu/nvidia/current//libnvrtc_builtins_static(\.so|\.a)
    /opt/lib/x86_64-linux-gnu/lib64//libnvrtc_builtins_static(\.so|\.a)
    /opt/lib/x86_64-linux-gnu/lib//libnvrtc_builtins_static(\.so|\.a)
    /opt/lib/x86_64-linux-gnu/math_libs/13.2/lib64//libnvrtc_builtins_static(\.so|\.a)
    /opt/lib/x86_64-linux-gnu/math_libs/lib64//libnvrtc_builtins_static(\.so|\.a)
    /opt/lib/x86_64-linux-gnu//libnvrtc_builtins_static(\.so|\.a)
    /opt/lib/nvidia/current//libnvrtc_builtins_static(\.so|\.a)
    /opt/lib/lib64//libnvrtc_builtins_static(\.so|\.a)
    /opt/lib/lib//libnvrtc_builtins_static(\.so|\.a)
    /opt/lib/math_libs/13.2/lib64//libnvrtc_builtins_static(\.so|\.a)
    /opt/lib/math_libs/lib64//libnvrtc_builtins_static(\.so|\.a)
    /opt/lib//libnvrtc_builtins_static(\.so|\.a)
    /opt/nvidia/current//libnvrtc_builtins_static(\.so|\.a)
    /opt/lib64//libnvrtc_builtins_static(\.so|\.a)
    /opt/lib//libnvrtc_builtins_static(\.so|\.a)
    /opt/math_libs/13.2/lib64//libnvrtc_builtins_static(\.so|\.a)
    /opt/math_libs/lib64//libnvrtc_builtins_static(\.so|\.a)
    /opt//libnvrtc_builtins_static(\.so|\.a)
    /usr/lib/X11/nvidia/current//libnvrtc_builtins_static(\.so|\.a)
    /usr/lib/X11/lib64//libnvrtc_builtins_static(\.so|\.a)
    /usr/lib/X11/lib//libnvrtc_builtins_static(\.so|\.a)
    /usr/lib/X11/math_libs/13.2/lib64//libnvrtc_builtins_static(\.so|\.a)
    /usr/lib/X11/math_libs/lib64//libnvrtc_builtins_static(\.so|\.a)
    /usr/lib/X11//libnvrtc_builtins_static(\.so|\.a)
    /usr/local/cuda-13.2/targets/x86_64-linux/lib/nvidia/current//libnvrtc-builtins_static(\.so|\.a)
    /usr/local/cuda-13.2/targets/x86_64-linux/lib/lib64//libnvrtc-builtins_static(\.so|\.a)
    /usr/local/cuda-13.2/targets/x86_64-linux/lib/lib//libnvrtc-builtins_static(\.so|\.a)
    /usr/local/cuda-13.2/targets/x86_64-linux/lib/math_libs/13.2/lib64//libnvrtc-builtins_static(\.so|\.a)
    /usr/local/cuda-13.2/targets/x86_64-linux/lib/math_libs/lib64//libnvrtc-builtins_static(\.so|\.a)

  The item was found at

    /usr/local/cuda-13.2/targets/x86_64-linux/lib/libnvrtc-builtins_static.a

Call Stack (most recent call first):
  /home/gridtest/opt/cmake-4.4.0-linux-x86_64/share/cmake-4.4/Modules/FindCUDAToolkit.cmake:1506 (_CUDAToolkit_find_and_add_import_lib)
  CMakeLists.txt:4 (find_package)


CMake Debug Log at /home/gridtest/opt/cmake-4.4.0-linux-x86_64/share/cmake-4.4/Modules/FindCUDAToolkit.cmake:1283 (find_library):
  find_library called with the following settings:

    VAR: CUDA_nvrtc_static_LIBRARY
    NAMES: "nvrtc_static"
    Documentation: Path to a library.
    Framework
      Only Search Frameworks: 0
      Search Frameworks Last: 0
      Search Frameworks First: 0
    AppBundle
      Only Search AppBundle: 0
      Search AppBundle Last: 0
      Search AppBundle First: 0
    CMAKE_FIND_USE_CMAKE_PATH: 1
    CMAKE_FIND_USE_CMAKE_ENVIRONMENT_PATH: 1
    CMAKE_FIND_USE_SYSTEM_ENVIRONMENT_PATH: 1
    CMAKE_FIND_USE_CMAKE_SYSTEM_PATH: 1
    CMAKE_FIND_USE_INSTALL_PREFIX: 1

  find_library considered the following locations:

    /usr/local/cuda-13.2/targets/x86_64-linux/lib/nvidia/current//libnvrtc_static(\.so|\.a)
    /usr/local/cuda-13.2/targets/x86_64-linux/lib/lib64//libnvrtc_static(\.so|\.a)
    /usr/local/cuda-13.2/targets/x86_64-linux/lib/lib//libnvrtc_static(\.so|\.a)
    /usr/local/cuda-13.2/targets/x86_64-linux/lib/math_libs/13.2/lib64//libnvrtc_static(\.so|\.a)
    /usr/local/cuda-13.2/targets/x86_64-linux/lib/math_libs/lib64//libnvrtc_static(\.so|\.a)

  The item was found at

    /usr/local/cuda-13.2/targets/x86_64-linux/lib/libnvrtc_static.a

Call Stack (most recent call first):
  /home/gridtest/opt/cmake-4.4.0-linux-x86_64/share/cmake-4.4/Modules/FindCUDAToolkit.cmake:1508 (_CUDAToolkit_find_and_add_import_lib)
  CMakeLists.txt:4 (find_package)


CMake Debug Log at /home/gridtest/opt/cmake-4.4.0-linux-x86_64/share/cmake-4.4/Modules/FindCUDAToolkit.cmake:1283 (find_library):
  find_library called with the following settings:

    VAR: CUDA_nvml_LIBRARY
    NAMES: "nvml"
           "nvidia-ml"
           "nvml"
    Documentation: Path to a library.
    Framework
      Only Search Frameworks: 0
      Search Frameworks Last: 0
      Search Frameworks First: 0
    AppBundle
      Only Search AppBundle: 0
      Search AppBundle Last: 0
      Search AppBundle First: 0
    CMAKE_FIND_USE_CMAKE_PATH: 1
    CMAKE_FIND_USE_CMAKE_ENVIRONMENT_PATH: 1
    CMAKE_FIND_USE_SYSTEM_ENVIRONMENT_PATH: 1
    CMAKE_FIND_USE_CMAKE_SYSTEM_PATH: 1
    CMAKE_FIND_USE_INSTALL_PREFIX: 1

  find_library considered the following locations:

    /usr/local/cuda-13.2/targets/x86_64-linux/lib/nvidia/current//libnvml(\.so|\.a)
    /usr/local/cuda-13.2/targets/x86_64-linux/lib/lib64//libnvml(\.so|\.a)
    /usr/local/cuda-13.2/targets/x86_64-linux/lib/lib//libnvml(\.so|\.a)
    /usr/local/cuda-13.2/targets/x86_64-linux/lib/math_libs/13.2/lib64//libnvml(\.so|\.a)
    /usr/local/cuda-13.2/targets/x86_64-linux/lib/math_libs/lib64//libnvml(\.so|\.a)
    /usr/local/cuda-13.2/targets/x86_64-linux/lib//libnvml(\.so|\.a)
    /usr/local/cuda-13.2/targets/x86_64-linux/lib/stubs/nvidia/current//libnvml(\.so|\.a)
    /usr/local/cuda-13.2/targets/x86_64-linux/lib/stubs/lib64//libnvml(\.so|\.a)
    /usr/local/cuda-13.2/targets/x86_64-linux/lib/stubs/lib//libnvml(\.so|\.a)
    /usr/local/cuda-13.2/targets/x86_64-linux/lib/stubs/math_libs/13.2/lib64//libnvml(\.so|\.a)
    /usr/local/cuda-13.2/targets/x86_64-linux/lib/stubs/math_libs/lib64//libnvml(\.so|\.a)
    /usr/local/cuda-13.2/targets/x86_64-linux/lib/stubs//libnvml(\.so|\.a)
    /home/gridtest/opt/openmpi-5.0.10/bin/nvidia/current//libnvml(\.so|\.a)
    /home/gridtest/opt/openmpi-5.0.10/bin/lib64//libnvml(\.so|\.a)
    /home/gridtest/opt/openmpi-5.0.10/bin/lib//libnvml(\.so|\.a)
    /home/gridtest/opt/openmpi-5.0.10/bin/math_libs/13.2/lib64//libnvml(\.so|\.a)
    /home/gridtest/opt/openmpi-5.0.10/bin/math_libs/lib64//libnvml(\.so|\.a)
    /home/gridtest/opt/openmpi-5.0.10/bin//libnvml(\.so|\.a)
    /home/gridtest/opt/cmake-4.4.0-linux-x86_64/bin/nvidia/current//libnvml(\.so|\.a)
    /home/gridtest/opt/cmake-4.4.0-linux-x86_64/bin/lib64//libnvml(\.so|\.a)
    /home/gridtest/opt/cmake-4.4.0-linux-x86_64/bin/lib//libnvml(\.so|\.a)
    /home/gridtest/opt/cmake-4.4.0-linux-x86_64/bin/math_libs/13.2/lib64//libnvml(\.so|\.a)
    /home/gridtest/opt/cmake-4.4.0-linux-x86_64/bin/math_libs/lib64//libnvml(\.so|\.a)
    /home/gridtest/opt/cmake-4.4.0-linux-x86_64/bin//libnvml(\.so|\.a)
    /usr/local/cuda-13.2/bin/nvidia/current//libnvml(\.so|\.a)
    /usr/local/cuda-13.2/bin/lib64//libnvml(\.so|\.a)
    /usr/local/cuda-13.2/bin/lib//libnvml(\.so|\.a)
    /usr/local/cuda-13.2/bin/math_libs/13.2/lib64//libnvml(\.so|\.a)
    /usr/local/cuda-13.2/bin/math_libs/lib64//libnvml(\.so|\.a)
    /usr/local/cuda-13.2/bin//libnvml(\.so|\.a)
    /usr/local/sbin/nvidia/current//libnvml(\.so|\.a)
    /usr/local/sbin/lib64//libnvml(\.so|\.a)
    /usr/local/sbin/lib//libnvml(\.so|\.a)
    /usr/local/sbin/math_libs/13.2/lib64//libnvml(\.so|\.a)
    /usr/local/sbin/math_libs/lib64//libnvml(\.so|\.a)
    /usr/local/sbin//libnvml(\.so|\.a)
    /usr/local/bin/nvidia/current//libnvml(\.so|\.a)
    /usr/local/bin/lib64//libnvml(\.so|\.a)
    /usr/local/bin/lib//libnvml(\.so|\.a)
    /usr/local/bin/math_libs/13.2/lib64//libnvml(\.so|\.a)
    /usr/local/bin/math_libs/lib64//libnvml(\.so|\.a)
    /usr/local/bin//libnvml(\.so|\.a)
    /usr/sbin/nvidia/current//libnvml(\.so|\.a)
    /usr/sbin/lib64//libnvml(\.so|\.a)
    /usr/sbin/lib//libnvml(\.so|\.a)
    /usr/sbin/math_libs/13.2/lib64//libnvml(\.so|\.a)
    /usr/sbin/math_libs/lib64//libnvml(\.so|\.a)
    /usr/sbin//libnvml(\.so|\.a)
    /usr/bin/nvidia/current//libnvml(\.so|\.a)
    /usr/bin/lib64//libnvml(\.so|\.a)
    /usr/bin/lib//libnvml(\.so|\.a)
    /usr/bin/math_libs/13.2/lib64//libnvml(\.so|\.a)
    /usr/bin/math_libs/lib64//libnvml(\.so|\.a)
    /usr/bin//libnvml(\.so|\.a)
    /sbin/nvidia/current//libnvml(\.so|\.a)
    /sbin/lib64//libnvml(\.so|\.a)
    /sbin/lib//libnvml(\.so|\.a)
    /sbin/math_libs/13.2/lib64//libnvml(\.so|\.a)
    /sbin/math_libs/lib64//libnvml(\.so|\.a)
    /sbin//libnvml(\.so|\.a)
    /bin/nvidia/current//libnvml(\.so|\.a)
    /bin/lib64//libnvml(\.so|\.a)
    /bin/lib//libnvml(\.so|\.a)
    /bin/math_libs/13.2/lib64//libnvml(\.so|\.a)
    /bin/math_libs/lib64//libnvml(\.so|\.a)
    /bin//libnvml(\.so|\.a)
    /usr/games/nvidia/current//libnvml(\.so|\.a)
    /usr/games/lib64//libnvml(\.so|\.a)
    /usr/games/lib//libnvml(\.so|\.a)
    /usr/games/math_libs/13.2/lib64//libnvml(\.so|\.a)
    /usr/games/math_libs/lib64//libnvml(\.so|\.a)
    /usr/games//libnvml(\.so|\.a)
    /usr/local/games/nvidia/current//libnvml(\.so|\.a)
    /usr/local/games/lib64//libnvml(\.so|\.a)
    /usr/local/games/lib//libnvml(\.so|\.a)
    /usr/local/games/math_libs/13.2/lib64//libnvml(\.so|\.a)
    /usr/local/games/math_libs/lib64//libnvml(\.so|\.a)
    /usr/local/games//libnvml(\.so|\.a)
    /snap/bin/nvidia/current//libnvml(\.so|\.a)
    /snap/bin/lib64//libnvml(\.so|\.a)
    /snap/bin/lib//libnvml(\.so|\.a)
    /snap/bin/math_libs/13.2/lib64//libnvml(\.so|\.a)
    /snap/bin/math_libs/lib64//libnvml(\.so|\.a)
    /snap/bin//libnvml(\.so|\.a)
    /usr/local/lib/x86_64-linux-gnu/nvidia/current//libnvml(\.so|\.a)
    /usr/local/lib/x86_64-linux-gnu/lib64//libnvml(\.so|\.a)
    /usr/local/lib/x86_64-linux-gnu/lib//libnvml(\.so|\.a)
    /usr/local/lib/x86_64-linux-gnu/math_libs/13.2/lib64//libnvml(\.so|\.a)
    /usr/local/lib/x86_64-linux-gnu/math_libs/lib64//libnvml(\.so|\.a)
    /usr/local/lib/x86_64-linux-gnu//libnvml(\.so|\.a)
    /usr/local/lib/nvidia/current//libnvml(\.so|\.a)
    /usr/local/lib/lib64//libnvml(\.so|\.a)
    /usr/local/lib/lib//libnvml(\.so|\.a)
    /usr/local/lib/math_libs/13.2/lib64//libnvml(\.so|\.a)
    /usr/local/lib/math_libs/lib64//libnvml(\.so|\.a)
    /usr/local/lib//libnvml(\.so|\.a)
    /usr/local/nvidia/current//libnvml(\.so|\.a)
    /usr/local/lib64//libnvml(\.so|\.a)
    /usr/local/lib//libnvml(\.so|\.a)
    /usr/local/math_libs/13.2/lib64//libnvml(\.so|\.a)
    /usr/local/math_libs/lib64//libnvml(\.so|\.a)
    /usr/local//libnvml(\.so|\.a)
    /usr/lib/x86_64-linux-gnu/nvidia/current//libnvml(\.so|\.a)
    /usr/lib/x86_64-linux-gnu/lib64//libnvml(\.so|\.a)
    /usr/lib/x86_64-linux-gnu/lib//libnvml(\.so|\.a)
    /usr/lib/x86_64-linux-gnu/math_libs/13.2/lib64//libnvml(\.so|\.a)
    /usr/lib/x86_64-linux-gnu/math_libs/lib64//libnvml(\.so|\.a)
    /usr/lib/x86_64-linux-gnu//libnvml(\.so|\.a)
    /usr/lib/nvidia/current//libnvml(\.so|\.a)
    /usr/lib/lib64//libnvml(\.so|\.a)
    /usr/lib/lib//libnvml(\.so|\.a)
    /usr/lib/math_libs/13.2/lib64//libnvml(\.so|\.a)
    /usr/lib/math_libs/lib64//libnvml(\.so|\.a)
    /usr/lib//libnvml(\.so|\.a)
    /usr/nvidia/current//libnvml(\.so|\.a)
    /usr/lib64//libnvml(\.so|\.a)
    /usr/lib//libnvml(\.so|\.a)
    /usr/math_libs/13.2/lib64//libnvml(\.so|\.a)
    /usr/math_libs/lib64//libnvml(\.so|\.a)
    /usr//libnvml(\.so|\.a)
    /lib/x86_64-linux-gnu/nvidia/current//libnvml(\.so|\.a)
    /lib/x86_64-linux-gnu/lib64//libnvml(\.so|\.a)
    /lib/x86_64-linux-gnu/lib//libnvml(\.so|\.a)
    /lib/x86_64-linux-gnu/math_libs/13.2/lib64//libnvml(\.so|\.a)
    /lib/x86_64-linux-gnu/math_libs/lib64//libnvml(\.so|\.a)
    /lib/x86_64-linux-gnu//libnvml(\.so|\.a)
    /lib/nvidia/current//libnvml(\.so|\.a)
    /lib/lib64//libnvml(\.so|\.a)
    /lib/lib//libnvml(\.so|\.a)
    /lib/math_libs/13.2/lib64//libnvml(\.so|\.a)
    /lib/math_libs/lib64//libnvml(\.so|\.a)
    /lib//libnvml(\.so|\.a)
    /home/gridtest/opt/cmake-4.4.0-linux-x86_64/lib/x86_64-linux-gnu/nvidia/current//libnvml(\.so|\.a)
    /home/gridtest/opt/cmake-4.4.0-linux-x86_64/lib/x86_64-linux-gnu/lib64//libnvml(\.so|\.a)
    /home/gridtest/opt/cmake-4.4.0-linux-x86_64/lib/x86_64-linux-gnu/lib//libnvml(\.so|\.a)
    /home/gridtest/opt/cmake-4.4.0-linux-x86_64/lib/x86_64-linux-gnu/math_libs/13.2/lib64//libnvml(\.so|\.a)
    /home/gridtest/opt/cmake-4.4.0-linux-x86_64/lib/x86_64-linux-gnu/math_libs/lib64//libnvml(\.so|\.a)
    /home/gridtest/opt/cmake-4.4.0-linux-x86_64/lib/x86_64-linux-gnu//libnvml(\.so|\.a)
    /home/gridtest/opt/cmake-4.4.0-linux-x86_64/lib/nvidia/current//libnvml(\.so|\.a)
    /home/gridtest/opt/cmake-4.4.0-linux-x86_64/lib/lib64//libnvml(\.so|\.a)
    /home/gridtest/opt/cmake-4.4.0-linux-x86_64/lib/lib//libnvml(\.so|\.a)
    /home/gridtest/opt/cmake-4.4.0-linux-x86_64/lib/math_libs/13.2/lib64//libnvml(\.so|\.a)
    /home/gridtest/opt/cmake-4.4.0-linux-x86_64/lib/math_libs/lib64//libnvml(\.so|\.a)
    /home/gridtest/opt/cmake-4.4.0-linux-x86_64/lib//libnvml(\.so|\.a)
    /home/gridtest/opt/cmake-4.4.0-linux-x86_64/nvidia/current//libnvml(\.so|\.a)
    /home/gridtest/opt/cmake-4.4.0-linux-x86_64/lib64//libnvml(\.so|\.a)
    /home/gridtest/opt/cmake-4.4.0-linux-x86_64/lib//libnvml(\.so|\.a)
    /home/gridtest/opt/cmake-4.4.0-linux-x86_64/math_libs/13.2/lib64//libnvml(\.so|\.a)
    /home/gridtest/opt/cmake-4.4.0-linux-x86_64/math_libs/lib64//libnvml(\.so|\.a)
    /home/gridtest/opt/cmake-4.4.0-linux-x86_64//libnvml(\.so|\.a)
    /usr/X11R6/lib/x86_64-linux-gnu/nvidia/current//libnvml(\.so|\.a)
    /usr/X11R6/lib/x86_64-linux-gnu/lib64//libnvml(\.so|\.a)
    /usr/X11R6/lib/x86_64-linux-gnu/lib//libnvml(\.so|\.a)
    /usr/X11R6/lib/x86_64-linux-gnu/math_libs/13.2/lib64//libnvml(\.so|\.a)
    /usr/X11R6/lib/x86_64-linux-gnu/math_libs/lib64//libnvml(\.so|\.a)
    /usr/X11R6/lib/x86_64-linux-gnu//libnvml(\.so|\.a)
    /usr/X11R6/lib/nvidia/current//libnvml(\.so|\.a)
    /usr/X11R6/lib/lib64//libnvml(\.so|\.a)
    /usr/X11R6/lib/lib//libnvml(\.so|\.a)
    /usr/X11R6/lib/math_libs/13.2/lib64//libnvml(\.so|\.a)
    /usr/X11R6/lib/math_libs/lib64//libnvml(\.so|\.a)
    /usr/X11R6/lib//libnvml(\.so|\.a)
    /usr/X11R6/nvidia/current//libnvml(\.so|\.a)
    /usr/X11R6/lib64//libnvml(\.so|\.a)
    /usr/X11R6/lib//libnvml(\.so|\.a)
    /usr/X11R6/math_libs/13.2/lib64//libnvml(\.so|\.a)
    /usr/X11R6/math_libs/lib64//libnvml(\.so|\.a)
    /usr/X11R6//libnvml(\.so|\.a)
    /usr/pkg/lib/x86_64-linux-gnu/nvidia/current//libnvml(\.so|\.a)
    /usr/pkg/lib/x86_64-linux-gnu/lib64//libnvml(\.so|\.a)
    /usr/pkg/lib/x86_64-linux-gnu/lib//libnvml(\.so|\.a)
    /usr/pkg/lib/x86_64-linux-gnu/math_libs/13.2/lib64//libnvml(\.so|\.a)
    /usr/pkg/lib/x86_64-linux-gnu/math_libs/lib64//libnvml(\.so|\.a)
    /usr/pkg/lib/x86_64-linux-gnu//libnvml(\.so|\.a)
    /usr/pkg/lib/nvidia/current//libnvml(\.so|\.a)
    /usr/pkg/lib/lib64//libnvml(\.so|\.a)
    /usr/pkg/lib/lib//libnvml(\.so|\.a)
    /usr/pkg/lib/math_libs/13.2/lib64//libnvml(\.so|\.a)
    /usr/pkg/lib/math_libs/lib64//libnvml(\.so|\.a)
    /usr/pkg/lib//libnvml(\.so|\.a)
    /usr/pkg/nvidia/current//libnvml(\.so|\.a)
    /usr/pkg/lib64//libnvml(\.so|\.a)
    /usr/pkg/lib//libnvml(\.so|\.a)
    /usr/pkg/math_libs/13.2/lib64//libnvml(\.so|\.a)
    /usr/pkg/math_libs/lib64//libnvml(\.so|\.a)
    /usr/pkg//libnvml(\.so|\.a)
    /opt/lib/x86_64-linux-gnu/nvidia/current//libnvml(\.so|\.a)
    /opt/lib/x86_64-linux-gnu/lib64//libnvml(\.so|\.a)
    /opt/lib/x86_64-linux-gnu/lib//libnvml(\.so|\.a)
    /opt/lib/x86_64-linux-gnu/math_libs/13.2/lib64//libnvml(\.so|\.a)
    /opt/lib/x86_64-linux-gnu/math_libs/lib64//libnvml(\.so|\.a)
    /opt/lib/x86_64-linux-gnu//libnvml(\.so|\.a)
    /opt/lib/nvidia/current//libnvml(\.so|\.a)
    /opt/lib/lib64//libnvml(\.so|\.a)
    /opt/lib/lib//libnvml(\.so|\.a)
    /opt/lib/math_libs/13.2/lib64//libnvml(\.so|\.a)
    /opt/lib/math_libs/lib64//libnvml(\.so|\.a)
    /opt/lib//libnvml(\.so|\.a)
    /opt/nvidia/current//libnvml(\.so|\.a)
    /opt/lib64//libnvml(\.so|\.a)
    /opt/lib//libnvml(\.so|\.a)
    /opt/math_libs/13.2/lib64//libnvml(\.so|\.a)
    /opt/math_libs/lib64//libnvml(\.so|\.a)
    /opt//libnvml(\.so|\.a)
    /usr/lib/X11/nvidia/current//libnvml(\.so|\.a)
    /usr/lib/X11/lib64//libnvml(\.so|\.a)
    /usr/lib/X11/lib//libnvml(\.so|\.a)
    /usr/lib/X11/math_libs/13.2/lib64//libnvml(\.so|\.a)
    /usr/lib/X11/math_libs/lib64//libnvml(\.so|\.a)
    /usr/lib/X11//libnvml(\.so|\.a)
    /usr/local/cuda-13.2/targets/x86_64-linux/lib/nvidia/current//libnvidia-ml(\.so|\.a)
    /usr/local/cuda-13.2/targets/x86_64-linux/lib/lib64//libnvidia-ml(\.so|\.a)
    /usr/local/cuda-13.2/targets/x86_64-linux/lib/lib//libnvidia-ml(\.so|\.a)
    /usr/local/cuda-13.2/targets/x86_64-linux/lib/math_libs/13.2/lib64//libnvidia-ml(\.so|\.a)
    /usr/local/cuda-13.2/targets/x86_64-linux/lib/math_libs/lib64//libnvidia-ml(\.so|\.a)
    /usr/local/cuda-13.2/targets/x86_64-linux/lib//libnvidia-ml(\.so|\.a)
    /usr/local/cuda-13.2/targets/x86_64-linux/lib/stubs/nvidia/current//libnvidia-ml(\.so|\.a)
    /usr/local/cuda-13.2/targets/x86_64-linux/lib/stubs/lib64//libnvidia-ml(\.so|\.a)
    /usr/local/cuda-13.2/targets/x86_64-linux/lib/stubs/lib//libnvidia-ml(\.so|\.a)
    /usr/local/cuda-13.2/targets/x86_64-linux/lib/stubs/math_libs/13.2/lib64//libnvidia-ml(\.so|\.a)
    /usr/local/cuda-13.2/targets/x86_64-linux/lib/stubs/math_libs/lib64//libnvidia-ml(\.so|\.a)

  The item was found at

    /usr/local/cuda-13.2/targets/x86_64-linux/lib/stubs/libnvidia-ml.so

Call Stack (most recent call first):
  /home/gridtest/opt/cmake-4.4.0-linux-x86_64/share/cmake-4.4/Modules/FindCUDAToolkit.cmake:1515 (_CUDAToolkit_find_and_add_import_lib)
  CMakeLists.txt:4 (find_package)


CMake Debug Log at /home/gridtest/opt/cmake-4.4.0-linux-x86_64/share/cmake-4.4/Modules/FindCUDAToolkit.cmake:1283 (find_library):
  find_library called with the following settings:

    VAR: CUDA_nvml_static_LIBRARY
    NAMES: "libnvidia-ml.a"
           "libnvml.a"
    Documentation: Path to a library.
    Framework
      Only Search Frameworks: 0
      Search Frameworks Last: 0
      Search Frameworks First: 0
    AppBundle
      Only Search AppBundle: 0
      Search AppBundle Last: 0
      Search AppBundle First: 0
    CMAKE_FIND_USE_CMAKE_PATH: 1
    CMAKE_FIND_USE_CMAKE_ENVIRONMENT_PATH: 1
    CMAKE_FIND_USE_SYSTEM_ENVIRONMENT_PATH: 1
    CMAKE_FIND_USE_CMAKE_SYSTEM_PATH: 1
    CMAKE_FIND_USE_INSTALL_PREFIX: 1

  find_library considered the following locations:

    /usr/local/cuda-13.2/targets/x86_64-linux/lib/nvidia/current//liblibnvidia-ml.a(\.so|\.a)
    /usr/local/cuda-13.2/targets/x86_64-linux/lib/nvidia/current//liblibnvidia-ml.a(\.so|\.a)
    /usr/local/cuda-13.2/targets/x86_64-linux/lib/lib64//liblibnvidia-ml.a(\.so|\.a)
    /usr/local/cuda-13.2/targets/x86_64-linux/lib/lib64//liblibnvidia-ml.a(\.so|\.a)
    /usr/local/cuda-13.2/targets/x86_64-linux/lib/lib//liblibnvidia-ml.a(\.so|\.a)
    /usr/local/cuda-13.2/targets/x86_64-linux/lib/lib//liblibnvidia-ml.a(\.so|\.a)
    /usr/local/cuda-13.2/targets/x86_64-linux/lib/math_libs/13.2/lib64//liblibnvidia-ml.a(\.so|\.a)
    /usr/local/cuda-13.2/targets/x86_64-linux/lib/math_libs/13.2/lib64//liblibnvidia-ml.a(\.so|\.a)
    /usr/local/cuda-13.2/targets/x86_64-linux/lib/math_libs/lib64//liblibnvidia-ml.a(\.so|\.a)
    /usr/local/cuda-13.2/targets/x86_64-linux/lib/math_libs/lib64//liblibnvidia-ml.a(\.so|\.a)
    /usr/local/cuda-13.2/targets/x86_64-linux/lib//liblibnvidia-ml.a(\.so|\.a)
    /usr/local/cuda-13.2/targets/x86_64-linux/lib//liblibnvidia-ml.a(\.so|\.a)
    /usr/local/cuda-13.2/targets/x86_64-linux/lib/stubs/nvidia/current//liblibnvidia-ml.a(\.so|\.a)
    /usr/local/cuda-13.2/targets/x86_64-linux/lib/stubs/nvidia/current//liblibnvidia-ml.a(\.so|\.a)
    /usr/local/cuda-13.2/targets/x86_64-linux/lib/stubs/lib64//liblibnvidia-ml.a(\.so|\.a)
    /usr/local/cuda-13.2/targets/x86_64-linux/lib/stubs/lib64//liblibnvidia-ml.a(\.so|\.a)
    /usr/local/cuda-13.2/targets/x86_64-linux/lib/stubs/lib//liblibnvidia-ml.a(\.so|\.a)
    /usr/local/cuda-13.2/targets/x86_64-linux/lib/stubs/lib//liblibnvidia-ml.a(\.so|\.a)
    /usr/local/cuda-13.2/targets/x86_64-linux/lib/stubs/math_libs/13.2/lib64//liblibnvidia-ml.a(\.so|\.a)
    /usr/local/cuda-13.2/targets/x86_64-linux/lib/stubs/math_libs/13.2/lib64//liblibnvidia-ml.a(\.so|\.a)
    /usr/local/cuda-13.2/targets/x86_64-linux/lib/stubs/math_libs/lib64//liblibnvidia-ml.a(\.so|\.a)
    /usr/local/cuda-13.2/targets/x86_64-linux/lib/stubs/math_libs/lib64//liblibnvidia-ml.a(\.so|\.a)

  The item was found at

    /usr/local/cuda-13.2/targets/x86_64-linux/lib/stubs/libnvidia-ml.a

Call Stack (most recent call first):
  /home/gridtest/opt/cmake-4.4.0-linux-x86_64/share/cmake-4.4/Modules/FindCUDAToolkit.cmake:1517 (_CUDAToolkit_find_and_add_import_lib)
  CMakeLists.txt:4 (find_package)


CMake Debug Log at /home/gridtest/opt/cmake-4.4.0-linux-x86_64/share/cmake-4.4/Modules/FindCUDAToolkit.cmake:1283 (find_library):
  find_library called with the following settings:

    VAR: CUDA_nvtx3_interop_LIBRARY
    NAMES: "nvtx3_interop"
           "nvtx3interop"
    Documentation: Path to a library.
    Framework
      Only Search Frameworks: 0
      Search Frameworks Last: 0
      Search Frameworks First: 0
    AppBundle
      Only Search AppBundle: 0
      Search AppBundle Last: 0
      Search AppBundle First: 0
    CMAKE_FIND_USE_CMAKE_PATH: 1
    CMAKE_FIND_USE_CMAKE_ENVIRONMENT_PATH: 1
    CMAKE_FIND_USE_SYSTEM_ENVIRONMENT_PATH: 1
    CMAKE_FIND_USE_CMAKE_SYSTEM_PATH: 1
    CMAKE_FIND_USE_INSTALL_PREFIX: 1

  find_library considered the following locations:

    /usr/local/cuda-13.2/targets/x86_64-linux/lib/nvidia/current//libnvtx3_interop(\.so|\.a)
    /usr/local/cuda-13.2/targets/x86_64-linux/lib/lib64//libnvtx3_interop(\.so|\.a)
    /usr/local/cuda-13.2/targets/x86_64-linux/lib/lib//libnvtx3_interop(\.so|\.a)
    /usr/local/cuda-13.2/targets/x86_64-linux/lib/math_libs/13.2/lib64//libnvtx3_interop(\.so|\.a)
    /usr/local/cuda-13.2/targets/x86_64-linux/lib/math_libs/lib64//libnvtx3_interop(\.so|\.a)
    /usr/local/cuda-13.2/targets/x86_64-linux/lib//libnvtx3_interop(\.so|\.a)
    /usr/local/cuda-13.2/targets/x86_64-linux/lib/stubs/nvidia/current//libnvtx3_interop(\.so|\.a)
    /usr/local/cuda-13.2/targets/x86_64-linux/lib/stubs/lib64//libnvtx3_interop(\.so|\.a)
    /usr/local/cuda-13.2/targets/x86_64-linux/lib/stubs/lib//libnvtx3_interop(\.so|\.a)
    /usr/local/cuda-13.2/targets/x86_64-linux/lib/stubs/math_libs/13.2/lib64//libnvtx3_interop(\.so|\.a)
    /usr/local/cuda-13.2/targets/x86_64-linux/lib/stubs/math_libs/lib64//libnvtx3_interop(\.so|\.a)
    /usr/local/cuda-13.2/targets/x86_64-linux/lib/stubs//libnvtx3_interop(\.so|\.a)
    /home/gridtest/opt/openmpi-5.0.10/bin/nvidia/current//libnvtx3_interop(\.so|\.a)
    /home/gridtest/opt/openmpi-5.0.10/bin/lib64//libnvtx3_interop(\.so|\.a)
    /home/gridtest/opt/openmpi-5.0.10/bin/lib//libnvtx3_interop(\.so|\.a)
    /home/gridtest/opt/openmpi-5.0.10/bin/math_libs/13.2/lib64//libnvtx3_interop(\.so|\.a)
    /home/gridtest/opt/openmpi-5.0.10/bin/math_libs/lib64//libnvtx3_interop(\.so|\.a)
    /home/gridtest/opt/openmpi-5.0.10/bin//libnvtx3_interop(\.so|\.a)
    /home/gridtest/opt/cmake-4.4.0-linux-x86_64/bin/nvidia/current//libnvtx3_interop(\.so|\.a)
    /home/gridtest/opt/cmake-4.4.0-linux-x86_64/bin/lib64//libnvtx3_interop(\.so|\.a)
    /home/gridtest/opt/cmake-4.4.0-linux-x86_64/bin/lib//libnvtx3_interop(\.so|\.a)
    /home/gridtest/opt/cmake-4.4.0-linux-x86_64/bin/math_libs/13.2/lib64//libnvtx3_interop(\.so|\.a)
    /home/gridtest/opt/cmake-4.4.0-linux-x86_64/bin/math_libs/lib64//libnvtx3_interop(\.so|\.a)
    /home/gridtest/opt/cmake-4.4.0-linux-x86_64/bin//libnvtx3_interop(\.so|\.a)
    /usr/local/cuda-13.2/bin/nvidia/current//libnvtx3_interop(\.so|\.a)
    /usr/local/cuda-13.2/bin/lib64//libnvtx3_interop(\.so|\.a)
    /usr/local/cuda-13.2/bin/lib//libnvtx3_interop(\.so|\.a)
    /usr/local/cuda-13.2/bin/math_libs/13.2/lib64//libnvtx3_interop(\.so|\.a)
    /usr/local/cuda-13.2/bin/math_libs/lib64//libnvtx3_interop(\.so|\.a)
    /usr/local/cuda-13.2/bin//libnvtx3_interop(\.so|\.a)
    /usr/local/sbin/nvidia/current//libnvtx3_interop(\.so|\.a)
    /usr/local/sbin/lib64//libnvtx3_interop(\.so|\.a)
    /usr/local/sbin/lib//libnvtx3_interop(\.so|\.a)
    /usr/local/sbin/math_libs/13.2/lib64//libnvtx3_interop(\.so|\.a)
    /usr/local/sbin/math_libs/lib64//libnvtx3_interop(\.so|\.a)
    /usr/local/sbin//libnvtx3_interop(\.so|\.a)
    /usr/local/bin/nvidia/current//libnvtx3_interop(\.so|\.a)
    /usr/local/bin/lib64//libnvtx3_interop(\.so|\.a)
    /usr/local/bin/lib//libnvtx3_interop(\.so|\.a)
    /usr/local/bin/math_libs/13.2/lib64//libnvtx3_interop(\.so|\.a)
    /usr/local/bin/math_libs/lib64//libnvtx3_interop(\.so|\.a)
    /usr/local/bin//libnvtx3_interop(\.so|\.a)
    /usr/sbin/nvidia/current//libnvtx3_interop(\.so|\.a)
    /usr/sbin/lib64//libnvtx3_interop(\.so|\.a)
    /usr/sbin/lib//libnvtx3_interop(\.so|\.a)
    /usr/sbin/math_libs/13.2/lib64//libnvtx3_interop(\.so|\.a)
    /usr/sbin/math_libs/lib64//libnvtx3_interop(\.so|\.a)
    /usr/sbin//libnvtx3_interop(\.so|\.a)
    /usr/bin/nvidia/current//libnvtx3_interop(\.so|\.a)
    /usr/bin/lib64//libnvtx3_interop(\.so|\.a)
    /usr/bin/lib//libnvtx3_interop(\.so|\.a)
    /usr/bin/math_libs/13.2/lib64//libnvtx3_interop(\.so|\.a)
    /usr/bin/math_libs/lib64//libnvtx3_interop(\.so|\.a)
    /usr/bin//libnvtx3_interop(\.so|\.a)
    /sbin/nvidia/current//libnvtx3_interop(\.so|\.a)
    /sbin/lib64//libnvtx3_interop(\.so|\.a)
    /sbin/lib//libnvtx3_interop(\.so|\.a)
    /sbin/math_libs/13.2/lib64//libnvtx3_interop(\.so|\.a)
    /sbin/math_libs/lib64//libnvtx3_interop(\.so|\.a)
    /sbin//libnvtx3_interop(\.so|\.a)
    /bin/nvidia/current//libnvtx3_interop(\.so|\.a)
    /bin/lib64//libnvtx3_interop(\.so|\.a)
    /bin/lib//libnvtx3_interop(\.so|\.a)
    /bin/math_libs/13.2/lib64//libnvtx3_interop(\.so|\.a)
    /bin/math_libs/lib64//libnvtx3_interop(\.so|\.a)
    /bin//libnvtx3_interop(\.so|\.a)
    /usr/games/nvidia/current//libnvtx3_interop(\.so|\.a)
    /usr/games/lib64//libnvtx3_interop(\.so|\.a)
    /usr/games/lib//libnvtx3_interop(\.so|\.a)
    /usr/games/math_libs/13.2/lib64//libnvtx3_interop(\.so|\.a)
    /usr/games/math_libs/lib64//libnvtx3_interop(\.so|\.a)
    /usr/games//libnvtx3_interop(\.so|\.a)
    /usr/local/games/nvidia/current//libnvtx3_interop(\.so|\.a)
    /usr/local/games/lib64//libnvtx3_interop(\.so|\.a)
    /usr/local/games/lib//libnvtx3_interop(\.so|\.a)
    /usr/local/games/math_libs/13.2/lib64//libnvtx3_interop(\.so|\.a)
    /usr/local/games/math_libs/lib64//libnvtx3_interop(\.so|\.a)
    /usr/local/games//libnvtx3_interop(\.so|\.a)
    /snap/bin/nvidia/current//libnvtx3_interop(\.so|\.a)
    /snap/bin/lib64//libnvtx3_interop(\.so|\.a)
    /snap/bin/lib//libnvtx3_interop(\.so|\.a)
    /snap/bin/math_libs/13.2/lib64//libnvtx3_interop(\.so|\.a)
    /snap/bin/math_libs/lib64//libnvtx3_interop(\.so|\.a)
    /snap/bin//libnvtx3_interop(\.so|\.a)
    /usr/local/lib/x86_64-linux-gnu/nvidia/current//libnvtx3_interop(\.so|\.a)
    /usr/local/lib/x86_64-linux-gnu/lib64//libnvtx3_interop(\.so|\.a)
    /usr/local/lib/x86_64-linux-gnu/lib//libnvtx3_interop(\.so|\.a)
    /usr/local/lib/x86_64-linux-gnu/math_libs/13.2/lib64//libnvtx3_interop(\.so|\.a)
    /usr/local/lib/x86_64-linux-gnu/math_libs/lib64//libnvtx3_interop(\.so|\.a)
    /usr/local/lib/x86_64-linux-gnu//libnvtx3_interop(\.so|\.a)
    /usr/local/lib/nvidia/current//libnvtx3_interop(\.so|\.a)
    /usr/local/lib/lib64//libnvtx3_interop(\.so|\.a)
    /usr/local/lib/lib//libnvtx3_interop(\.so|\.a)
    /usr/local/lib/math_libs/13.2/lib64//libnvtx3_interop(\.so|\.a)
    /usr/local/lib/math_libs/lib64//libnvtx3_interop(\.so|\.a)
    /usr/local/lib//libnvtx3_interop(\.so|\.a)
    /usr/local/nvidia/current//libnvtx3_interop(\.so|\.a)
    /usr/local/lib64//libnvtx3_interop(\.so|\.a)
    /usr/local/lib//libnvtx3_interop(\.so|\.a)
    /usr/local/math_libs/13.2/lib64//libnvtx3_interop(\.so|\.a)
    /usr/local/math_libs/lib64//libnvtx3_interop(\.so|\.a)
    /usr/local//libnvtx3_interop(\.so|\.a)
    /usr/lib/x86_64-linux-gnu/nvidia/current//libnvtx3_interop(\.so|\.a)
    /usr/lib/x86_64-linux-gnu/lib64//libnvtx3_interop(\.so|\.a)
    /usr/lib/x86_64-linux-gnu/lib//libnvtx3_interop(\.so|\.a)
    /usr/lib/x86_64-linux-gnu/math_libs/13.2/lib64//libnvtx3_interop(\.so|\.a)
    /usr/lib/x86_64-linux-gnu/math_libs/lib64//libnvtx3_interop(\.so|\.a)
    /usr/lib/x86_64-linux-gnu//libnvtx3_interop(\.so|\.a)
    /usr/lib/nvidia/current//libnvtx3_interop(\.so|\.a)
    /usr/lib/lib64//libnvtx3_interop(\.so|\.a)
    /usr/lib/lib//libnvtx3_interop(\.so|\.a)
    /usr/lib/math_libs/13.2/lib64//libnvtx3_interop(\.so|\.a)
    /usr/lib/math_libs/lib64//libnvtx3_interop(\.so|\.a)
    /usr/lib//libnvtx3_interop(\.so|\.a)
    /usr/nvidia/current//libnvtx3_interop(\.so|\.a)
    /usr/lib64//libnvtx3_interop(\.so|\.a)
    /usr/lib//libnvtx3_interop(\.so|\.a)
    /usr/math_libs/13.2/lib64//libnvtx3_interop(\.so|\.a)
    /usr/math_libs/lib64//libnvtx3_interop(\.so|\.a)
    /usr//libnvtx3_interop(\.so|\.a)
    /lib/x86_64-linux-gnu/nvidia/current//libnvtx3_interop(\.so|\.a)
    /lib/x86_64-linux-gnu/lib64//libnvtx3_interop(\.so|\.a)
    /lib/x86_64-linux-gnu/lib//libnvtx3_interop(\.so|\.a)
    /lib/x86_64-linux-gnu/math_libs/13.2/lib64//libnvtx3_interop(\.so|\.a)
    /lib/x86_64-linux-gnu/math_libs/lib64//libnvtx3_interop(\.so|\.a)
    /lib/x86_64-linux-gnu//libnvtx3_interop(\.so|\.a)
    /lib/nvidia/current//libnvtx3_interop(\.so|\.a)
    /lib/lib64//libnvtx3_interop(\.so|\.a)
    /lib/lib//libnvtx3_interop(\.so|\.a)
    /lib/math_libs/13.2/lib64//libnvtx3_interop(\.so|\.a)
    /lib/math_libs/lib64//libnvtx3_interop(\.so|\.a)
    /lib//libnvtx3_interop(\.so|\.a)
    /home/gridtest/opt/cmake-4.4.0-linux-x86_64/lib/x86_64-linux-gnu/nvidia/current//libnvtx3_interop(\.so|\.a)
    /home/gridtest/opt/cmake-4.4.0-linux-x86_64/lib/x86_64-linux-gnu/lib64//libnvtx3_interop(\.so|\.a)
    /home/gridtest/opt/cmake-4.4.0-linux-x86_64/lib/x86_64-linux-gnu/lib//libnvtx3_interop(\.so|\.a)
    /home/gridtest/opt/cmake-4.4.0-linux-x86_64/lib/x86_64-linux-gnu/math_libs/13.2/lib64//libnvtx3_interop(\.so|\.a)
    /home/gridtest/opt/cmake-4.4.0-linux-x86_64/lib/x86_64-linux-gnu/math_libs/lib64//libnvtx3_interop(\.so|\.a)
    /home/gridtest/opt/cmake-4.4.0-linux-x86_64/lib/x86_64-linux-gnu//libnvtx3_interop(\.so|\.a)
    /home/gridtest/opt/cmake-4.4.0-linux-x86_64/lib/nvidia/current//libnvtx3_interop(\.so|\.a)
    /home/gridtest/opt/cmake-4.4.0-linux-x86_64/lib/lib64//libnvtx3_interop(\.so|\.a)
    /home/gridtest/opt/cmake-4.4.0-linux-x86_64/lib/lib//libnvtx3_interop(\.so|\.a)
    /home/gridtest/opt/cmake-4.4.0-linux-x86_64/lib/math_libs/13.2/lib64//libnvtx3_interop(\.so|\.a)
    /home/gridtest/opt/cmake-4.4.0-linux-x86_64/lib/math_libs/lib64//libnvtx3_interop(\.so|\.a)
    /home/gridtest/opt/cmake-4.4.0-linux-x86_64/lib//libnvtx3_interop(\.so|\.a)
    /home/gridtest/opt/cmake-4.4.0-linux-x86_64/nvidia/current//libnvtx3_interop(\.so|\.a)
    /home/gridtest/opt/cmake-4.4.0-linux-x86_64/lib64//libnvtx3_interop(\.so|\.a)
    /home/gridtest/opt/cmake-4.4.0-linux-x86_64/lib//libnvtx3_interop(\.so|\.a)
    /home/gridtest/opt/cmake-4.4.0-linux-x86_64/math_libs/13.2/lib64//libnvtx3_interop(\.so|\.a)
    /home/gridtest/opt/cmake-4.4.0-linux-x86_64/math_libs/lib64//libnvtx3_interop(\.so|\.a)
    /home/gridtest/opt/cmake-4.4.0-linux-x86_64//libnvtx3_interop(\.so|\.a)
    /usr/X11R6/lib/x86_64-linux-gnu/nvidia/current//libnvtx3_interop(\.so|\.a)
    /usr/X11R6/lib/x86_64-linux-gnu/lib64//libnvtx3_interop(\.so|\.a)
    /usr/X11R6/lib/x86_64-linux-gnu/lib//libnvtx3_interop(\.so|\.a)
    /usr/X11R6/lib/x86_64-linux-gnu/math_libs/13.2/lib64//libnvtx3_interop(\.so|\.a)
    /usr/X11R6/lib/x86_64-linux-gnu/math_libs/lib64//libnvtx3_interop(\.so|\.a)
    /usr/X11R6/lib/x86_64-linux-gnu//libnvtx3_interop(\.so|\.a)
    /usr/X11R6/lib/nvidia/current//libnvtx3_interop(\.so|\.a)
    /usr/X11R6/lib/lib64//libnvtx3_interop(\.so|\.a)
    /usr/X11R6/lib/lib//libnvtx3_interop(\.so|\.a)
    /usr/X11R6/lib/math_libs/13.2/lib64//libnvtx3_interop(\.so|\.a)
    /usr/X11R6/lib/math_libs/lib64//libnvtx3_interop(\.so|\.a)
    /usr/X11R6/lib//libnvtx3_interop(\.so|\.a)
    /usr/X11R6/nvidia/current//libnvtx3_interop(\.so|\.a)
    /usr/X11R6/lib64//libnvtx3_interop(\.so|\.a)
    /usr/X11R6/lib//libnvtx3_interop(\.so|\.a)
    /usr/X11R6/math_libs/13.2/lib64//libnvtx3_interop(\.so|\.a)
    /usr/X11R6/math_libs/lib64//libnvtx3_interop(\.so|\.a)
    /usr/X11R6//libnvtx3_interop(\.so|\.a)
    /usr/pkg/lib/x86_64-linux-gnu/nvidia/current//libnvtx3_interop(\.so|\.a)
    /usr/pkg/lib/x86_64-linux-gnu/lib64//libnvtx3_interop(\.so|\.a)
    /usr/pkg/lib/x86_64-linux-gnu/lib//libnvtx3_interop(\.so|\.a)
    /usr/pkg/lib/x86_64-linux-gnu/math_libs/13.2/lib64//libnvtx3_interop(\.so|\.a)
    /usr/pkg/lib/x86_64-linux-gnu/math_libs/lib64//libnvtx3_interop(\.so|\.a)
    /usr/pkg/lib/x86_64-linux-gnu//libnvtx3_interop(\.so|\.a)
    /usr/pkg/lib/nvidia/current//libnvtx3_interop(\.so|\.a)
    /usr/pkg/lib/lib64//libnvtx3_interop(\.so|\.a)
    /usr/pkg/lib/lib//libnvtx3_interop(\.so|\.a)
    /usr/pkg/lib/math_libs/13.2/lib64//libnvtx3_interop(\.so|\.a)
    /usr/pkg/lib/math_libs/lib64//libnvtx3_interop(\.so|\.a)
    /usr/pkg/lib//libnvtx3_interop(\.so|\.a)
    /usr/pkg/nvidia/current//libnvtx3_interop(\.so|\.a)
    /usr/pkg/lib64//libnvtx3_interop(\.so|\.a)
    /usr/pkg/lib//libnvtx3_interop(\.so|\.a)
    /usr/pkg/math_libs/13.2/lib64//libnvtx3_interop(\.so|\.a)
    /usr/pkg/math_libs/lib64//libnvtx3_interop(\.so|\.a)
    /usr/pkg//libnvtx3_interop(\.so|\.a)
    /opt/lib/x86_64-linux-gnu/nvidia/current//libnvtx3_interop(\.so|\.a)
    /opt/lib/x86_64-linux-gnu/lib64//libnvtx3_interop(\.so|\.a)
    /opt/lib/x86_64-linux-gnu/lib//libnvtx3_interop(\.so|\.a)
    /opt/lib/x86_64-linux-gnu/math_libs/13.2/lib64//libnvtx3_interop(\.so|\.a)
    /opt/lib/x86_64-linux-gnu/math_libs/lib64//libnvtx3_interop(\.so|\.a)
    /opt/lib/x86_64-linux-gnu//libnvtx3_interop(\.so|\.a)
    /opt/lib/nvidia/current//libnvtx3_interop(\.so|\.a)
    /opt/lib/lib64//libnvtx3_interop(\.so|\.a)
    /opt/lib/lib//libnvtx3_interop(\.so|\.a)
    /opt/lib/math_libs/13.2/lib64//libnvtx3_interop(\.so|\.a)
    /opt/lib/math_libs/lib64//libnvtx3_interop(\.so|\.a)
    /opt/lib//libnvtx3_interop(\.so|\.a)
    /opt/nvidia/current//libnvtx3_interop(\.so|\.a)
    /opt/lib64//libnvtx3_interop(\.so|\.a)
    /opt/lib//libnvtx3_interop(\.so|\.a)
    /opt/math_libs/13.2/lib64//libnvtx3_interop(\.so|\.a)
    /opt/math_libs/lib64//libnvtx3_interop(\.so|\.a)
    /opt//libnvtx3_interop(\.so|\.a)
    /usr/lib/X11/nvidia/current//libnvtx3_interop(\.so|\.a)
    /usr/lib/X11/lib64//libnvtx3_interop(\.so|\.a)
    /usr/lib/X11/lib//libnvtx3_interop(\.so|\.a)
    /usr/lib/X11/math_libs/13.2/lib64//libnvtx3_interop(\.so|\.a)
    /usr/lib/X11/math_libs/lib64//libnvtx3_interop(\.so|\.a)
    /usr/lib/X11//libnvtx3_interop(\.so|\.a)
    /usr/local/cuda-13.2/targets/x86_64-linux/lib/nvidia/current//libnvtx3interop(\.so|\.a)
    /usr/local/cuda-13.2/targets/x86_64-linux/lib/lib64//libnvtx3interop(\.so|\.a)
    /usr/local/cuda-13.2/targets/x86_64-linux/lib/lib//libnvtx3interop(\.so|\.a)
    /usr/local/cuda-13.2/targets/x86_64-linux/lib/math_libs/13.2/lib64//libnvtx3interop(\.so|\.a)
    /usr/local/cuda-13.2/targets/x86_64-linux/lib/math_libs/lib64//libnvtx3interop(\.so|\.a)

  The item was found at

    /usr/local/cuda-13.2/targets/x86_64-linux/lib/libnvtx3interop.so

Call Stack (most recent call first):
  /home/gridtest/opt/cmake-4.4.0-linux-x86_64/share/cmake-4.4/Modules/FindCUDAToolkit.cmake:1533 (_CUDAToolkit_find_and_add_import_lib)
  CMakeLists.txt:4 (find_package)


CMake Debug Log at /home/gridtest/opt/cmake-4.4.0-linux-x86_64/share/cmake-4.4/Modules/FindCUDAToolkit.cmake:1283 (find_library):
  find_library called with the following settings:

    VAR: CUDA_OpenCL_LIBRARY
    NAMES: "OpenCL"
    Documentation: Path to a library.
    Framework
      Only Search Frameworks: 0
      Search Frameworks Last: 0
      Search Frameworks First: 0
    AppBundle
      Only Search AppBundle: 0
      Search AppBundle Last: 0
      Search AppBundle First: 0
    CMAKE_FIND_USE_CMAKE_PATH: 1
    CMAKE_FIND_USE_CMAKE_ENVIRONMENT_PATH: 1
    CMAKE_FIND_USE_SYSTEM_ENVIRONMENT_PATH: 1
    CMAKE_FIND_USE_CMAKE_SYSTEM_PATH: 1
    CMAKE_FIND_USE_INSTALL_PREFIX: 1

  find_library considered the following locations:

    /usr/local/cuda-13.2/targets/x86_64-linux/lib/nvidia/current//libOpenCL(\.so|\.a)
    /usr/local/cuda-13.2/targets/x86_64-linux/lib/lib64//libOpenCL(\.so|\.a)
    /usr/local/cuda-13.2/targets/x86_64-linux/lib/lib//libOpenCL(\.so|\.a)
    /usr/local/cuda-13.2/targets/x86_64-linux/lib/math_libs/13.2/lib64//libOpenCL(\.so|\.a)
    /usr/local/cuda-13.2/targets/x86_64-linux/lib/math_libs/lib64//libOpenCL(\.so|\.a)

  The item was found at

    /usr/local/cuda-13.2/targets/x86_64-linux/lib/libOpenCL.so

Call Stack (most recent call first):
  /home/gridtest/opt/cmake-4.4.0-linux-x86_64/share/cmake-4.4/Modules/FindCUDAToolkit.cmake:1561 (_CUDAToolkit_find_and_add_import_lib)
  CMakeLists.txt:4 (find_package)


CMake Debug Log at /home/gridtest/opt/cmake-4.4.0-linux-x86_64/share/cmake-4.4/Modules/FindCUDAToolkit.cmake:1563 (find_program):
  find_program called with the following settings:

    VAR: CUDA_bin2c_EXECUTABLE
    NAMES: "bin2c"
    Documentation: Path to a program.
    Framework
      Only Search Frameworks: 0
      Search Frameworks Last: 0
      Search Frameworks First: 0
    AppBundle
      Only Search AppBundle: 0
      Search AppBundle Last: 0
      Search AppBundle First: 0
    NO_DEFAULT_PATH Enabled

  find_program considered the following locations:

  The item was found at

    /usr/local/cuda-13.2/bin/bin2c

Call Stack (most recent call first):
  CMakeLists.txt:4 (find_package)


CMake Debug Log at /home/gridtest/opt/cmake-4.4.0-linux-x86_64/share/cmake-4.4/Modules/FindCUDAToolkit.cmake:1283 (find_library):
  find_library called with the following settings:

    VAR: CUDA_sanitizer_LIBRARY
    NAMES: "sanitizer-public"
    Documentation: Path to a library.
    Framework
      Only Search Frameworks: 0
      Search Frameworks Last: 0
      Search Frameworks First: 0
    AppBundle
      Only Search AppBundle: 0
      Search AppBundle Last: 0
      Search AppBundle First: 0
    CMAKE_FIND_USE_CMAKE_PATH: 1
    CMAKE_FIND_USE_CMAKE_ENVIRONMENT_PATH: 1
    CMAKE_FIND_USE_SYSTEM_ENVIRONMENT_PATH: 1
    CMAKE_FIND_USE_CMAKE_SYSTEM_PATH: 1
    CMAKE_FIND_USE_INSTALL_PREFIX: 1

  find_library considered the following locations:

    /usr/local/cuda-13.2/targets/x86_64-linux/lib/nvidia/current//libsanitizer-public(\.so|\.a)
    /usr/local/cuda-13.2/targets/x86_64-linux/lib/lib64//libsanitizer-public(\.so|\.a)
    /usr/local/cuda-13.2/targets/x86_64-linux/lib/lib//libsanitizer-public(\.so|\.a)
    /usr/local/cuda-13.2/targets/x86_64-linux/lib/math_libs/13.2/lib64//libsanitizer-public(\.so|\.a)
    /usr/local/cuda-13.2/targets/x86_64-linux/lib/math_libs/lib64//libsanitizer-public(\.so|\.a)
    /usr/local/cuda-13.2/targets/x86_64-linux/lib/../compute-sanitizer//libsanitizer-public(\.so|\.a)

  The item was found at

    /usr/local/cuda-13.2/compute-sanitizer/libsanitizer-public.so

Call Stack (most recent call first):
  /home/gridtest/opt/cmake-4.4.0-linux-x86_64/share/cmake-4.4/Modules/FindCUDAToolkit.cmake:1574 (_CUDAToolkit_find_and_add_import_lib)
  CMakeLists.txt:4 (find_package)


CMake Debug Log at /home/gridtest/opt/cmake-4.4.0-linux-x86_64/share/cmake-4.4/Modules/FindCUDAToolkit.cmake:1283 (find_library):
  find_library called with the following settings:

    VAR: CUDA_cufilt_LIBRARY
    NAMES: "cufilt"
    Documentation: Path to a library.
    Framework
      Only Search Frameworks: 0
      Search Frameworks Last: 0
      Search Frameworks First: 0
    AppBundle
      Only Search AppBundle: 0
      Search AppBundle Last: 0
      Search AppBundle First: 0
    CMAKE_FIND_USE_CMAKE_PATH: 1
    CMAKE_FIND_USE_CMAKE_ENVIRONMENT_PATH: 1
    CMAKE_FIND_USE_SYSTEM_ENVIRONMENT_PATH: 1
    CMAKE_FIND_USE_CMAKE_SYSTEM_PATH: 1
    CMAKE_FIND_USE_INSTALL_PREFIX: 1

  find_library considered the following locations:

    /usr/local/cuda-13.2/targets/x86_64-linux/lib/nvidia/current//libcufilt(\.so|\.a)
    /usr/local/cuda-13.2/targets/x86_64-linux/lib/lib64//libcufilt(\.so|\.a)
    /usr/local/cuda-13.2/targets/x86_64-linux/lib/lib//libcufilt(\.so|\.a)
    /usr/local/cuda-13.2/targets/x86_64-linux/lib/math_libs/13.2/lib64//libcufilt(\.so|\.a)
    /usr/local/cuda-13.2/targets/x86_64-linux/lib/math_libs/lib64//libcufilt(\.so|\.a)

  The item was found at

    /usr/local/cuda-13.2/targets/x86_64-linux/lib/libcufilt.a

Call Stack (most recent call first):
  /home/gridtest/opt/cmake-4.4.0-linux-x86_64/share/cmake-4.4/Modules/FindCUDAToolkit.cmake:1595 (_CUDAToolkit_find_and_add_import_lib)
  CMakeLists.txt:4 (find_package)


CMake Debug Log at CMakeLists.txt:4 (find_package):
  find_package considered the following paths for FindCUDAToolkit.cmake:

  The file was found at

    /home/gridtest/opt/cmake-4.4.0-linux-x86_64/share/cmake-4.4/Modules/FindCUDAToolkit.cmake



CMake Debug Log at /home/gridtest/opt/cmake-4.4.0-linux-x86_64/share/cmake-4.4/Modules/FindPkgConfig.cmake:517 (find_program):
  find_program called with the following settings:

    VAR: PKG_CONFIG_EXECUTABLE
    NAMES: "pkg-config"
           "pkgconf"
    Documentation: pkg-config executable
    Framework
      Only Search Frameworks: 0
      Search Frameworks Last: 0
      Search Frameworks First: 0
    AppBundle
      Only Search AppBundle: 0
      Search AppBundle Last: 0
      Search AppBundle First: 0
    CMAKE_FIND_USE_CMAKE_PATH: 1
    CMAKE_FIND_USE_CMAKE_ENVIRONMENT_PATH: 1
    CMAKE_FIND_USE_SYSTEM_ENVIRONMENT_PATH: 1
    CMAKE_FIND_USE_CMAKE_SYSTEM_PATH: 1
    CMAKE_FIND_USE_INSTALL_PREFIX: 1

  find_program considered the following locations:

    /home/gridtest/opt/openmpi-5.0.10/bin/pkg-config
    /home/gridtest/opt/openmpi-5.0.10/bin/pkgconf
    /home/gridtest/opt/cmake-4.4.0-linux-x86_64/bin/pkg-config
    /home/gridtest/opt/cmake-4.4.0-linux-x86_64/bin/pkgconf
    /usr/local/cuda-13.2/bin/pkg-config
    /usr/local/cuda-13.2/bin/pkgconf
    /usr/local/sbin/pkg-config
    /usr/local/sbin/pkgconf
    /usr/local/bin/pkg-config
    /usr/local/bin/pkgconf
    /usr/sbin/pkg-config
    /usr/sbin/pkgconf
    /usr/bin/pkg-config
    /usr/bin/pkgconf
    /sbin/pkg-config
    /sbin/pkgconf
    /bin/pkg-config
    /bin/pkgconf
    /usr/games/pkg-config
    /usr/games/pkgconf
    /usr/local/games/pkg-config
    /usr/local/games/pkgconf
    /snap/bin/pkg-config
    /snap/bin/pkgconf
    /usr/local/bin/pkg-config
    /usr/local/bin/pkgconf
    /usr/local/sbin/pkg-config
    /usr/local/sbin/pkgconf
    /usr/local/pkg-config
    /usr/local/pkgconf
    /usr/bin/pkg-config
    /usr/bin/pkgconf
    /usr/sbin/pkg-config
    /usr/sbin/pkgconf
    /usr/pkg-config
    /usr/pkgconf
    /bin/pkg-config
    /bin/pkgconf
    /sbin/pkg-config
    /sbin/pkgconf
    /home/gridtest/opt/cmake-4.4.0-linux-x86_64/bin/pkg-config
    /home/gridtest/opt/cmake-4.4.0-linux-x86_64/bin/pkgconf
    /home/gridtest/opt/cmake-4.4.0-linux-x86_64/sbin/pkg-config
    /home/gridtest/opt/cmake-4.4.0-linux-x86_64/sbin/pkgconf
    /home/gridtest/opt/cmake-4.4.0-linux-x86_64/pkg-config
    /home/gridtest/opt/cmake-4.4.0-linux-x86_64/pkgconf
    /usr/X11R6/bin/pkg-config
    /usr/X11R6/bin/pkgconf
    /usr/X11R6/sbin/pkg-config
    /usr/X11R6/sbin/pkgconf
    /usr/X11R6/pkg-config
    /usr/X11R6/pkgconf
    /usr/pkg/bin/pkg-config
    /usr/pkg/bin/pkgconf
    /usr/pkg/sbin/pkg-config
    /usr/pkg/sbin/pkgconf
    /usr/pkg/pkg-config
    /usr/pkg/pkgconf
    /opt/bin/pkg-config
    /opt/bin/pkgconf
    /opt/sbin/pkg-config
    /opt/sbin/pkgconf
    /opt/pkg-config
    /opt/pkgconf

  The item was not found.

Call Stack (most recent call first):
  /home/gridtest/opt/cmake-4.4.0-linux-x86_64/share/cmake-4.4/Modules/FindMPI.cmake:431 (find_package)
  CMakeLists.txt:5 (find_package)


CMake Debug Log at /home/gridtest/opt/cmake-4.4.0-linux-x86_64/share/cmake-4.4/Modules/FindMPI.cmake:431 (find_package):
  find_package considered the following paths for FindPkgConfig.cmake:

  The file was found at

    /home/gridtest/opt/cmake-4.4.0-linux-x86_64/share/cmake-4.4/Modules/FindPkgConfig.cmake

  The module is considered not found due to PkgConfig_FOUND being FALSE.
Call Stack (most recent call first):
  CMakeLists.txt:5 (find_package)


CMake Debug Log at /home/gridtest/opt/cmake-4.4.0-linux-x86_64/share/cmake-4.4/Modules/FindMPI.cmake:1535 (find_program):
  find_program called with the following settings:

    VAR: MPIEXEC_EXECUTABLE
    NAMES: "mpiexec"
           "mpiexec.hydra"
           "mpiexec.mpd"
           "mpirun"
           "lamexec"
           "srun"
    Documentation: Executable for running MPI programs.
    Framework
      Only Search Frameworks: 0
      Search Frameworks Last: 0
      Search Frameworks First: 0
    AppBundle
      Only Search AppBundle: 0
      Search AppBundle Last: 0
      Search AppBundle First: 0
    CMAKE_FIND_USE_CMAKE_PATH: 1
    CMAKE_FIND_USE_CMAKE_ENVIRONMENT_PATH: 1
    CMAKE_FIND_USE_SYSTEM_ENVIRONMENT_PATH: 1
    CMAKE_FIND_USE_CMAKE_SYSTEM_PATH: 1
    CMAKE_FIND_USE_INSTALL_PREFIX: 1

  find_program considered the following locations:

  The item was found at

    /home/gridtest/opt/openmpi-5.0.10/bin/mpiexec

Call Stack (most recent call first):
  CMakeLists.txt:5 (find_package)


CMake Debug Log at /home/gridtest/opt/cmake-4.4.0-linux-x86_64/share/cmake-4.4/Modules/FindMPI.cmake:1686 (find_program):
  find_program called with the following settings:

    VAR: MPI_CXX_COMPILER
    NAMES: "mpig++"
           "mpg++"
           "mpig++_r"
           "mpg++_r"
           "mpigxx"
           "mpicxx"
           "mpiCC"
           "mpcxx"
           "mpCC"
           "mpic++"
           "mpc++"
           "mpicxx_r"
           "mpiCC_r"
           "mpcxx_r"
           "mpCC_r"
           "mpic++_r"
           "mpc++_r"
    Documentation: MPI compiler for CXX
    Framework
      Only Search Frameworks: 0
      Search Frameworks Last: 0
      Search Frameworks First: 0
    AppBundle
      Only Search AppBundle: 0
      Search AppBundle Last: 0
      Search AppBundle First: 0
    NO_DEFAULT_PATH Enabled

  find_program considered the following locations:

    /home/gridtest/opt/openmpi-5.0.10/bin/mpig++
    /home/gridtest/opt/openmpi-5.0.10/sbin/mpig++
    /home/gridtest/opt/openmpi-5.0.10/mpig++
    /home/gridtest/opt/openmpi-5.0.10/bin/mpg++
    /home/gridtest/opt/openmpi-5.0.10/sbin/mpg++
    /home/gridtest/opt/openmpi-5.0.10/mpg++
    /home/gridtest/opt/openmpi-5.0.10/bin/mpig++_r
    /home/gridtest/opt/openmpi-5.0.10/sbin/mpig++_r
    /home/gridtest/opt/openmpi-5.0.10/mpig++_r
    /home/gridtest/opt/openmpi-5.0.10/bin/mpg++_r
    /home/gridtest/opt/openmpi-5.0.10/sbin/mpg++_r
    /home/gridtest/opt/openmpi-5.0.10/mpg++_r
    /home/gridtest/opt/openmpi-5.0.10/bin/mpigxx
    /home/gridtest/opt/openmpi-5.0.10/sbin/mpigxx
    /home/gridtest/opt/openmpi-5.0.10/mpigxx

  The item was found at

    /home/gridtest/opt/openmpi-5.0.10/bin/mpicxx

Call Stack (most recent call first):
  CMakeLists.txt:5 (find_package)


CMake Debug Log at /home/gridtest/opt/cmake-4.4.0-linux-x86_64/share/cmake-4.4/Modules/FindMPI.cmake:1697 (find_program):
  find_program called with the following settings:

    VAR: MPI_CXX_COMPILER
    NAMES: 
    Documentation: MPI compiler for CXX
    Framework
      Only Search Frameworks: 0
      Search Frameworks Last: 0
      Search Frameworks First: 0
    AppBundle
      Only Search AppBundle: 0
      Search AppBundle Last: 0
      Search AppBundle First: 0
    CMAKE_FIND_USE_CMAKE_PATH: 1
    CMAKE_FIND_USE_CMAKE_ENVIRONMENT_PATH: 1
    CMAKE_FIND_USE_SYSTEM_ENVIRONMENT_PATH: 1
    CMAKE_FIND_USE_CMAKE_SYSTEM_PATH: 1
    CMAKE_FIND_USE_INSTALL_PREFIX: 1

  find_program considered the following locations:

  The item was found at

    /home/gridtest/opt/openmpi-5.0.10/bin/mpicxx

Call Stack (most recent call first):
  CMakeLists.txt:5 (find_package)


CMake Debug Log at /home/gridtest/opt/cmake-4.4.0-linux-x86_64/share/cmake-4.4/Modules/FindMPI.cmake:997 (find_library):
  find_library called with the following settings:

    VAR: MPI_mpi_LIBRARY
    NAMES: "mpi"
           "libmpi"
    Documentation: Location of the mpi library for MPI
    Framework
      Only Search Frameworks: 0
      Search Frameworks Last: 0
      Search Frameworks First: 0
    AppBundle
      Only Search AppBundle: 0
      Search AppBundle Last: 0
      Search AppBundle First: 0
    CMAKE_FIND_USE_CMAKE_PATH: 1
    CMAKE_FIND_USE_CMAKE_ENVIRONMENT_PATH: 1
    CMAKE_FIND_USE_SYSTEM_ENVIRONMENT_PATH: 1
    CMAKE_FIND_USE_CMAKE_SYSTEM_PATH: 1
    CMAKE_FIND_USE_INSTALL_PREFIX: 1

  find_library considered the following locations:

  The item was found at

    /home/gridtest/opt/openmpi-5.0.10/lib/libmpi.so

Call Stack (most recent call first):
  /home/gridtest/opt/cmake-4.4.0-linux-x86_64/share/cmake-4.4/Modules/FindMPI.cmake:1722 (_MPI_interrogate_compiler)
  CMakeLists.txt:5 (find_package)


CMake Debug Log at /home/gridtest/opt/cmake-4.4.0-linux-x86_64/share/cmake-4.4/Modules/FindMPI.cmake:1329 (find_path):
  find_path called with the following settings:

    VAR: MPI_CXX_HEADER_DIR
    NAMES: "mpi.h"
    Documentation: Path to a file.
    Framework
      Only Search Frameworks: 0
      Search Frameworks Last: 0
      Search Frameworks First: 0
    AppBundle
      Only Search AppBundle: 0
      Search AppBundle Last: 0
      Search AppBundle First: 0
    CMAKE_FIND_USE_CMAKE_PATH: 1
    CMAKE_FIND_USE_CMAKE_ENVIRONMENT_PATH: 1
    CMAKE_FIND_USE_SYSTEM_ENVIRONMENT_PATH: 1
    CMAKE_FIND_USE_CMAKE_SYSTEM_PATH: 1
    CMAKE_FIND_USE_INSTALL_PREFIX: 1

  find_path considered the following locations:

  The item was found at

    /home/gridtest/opt/openmpi-5.0.10/include/

Call Stack (most recent call first):
  /home/gridtest/opt/cmake-4.4.0-linux-x86_64/share/cmake-4.4/Modules/FindMPI.cmake:1803 (_MPI_split_include_dirs)
  CMakeLists.txt:5 (find_package)


-- Found MPI_CXX: /home/gridtest/opt/openmpi-5.0.10/lib/libmpi.so (found version "3.1")
-- Found MPI: TRUE (found version "3.1")
CMake Debug Log at CMakeLists.txt:5 (find_package):
  find_package considered the following paths for FindMPI.cmake:

  The file was found at

    /home/gridtest/opt/cmake-4.4.0-linux-x86_64/share/cmake-4.4/Modules/FindMPI.cmake



CMake Debug Log at CMakeLists.txt:20 (find_path):
  find_path called with the following settings:

    VAR: NCCL_INCLUDE_DIR
    NAMES: "nccl.h"
    Documentation: Path to a file.
    Framework
      Only Search Frameworks: 0
      Search Frameworks Last: 0
      Search Frameworks First: 0
    AppBundle
      Only Search AppBundle: 0
      Search AppBundle Last: 0
      Search AppBundle First: 0
    NO_DEFAULT_PATH Enabled

  find_path considered the following locations:

  The item was found at

    /home/gridtest/opt/nccl-2.31.2/usr/include/



CMake Debug Log at CMakeLists.txt:28 (find_library):
  find_library called with the following settings:

    VAR: NCCL_LIBRARY
    NAMES: "nccl"
    Documentation: Path to a library.
    Framework
      Only Search Frameworks: 0
      Search Frameworks Last: 0
      Search Frameworks First: 0
    AppBundle
      Only Search AppBundle: 0
      Search AppBundle Last: 0
      Search AppBundle First: 0
    NO_DEFAULT_PATH Enabled

  find_library considered the following locations:

    /home/gridtest/opt/nccl-2.31.2/usr/lib//libnccl(\.so|\.a)
    /home/gridtest/opt/nccl-2.31.2/usr/lib64//libnccl(\.so|\.a)
    /home/gridtest/opt/nccl-2.31.2/usr/lib/x86_64-linux-gnu//libnccl(\.so|\.a)

  The item was not found.



CMake Error at CMakeLists.txt:44 (message):
  NCCL library not found under NCCL_ROOT=/home/gridtest/opt/nccl-2.31.2/usr


-- Configuring incomplete, errors occurred!
